{
    "name": "00510_materizlized_view_and_deduplication_zookeeper.sql",
    "tests": [
        {
            "query": "-- Tags: zookeeper, no-ordinary-database, no-parallel\n-- Tag no-parallel: static UUID\n\nDROP TABLE IF EXISTS with_deduplication;",
            "name": "00510_materizlized_view_and_deduplication_zookeeper.sql"
        },
        {
            "query": "\nDROP TABLE IF EXISTS without_deduplication;",
            "name": "00510_materizlized_view_and_deduplication_zookeeper.sql"
        },
        {
            "query": "\nDROP TABLE IF EXISTS with_deduplication_mv;",
            "name": "00510_materizlized_view_and_deduplication_zookeeper.sql"
        },
        {
            "query": "\nDROP TABLE IF EXISTS without_deduplication_mv;",
            "name": "00510_materizlized_view_and_deduplication_zookeeper.sql"
        },
        {
            "query": "\n\nCREATE TABLE with_deduplication(x UInt32)\n    ENGINE ReplicatedMergeTree('/clickhouse/tables/{database}/test_00510/with_deduplication', 'r1') ORDER BY x;",
            "name": "00510_materizlized_view_and_deduplication_zookeeper.sql"
        },
        {
            "query": "\nCREATE TABLE without_deduplication(x UInt32)\n    ENGINE ReplicatedMergeTree('/clickhouse/tables/{database}/test_00510/without_deduplication', 'r1') ORDER BY x SETTINGS replicated_deduplication_window = 0;",
            "name": "00510_materizlized_view_and_deduplication_zookeeper.sql"
        },
        {
            "query": "\n\nCREATE MATERIALIZED VIEW with_deduplication_mv UUID '00000510-1000-4000-8000-000000000001'\n    ENGINE = ReplicatedAggregatingMergeTree('/clickhouse/tables/{database}/test_00510/with_deduplication_mv', 'r1') ORDER BY dummy\n    AS SELECT 0 AS dummy, countState(x) AS cnt FROM with_deduplication;",
            "name": "00510_materizlized_view_and_deduplication_zookeeper.sql"
        },
        {
            "query": "\nCREATE MATERIALIZED VIEW without_deduplication_mv UUID '00000510-1000-4000-8000-000000000002'\n    ENGINE = ReplicatedAggregatingMergeTree('/clickhouse/tables/{database}/test_00510/without_deduplication_mv', 'r1') ORDER BY dummy\n    AS SELECT 0 AS dummy, countState(x) AS cnt FROM without_deduplication;",
            "name": "00510_materizlized_view_and_deduplication_zookeeper.sql"
        },
        {
            "query": "\n\nINSERT INTO with_deduplication VALUES (42);",
            "name": "00510_materizlized_view_and_deduplication_zookeeper.sql"
        },
        {
            "query": "\nINSERT INTO with_deduplication VALUES (42);",
            "name": "00510_materizlized_view_and_deduplication_zookeeper.sql"
        },
        {
            "query": "\nINSERT INTO with_deduplication VALUES (43);",
            "name": "00510_materizlized_view_and_deduplication_zookeeper.sql"
        },
        {
            "query": "\n\nINSERT INTO without_deduplication VALUES (42);",
            "name": "00510_materizlized_view_and_deduplication_zookeeper.sql"
        },
        {
            "query": "\nINSERT INTO without_deduplication VALUES (42);",
            "name": "00510_materizlized_view_and_deduplication_zookeeper.sql"
        },
        {
            "query": "\nINSERT INTO without_deduplication VALUES (43);",
            "name": "00510_materizlized_view_and_deduplication_zookeeper.sql"
        },
        {
            "query": "\n\nSELECT count() FROM with_deduplication;",
            "name": "00510_materizlized_view_and_deduplication_zookeeper.sql"
        },
        {
            "query": "\nSELECT count() FROM without_deduplication;",
            "name": "00510_materizlized_view_and_deduplication_zookeeper.sql"
        },
        {
            "query": "\n\n-- Implicit insert isn't deduplicated\nSELECT '';",
            "name": "00510_materizlized_view_and_deduplication_zookeeper.sql"
        },
        {
            "query": "\nSELECT countMerge(cnt) FROM with_deduplication_mv;",
            "name": "00510_materizlized_view_and_deduplication_zookeeper.sql"
        },
        {
            "query": "\nSELECT countMerge(cnt) FROM without_deduplication_mv;",
            "name": "00510_materizlized_view_and_deduplication_zookeeper.sql"
        },
        {
            "query": "\n\n-- Explicit insert is deduplicated\nALTER TABLE `.inner_id.00000510-1000-4000-8000-000000000001` DROP PARTITION ID 'all';",
            "name": "00510_materizlized_view_and_deduplication_zookeeper.sql"
        },
        {
            "query": "\nALTER TABLE `.inner_id.00000510-1000-4000-8000-000000000002` DROP PARTITION ID 'all';",
            "name": "00510_materizlized_view_and_deduplication_zookeeper.sql"
        },
        {
            "query": "\nINSERT INTO `.inner_id.00000510-1000-4000-8000-000000000001` SELECT 0 AS dummy, arrayReduce('countState', [toUInt32(42)]) AS cnt;",
            "name": "00510_materizlized_view_and_deduplication_zookeeper.sql"
        },
        {
            "query": "\nINSERT INTO `.inner_id.00000510-1000-4000-8000-000000000001` SELECT 0 AS dummy, arrayReduce('countState', [toUInt32(42)]) AS cnt;",
            "name": "00510_materizlized_view_and_deduplication_zookeeper.sql"
        },
        {
            "query": "\nINSERT INTO `.inner_id.00000510-1000-4000-8000-000000000002` SELECT 0 AS dummy, arrayReduce('countState', [toUInt32(42)]) AS cnt;",
            "name": "00510_materizlized_view_and_deduplication_zookeeper.sql"
        },
        {
            "query": "\nINSERT INTO `.inner_id.00000510-1000-4000-8000-000000000002` SELECT 0 AS dummy, arrayReduce('countState', [toUInt32(42)]) AS cnt;",
            "name": "00510_materizlized_view_and_deduplication_zookeeper.sql"
        },
        {
            "query": "\n\nSELECT '';",
            "name": "00510_materizlized_view_and_deduplication_zookeeper.sql"
        },
        {
            "query": "\nSELECT countMerge(cnt) FROM with_deduplication_mv;",
            "name": "00510_materizlized_view_and_deduplication_zookeeper.sql"
        },
        {
            "query": "\nSELECT countMerge(cnt) FROM without_deduplication_mv;",
            "name": "00510_materizlized_view_and_deduplication_zookeeper.sql"
        },
        {
            "query": "\n\nDROP TABLE IF EXISTS with_deduplication;",
            "name": "00510_materizlized_view_and_deduplication_zookeeper.sql"
        },
        {
            "query": "\nDROP TABLE IF EXISTS without_deduplication;",
            "name": "00510_materizlized_view_and_deduplication_zookeeper.sql"
        },
        {
            "query": "\nDROP TABLE IF EXISTS with_deduplication_mv;",
            "name": "00510_materizlized_view_and_deduplication_zookeeper.sql"
        },
        {
            "query": "\nDROP TABLE IF EXISTS without_deduplication_mv;",
            "name": "00510_materizlized_view_and_deduplication_zookeeper.sql"
        }
    ]
}