{
    "name": "02539_vertical_merge_compact_parts.sql",
    "tests": [
        {
            "query": "DROP TABLE IF EXISTS t_compact_vertical_merge;",
            "name": "02539_vertical_merge_compact_parts.sql"
        },
        {
            "query": "\n\nCREATE TABLE t_compact_vertical_merge (id UInt64, s LowCardinality(String), arr Array(UInt64))\nENGINE MergeTree ORDER BY id\nSETTINGS\n    index_granularity = 16,\n    min_bytes_for_wide_part = 0,\n    min_rows_for_wide_part = 100,\n    vertical_merge_algorithm_min_rows_to_activate = 1,\n    vertical_merge_algorithm_min_columns_to_activate = 1,\n    allow_vertical_merges_from_compact_to_wide_parts = 1;",
            "name": "02539_vertical_merge_compact_parts.sql"
        },
        {
            "query": "\n\nINSERT INTO t_compact_vertical_merge SELECT number, toString(number), range(number % 10) FROM numbers(40);",
            "name": "02539_vertical_merge_compact_parts.sql"
        },
        {
            "query": "\nINSERT INTO t_compact_vertical_merge SELECT number, toString(number), range(number % 10) FROM numbers(40);",
            "name": "02539_vertical_merge_compact_parts.sql"
        },
        {
            "query": "\n\nOPTIMIZE TABLE t_compact_vertical_merge FINAL;",
            "name": "02539_vertical_merge_compact_parts.sql"
        },
        {
            "query": "\nSYSTEM FLUSH LOGS;",
            "name": "02539_vertical_merge_compact_parts.sql"
        },
        {
            "query": "\n\nWITH splitByChar('_', part_name) AS name_parts,\n    name_parts[2]::UInt64 AS min_block,\n    name_parts[3]::UInt64 AS max_block\nSELECT min_block, max_block, event_type, merge_algorithm, part_type FROM system.part_log\nWHERE\n    database = currentDatabase() AND\n    table = 't_compact_vertical_merge' AND\n    min_block = 1 AND max_block = 2;",
            "name": "02539_vertical_merge_compact_parts.sql"
        },
        {
            "query": "\n\nINSERT INTO t_compact_vertical_merge SELECT number, toString(number), range(number % 10) FROM numbers(40);",
            "name": "02539_vertical_merge_compact_parts.sql"
        },
        {
            "query": "\n\nOPTIMIZE TABLE t_compact_vertical_merge FINAL;",
            "name": "02539_vertical_merge_compact_parts.sql"
        },
        {
            "query": "\nSYSTEM FLUSH LOGS;",
            "name": "02539_vertical_merge_compact_parts.sql"
        },
        {
            "query": "\n\nWITH splitByChar('_', part_name) AS name_parts,\n    name_parts[2]::UInt64 AS min_block,\n    name_parts[3]::UInt64 AS max_block\nSELECT min_block, max_block, event_type, merge_algorithm, part_type FROM system.part_log\nWHERE\n    database = currentDatabase() AND\n    table = 't_compact_vertical_merge' AND\n    min_block = 1 AND max_block = 3;",
            "name": "02539_vertical_merge_compact_parts.sql"
        },
        {
            "query": "\n\nDROP TABLE t_compact_vertical_merge;",
            "name": "02539_vertical_merge_compact_parts.sql"
        }
    ]
}