{
    "name": "02366_asof_optimize_predicate_bug_37813.sql",
    "tests": [
        {
            "query": "DROP TABLE IF EXISTS t1;",
            "name": "02366_asof_optimize_predicate_bug_37813.sql"
        },
        {
            "query": "\nCREATE TABLE t1 (c1 Int32, c2 Int32) ENGINE MergeTree ORDER BY c1;",
            "name": "02366_asof_optimize_predicate_bug_37813.sql"
        },
        {
            "query": "\nINSERT INTO t1 (c1, c2) VALUES (1, 10), (1, 20), (1, 30);",
            "name": "02366_asof_optimize_predicate_bug_37813.sql"
        },
        {
            "query": "\n\nDROP TABLE IF EXISTS t2;",
            "name": "02366_asof_optimize_predicate_bug_37813.sql"
        },
        {
            "query": "\nCREATE TABLE t2 (c1 Int32, c2 Int32, c3 String) ENGINE MergeTree ORDER BY (c1, c2, c3);",
            "name": "02366_asof_optimize_predicate_bug_37813.sql"
        },
        {
            "query": "\nINSERT INTO t2 (c1, c2, c3) VALUES (1, 5, 'a'), (1, 15, 'b'), (1, 25, 'c');",
            "name": "02366_asof_optimize_predicate_bug_37813.sql"
        },
        {
            "query": "\n\nSET enable_optimize_predicate_expression = 1;",
            "name": "02366_asof_optimize_predicate_bug_37813.sql"
        },
        {
            "query": "\nWITH\n  v1 AS (SELECT t1.c2, t2.c2, t2.c3 FROM t1 ASOF JOIN t2 USING (c1, c2))\n  SELECT count() FROM v1 WHERE c3 = 'b';",
            "name": "02366_asof_optimize_predicate_bug_37813.sql"
        },
        {
            "query": "\n\nSET enable_optimize_predicate_expression = 0;",
            "name": "02366_asof_optimize_predicate_bug_37813.sql"
        },
        {
            "query": "\nWITH\n  v1 AS (SELECT t1.c2, t2.c2, t2.c3 FROM t1 ASOF JOIN t2 USING (c1, c2))\n  SELECT count() FROM v1 WHERE c3 = 'b';",
            "name": "02366_asof_optimize_predicate_bug_37813.sql"
        }
    ]
}