{
    "name": "01042_check_query_and_last_granule_size.sql",
    "tests": [
        {
            "query": "SET check_query_single_value_result = 0;",
            "name": "01042_check_query_and_last_granule_size.sql"
        },
        {
            "query": "\nDROP TABLE IF EXISTS check_query_test;",
            "name": "01042_check_query_and_last_granule_size.sql"
        },
        {
            "query": "\n\nCREATE TABLE check_query_test (SomeKey UInt64, SomeValue String) ENGINE = MergeTree() ORDER BY SomeKey SETTINGS min_bytes_for_wide_part = 0, min_rows_for_wide_part = 0;",
            "name": "01042_check_query_and_last_granule_size.sql"
        },
        {
            "query": "\n\n-- Number of rows in last granule should be equals to granularity.\n-- Rows in this table are short, so granularity will be 8192.\nINSERT INTO check_query_test SELECT number, toString(number) FROM system.numbers LIMIT 81920;",
            "name": "01042_check_query_and_last_granule_size.sql"
        },
        {
            "query": "\n\nCHECK TABLE check_query_test SETTINGS max_threads = 1;",
            "name": "01042_check_query_and_last_granule_size.sql"
        },
        {
            "query": "\n\nOPTIMIZE TABLE check_query_test;",
            "name": "01042_check_query_and_last_granule_size.sql"
        },
        {
            "query": "\n\nCHECK TABLE check_query_test SETTINGS max_threads = 1;",
            "name": "01042_check_query_and_last_granule_size.sql"
        },
        {
            "query": "\n\nDROP TABLE IF EXISTS check_query_test;",
            "name": "01042_check_query_and_last_granule_size.sql"
        },
        {
            "query": "\n\nDROP TABLE IF EXISTS check_query_test_non_adaptive;",
            "name": "01042_check_query_and_last_granule_size.sql"
        },
        {
            "query": "\n\nCREATE TABLE check_query_test_non_adaptive (SomeKey UInt64, SomeValue String) ENGINE = MergeTree() ORDER BY SomeKey SETTINGS index_granularity_bytes = 0, min_bytes_for_wide_part = 0, min_rows_for_wide_part = 0;",
            "name": "01042_check_query_and_last_granule_size.sql"
        },
        {
            "query": "\n\nINSERT INTO check_query_test_non_adaptive SELECT number, toString(number) FROM system.numbers LIMIT 81920;",
            "name": "01042_check_query_and_last_granule_size.sql"
        },
        {
            "query": "\n\nCHECK TABLE check_query_test_non_adaptive SETTINGS max_threads = 1;",
            "name": "01042_check_query_and_last_granule_size.sql"
        },
        {
            "query": "\n\nOPTIMIZE TABLE check_query_test_non_adaptive;",
            "name": "01042_check_query_and_last_granule_size.sql"
        },
        {
            "query": "\n\nCHECK TABLE check_query_test_non_adaptive SETTINGS max_threads = 1;",
            "name": "01042_check_query_and_last_granule_size.sql"
        },
        {
            "query": "\n\nINSERT INTO check_query_test_non_adaptive SELECT number, toString(number) FROM system.numbers LIMIT 77;",
            "name": "01042_check_query_and_last_granule_size.sql"
        },
        {
            "query": "\n\nCHECK TABLE check_query_test_non_adaptive SETTINGS max_threads = 1;",
            "name": "01042_check_query_and_last_granule_size.sql"
        },
        {
            "query": "\n\nOPTIMIZE TABLE check_query_test_non_adaptive;",
            "name": "01042_check_query_and_last_granule_size.sql"
        },
        {
            "query": "\n\nCHECK TABLE check_query_test_non_adaptive SETTINGS max_threads = 1;",
            "name": "01042_check_query_and_last_granule_size.sql"
        },
        {
            "query": "\n\nDROP TABLE IF EXISTS check_query_test_non_adaptive;",
            "name": "01042_check_query_and_last_granule_size.sql"
        }
    ]
}