{
    "name": "01825_type_json_in_array.sql",
    "tests": [
        {
            "query": "-- Tags: no-fasttest\n\nSET allow_experimental_object_type = 1;",
            "name": "01825_type_json_in_array.sql"
        },
        {
            "query": "\nDROP TABLE IF EXISTS t_json_array;",
            "name": "01825_type_json_in_array.sql"
        },
        {
            "query": "\n\nCREATE TABLE t_json_array (id UInt32, arr Array(JSON)) ENGINE = MergeTree ORDER BY id;",
            "name": "01825_type_json_in_array.sql"
        },
        {
            "query": "\n\nINSERT INTO t_json_array FORMAT JSONEachRow {\"id\": 1, \"arr\": [{\"k1\": 1, \"k2\": {\"k3\": 2, \"k4\": 3}}, {\"k1\": 2, \"k2\": {\"k5\": \"foo\"}}]}\nINSERT INTO t_json_array FORMAT JSONEachRow {\"id\": 2, \"arr\": [{\"k1\": 3, \"k2\": {\"k3\": 4, \"k4\": 5}}]}\n\nSET output_format_json_named_tuples_as_objects = 1;",
            "name": "01825_type_json_in_array.sql"
        },
        {
            "query": "\n\nSELECT * FROM t_json_array ORDER BY id FORMAT JSONEachRow;",
            "name": "01825_type_json_in_array.sql"
        },
        {
            "query": "\nSELECT id, arr.k1, arr.k2.k3, arr.k2.k4, arr.k2.k5 FROM t_json_array ORDER BY id;",
            "name": "01825_type_json_in_array.sql"
        },
        {
            "query": "\nSELECT arr FROM t_json_array ARRAY JOIN arr ORDER BY arr.k1 FORMAT JSONEachRow;",
            "name": "01825_type_json_in_array.sql"
        },
        {
            "query": "\nSELECT toTypeName(arr) FROM t_json_array LIMIT 1;",
            "name": "01825_type_json_in_array.sql"
        },
        {
            "query": "\n\nTRUNCATE TABLE t_json_array;",
            "name": "01825_type_json_in_array.sql"
        },
        {
            "query": "\n\nINSERT INTO t_json_array FORMAT JSONEachRow {\"id\": 1, \"arr\": [{\"k1\": [{\"k2\": \"aaa\", \"k3\": \"bbb\"}, {\"k2\": \"ccc\"}]}]}\nINSERT INTO t_json_array FORMAT JSONEachRow {\"id\": 2, \"arr\": [{\"k1\": [{\"k3\": \"ddd\", \"k4\": 10}, {\"k4\": 20}], \"k5\": {\"k6\": \"foo\"}}]}\n\nSELECT * FROM t_json_array ORDER BY id FORMAT JSONEachRow;",
            "name": "01825_type_json_in_array.sql"
        },
        {
            "query": "\nSELECT id, arr.k1.k2, arr.k1.k3, arr.k1.k4, arr.k5.k6 FROM t_json_array ORDER BY id;",
            "name": "01825_type_json_in_array.sql"
        },
        {
            "query": "\n\nSELECT arrayJoin(arrayJoin(arr.k1)) AS k1 FROM t_json_array ORDER BY k1 FORMAT JSONEachRow;",
            "name": "01825_type_json_in_array.sql"
        },
        {
            "query": "\nSELECT toTypeName(arrayJoin(arrayJoin(arr.k1))) AS arr FROM t_json_array LIMIT 1;",
            "name": "01825_type_json_in_array.sql"
        },
        {
            "query": "\n\nDROP TABLE t_json_array;",
            "name": "01825_type_json_in_array.sql"
        },
        {
            "query": "\n\nSELECT * FROM values('arr Array(JSON)', '[\\'{\"x\" : 1}\\']') FORMAT JSONEachRow;",
            "name": "01825_type_json_in_array.sql"
        },
        {
            "query": "\nSELECT * FROM values('arr Map(String, JSON)', '{\\'x\\' : \\'{\"y\" : 1}\\', \\'t\\' : \\'{\"y\" : 2}\\'}') FORMAT JSONEachRow;",
            "name": "01825_type_json_in_array.sql"
        },
        {
            "query": "\nSELECT * FROM values('arr Tuple(Int32, JSON)', '(1, \\'{\"y\" : 1}\\')', '(2, \\'{\"y\" : 2}\\')') FORMAT JSONEachRow;",
            "name": "01825_type_json_in_array.sql"
        },
        {
            "query": "\nSELECT * FROM format(JSONEachRow, '{\"arr\" : [{\"x\" : \"aaa\", \"y\" : [1,2,3]}]}') FORMAT JSONEachRow;",
            "name": "01825_type_json_in_array.sql"
        },
        {
            "query": "\nSELECT * FROM values('arr Array(JSON)', '[\\'{\"x\" : 1}\\']') FORMAT JSONEachRow;",
            "name": "01825_type_json_in_array.sql"
        }
    ]
}