{
    "name": "01931_storage_merge_no_columns.sql",
    "tests": [
        {
            "query": "drop table if exists data;",
            "name": "01931_storage_merge_no_columns.sql"
        },
        {
            "query": "\ncreate table data (key Int) engine=MergeTree() order by key;",
            "name": "01931_storage_merge_no_columns.sql"
        },
        {
            "query": "\nselect 1 from merge(currentDatabase(), '^data$') prewhere _table in (NULL);",
            "name": "01931_storage_merge_no_columns.sql"
        },
        {
            "query": " -- { serverError ILLEGAL_PREWHERE }\nselect 1 from merge(currentDatabase(), '^data$') where _table in (NULL);",
            "name": "01931_storage_merge_no_columns.sql"
        },
        {
            "query": "\ndrop table data;",
            "name": "01931_storage_merge_no_columns.sql"
        }
    ]
}