{
    "name": "01942_snowflakeToDateTime.sql",
    "tests": [
        {
            "query": "-- -- Error cases\nSELECT snowflakeToDateTime();",
            "name": "01942_snowflakeToDateTime.sql"
        },
        {
            "query": "  -- {serverError NUMBER_OF_ARGUMENTS_DOESNT_MATCH}\nSELECT snowflakeToDateTime64();",
            "name": "01942_snowflakeToDateTime.sql"
        },
        {
            "query": "  -- {serverError NUMBER_OF_ARGUMENTS_DOESNT_MATCH}\n\nSELECT snowflakeToDateTime('abc');",
            "name": "01942_snowflakeToDateTime.sql"
        },
        {
            "query": "  -- {serverError ILLEGAL_TYPE_OF_ARGUMENT}\nSELECT snowflakeToDateTime64('abc');",
            "name": "01942_snowflakeToDateTime.sql"
        },
        {
            "query": "  -- {serverError ILLEGAL_TYPE_OF_ARGUMENT}\n\nSELECT snowflakeToDateTime('abc', 123);",
            "name": "01942_snowflakeToDateTime.sql"
        },
        {
            "query": "  -- {serverError ILLEGAL_TYPE_OF_ARGUMENT}\nSELECT snowflakeToDateTime64('abc', 123);",
            "name": "01942_snowflakeToDateTime.sql"
        },
        {
            "query": "  -- {serverError ILLEGAL_TYPE_OF_ARGUMENT}\n\nSELECT 'const column';",
            "name": "01942_snowflakeToDateTime.sql"
        },
        {
            "query": "\nWITH\n\tCAST(1426860704886947840 AS Int64) AS i64,\n\t'UTC' AS tz\nSELECT\n\ttz,\n\ti64,\n\tsnowflakeToDateTime(i64, tz) as dt,\n\ttoTypeName(dt),\n\tsnowflakeToDateTime64(i64, tz) as dt64,\n\ttoTypeName(dt64);",
            "name": "01942_snowflakeToDateTime.sql"
        },
        {
            "query": "\n\nWITH\n\tCAST(1426860704886947840 AS Int64) AS i64,\n\t'Asia/Shanghai' AS tz\nSELECT\n\ttz,\n\ti64,\n\tsnowflakeToDateTime(i64, tz) as dt,\n\ttoTypeName(dt),\n\tsnowflakeToDateTime64(i64, tz) as dt64,\n\ttoTypeName(dt64);",
            "name": "01942_snowflakeToDateTime.sql"
        },
        {
            "query": "\n\n\nDROP TABLE IF EXISTS tab;",
            "name": "01942_snowflakeToDateTime.sql"
        },
        {
            "query": "\nCREATE TABLE tab(val Int64, tz String) engine=Log;",
            "name": "01942_snowflakeToDateTime.sql"
        },
        {
            "query": "\nINSERT INTO tab VALUES (42, 'Asia/Singapore');",
            "name": "01942_snowflakeToDateTime.sql"
        },
        {
            "query": "\n\nSELECT 1 FROM tab WHERE snowflakeToDateTime(42::Int64, tz) != now() SETTINGS allow_nonconst_timezone_arguments = 1;",
            "name": "01942_snowflakeToDateTime.sql"
        },
        {
            "query": "\nSELECT 1 FROM tab WHERE snowflakeToDateTime64(42::Int64, tz) != now() SETTINGS allow_nonconst_timezone_arguments = 1;",
            "name": "01942_snowflakeToDateTime.sql"
        },
        {
            "query": "\n\nDROP TABLE tab;",
            "name": "01942_snowflakeToDateTime.sql"
        }
    ]
}