{
    "name": "02428_partial_sort_optimization_bug.sql",
    "tests": [
        {
            "query": "create table partial_sort_opt_bug (x UInt64) engine = MergeTree order by tuple() settings index_granularity = 1000;",
            "name": "02428_partial_sort_optimization_bug.sql"
        },
        {
            "query": "\n\ninsert into partial_sort_opt_bug select number + 100000 from numbers(4000);",
            "name": "02428_partial_sort_optimization_bug.sql"
        },
        {
            "query": "\n\ninsert into partial_sort_opt_bug select number from numbers(1000);",
            "name": "02428_partial_sort_optimization_bug.sql"
        },
        {
            "query": "\ninsert into partial_sort_opt_bug select number + 200000 from numbers(3000);",
            "name": "02428_partial_sort_optimization_bug.sql"
        },
        {
            "query": "\ninsert into partial_sort_opt_bug select number + 1000 from numbers(4000);",
            "name": "02428_partial_sort_optimization_bug.sql"
        },
        {
            "query": "\noptimize table partial_sort_opt_bug final;",
            "name": "02428_partial_sort_optimization_bug.sql"
        },
        {
            "query": "\n\nselect x from partial_sort_opt_bug order by x limit 2000 settings max_block_size = 4000;",
            "name": "02428_partial_sort_optimization_bug.sql"
        }
    ]
}