{
    "name": "02504_parse_datetime_best_effort_calebeaires.sql",
    "tests": [
        {
            "query": "CREATE TEMPORARY TABLE my_table (col_date Date, col_date32 Date32, col_datetime DateTime('UTC'), col_datetime32 DateTime32('UTC'), col_datetime64 DateTime64);",
            "name": "02504_parse_datetime_best_effort_calebeaires.sql"
        },
        {
            "query": "\ninsert into `my_table` (`col_date`, `col_date32`, `col_datetime`, `col_datetime32`, `col_datetime64`) values (parseDateTime64BestEffort('1969-01-01'), '1969-01-01', parseDateTime64BestEffort('1969-01-01 10:42:00'), parseDateTime64BestEffort('1969-01-01 10:42:00'), parseDateTime64BestEffort('1969-01-01 10:42:00'));",
            "name": "02504_parse_datetime_best_effort_calebeaires.sql"
        },
        {
            "query": "\n\n-- The values for Date32 and DateTime64 will be year 1969, while the values of Date, DateTime will contain a value affected by implementation-defined overflow and can be arbitrary.\nSELECT toYear(col_date), col_date32, toYear(col_datetime), toYear(col_datetime32), col_datetime64 FROM my_table;",
            "name": "02504_parse_datetime_best_effort_calebeaires.sql"
        }
    ]
}