{
    "name": "02861_filter_pushdown_const_bug.sql",
    "tests": [
        {
            "query": "SET allow_experimental_analyzer = 1;",
            "name": "02861_filter_pushdown_const_bug.sql"
        },
        {
            "query": "\n\nDROP TABLE IF EXISTS t1;",
            "name": "02861_filter_pushdown_const_bug.sql"
        },
        {
            "query": "\n\nCREATE TABLE t1 (key UInt8) ENGINE = Memory;",
            "name": "02861_filter_pushdown_const_bug.sql"
        },
        {
            "query": "\nINSERT INTO t1 VALUES (1),(2);",
            "name": "02861_filter_pushdown_const_bug.sql"
        },
        {
            "query": "\n\nSET join_algorithm = 'full_sorting_merge';",
            "name": "02861_filter_pushdown_const_bug.sql"
        },
        {
            "query": "\n\nSELECT key FROM ( SELECT key FROM t1 ) AS t1 JOIN ( SELECT key FROM t1 ) AS t2 ON t1.key = t2.key WHERE key;",
            "name": "02861_filter_pushdown_const_bug.sql"
        },
        {
            "query": "\nSELECT key FROM ( SELECT 1 AS key ) AS t1 JOIN ( SELECT 1 AS key ) AS t2 ON t1.key = t2.key WHERE key;",
            "name": "02861_filter_pushdown_const_bug.sql"
        },
        {
            "query": "\nSELECT * FROM ( SELECT 1 AS key GROUP BY NULL ) AS t1 INNER JOIN (SELECT 1 AS key) AS t2 ON t1.key = t2.key WHERE t1.key ORDER BY key;",
            "name": "02861_filter_pushdown_const_bug.sql"
        },
        {
            "query": "\n\nSET max_rows_in_set_to_optimize_join = 0;",
            "name": "02861_filter_pushdown_const_bug.sql"
        },
        {
            "query": "\n\nSELECT key FROM ( SELECT key FROM t1 ) AS t1 JOIN ( SELECT key FROM t1 ) AS t2 ON t1.key = t2.key WHERE key;",
            "name": "02861_filter_pushdown_const_bug.sql"
        },
        {
            "query": "\nSELECT key FROM ( SELECT 1 AS key ) AS t1 JOIN ( SELECT 1 AS key ) AS t2 ON t1.key = t2.key WHERE key;",
            "name": "02861_filter_pushdown_const_bug.sql"
        },
        {
            "query": "\nSELECT * FROM ( SELECT 1 AS key GROUP BY NULL ) AS t1 INNER JOIN (SELECT 1 AS key) AS t2 ON t1.key = t2.key WHERE t1.key ORDER BY key;",
            "name": "02861_filter_pushdown_const_bug.sql"
        },
        {
            "query": "\n\nSET join_algorithm = 'grace_hash';",
            "name": "02861_filter_pushdown_const_bug.sql"
        },
        {
            "query": "\n\nSELECT * FROM (SELECT key AS a FROM t1 ) t1 INNER JOIN (SELECT key AS c FROM t1 ) t2 ON c = a WHERE a;",
            "name": "02861_filter_pushdown_const_bug.sql"
        },
        {
            "query": "\n\nDROP TABLE IF EXISTS t1;",
            "name": "02861_filter_pushdown_const_bug.sql"
        }
    ]
}