{
    "name": "00563_complex_in_expression.sql",
    "tests": [
        {
            "query": "DROP TABLE IF EXISTS test_00563;",
            "name": "00563_complex_in_expression.sql"
        },
        {
            "query": "\n\nset allow_deprecated_syntax_for_merge_tree=1;",
            "name": "00563_complex_in_expression.sql"
        },
        {
            "query": "\nCREATE TABLE test_00563 ( dt Date, site_id Int32, site_key String ) ENGINE = MergeTree(dt, (site_id, site_key, dt), 8192);",
            "name": "00563_complex_in_expression.sql"
        },
        {
            "query": "\nINSERT INTO test_00563 (dt,site_id, site_key) VALUES ('2018-1-29', 100, 'key');",
            "name": "00563_complex_in_expression.sql"
        },
        {
            "query": "\nSELECT * FROM test_00563 WHERE toInt32(site_id) IN (100);",
            "name": "00563_complex_in_expression.sql"
        },
        {
            "query": "\nSELECT * FROM test_00563 WHERE toInt32(site_id) IN (100,101);",
            "name": "00563_complex_in_expression.sql"
        },
        {
            "query": "\n\nDROP TABLE IF EXISTS test_00563;",
            "name": "00563_complex_in_expression.sql"
        },
        {
            "query": "\n\nDROP TABLE IF EXISTS join_with_index;",
            "name": "00563_complex_in_expression.sql"
        },
        {
            "query": "\nCREATE TABLE join_with_index (key UInt32, data UInt64) ENGINE = MergeTree ORDER BY key SETTINGS index_granularity=1;",
            "name": "00563_complex_in_expression.sql"
        },
        {
            "query": "\nINSERT INTO join_with_index VALUES (1, 0), (2, 99);",
            "name": "00563_complex_in_expression.sql"
        },
        {
            "query": "\n\nSELECT key + 1\nFROM join_with_index\nALL INNER JOIN\n(\n    SELECT\n        key,\n        data\n    FROM join_with_index\n    WHERE toUInt64(data) IN (0, 529335254087962442)\n) js2 USING (key);",
            "name": "00563_complex_in_expression.sql"
        },
        {
            "query": "\n\nSELECT _uniq, _uniq IN (0, 99)\nFROM join_with_index\nARRAY JOIN\n    [key, data] AS _uniq\nORDER BY _uniq;",
            "name": "00563_complex_in_expression.sql"
        },
        {
            "query": "\n\nDROP TABLE IF EXISTS join_with_index;",
            "name": "00563_complex_in_expression.sql"
        }
    ]
}