{
    "name": "02102_sql_user_defined_functions_create_if_not_exists.sql",
    "tests": [
        {
            "query": "-- Tags: no-parallel\n\nCREATE FUNCTION IF NOT EXISTS 02102_test_function AS x -> x + 1;",
            "name": "02102_sql_user_defined_functions_create_if_not_exists.sql"
        },
        {
            "query": "\nSELECT 02102_test_function(1);",
            "name": "02102_sql_user_defined_functions_create_if_not_exists.sql"
        },
        {
            "query": "\n\nCREATE FUNCTION 02102_test_function AS x -> x + 1;",
            "name": "02102_sql_user_defined_functions_create_if_not_exists.sql"
        },
        {
            "query": " --{serverError 609}\nCREATE FUNCTION IF NOT EXISTS 02102_test_function AS x -> x + 1;",
            "name": "02102_sql_user_defined_functions_create_if_not_exists.sql"
        },
        {
            "query": "\nDROP FUNCTION 02102_test_function;",
            "name": "02102_sql_user_defined_functions_create_if_not_exists.sql"
        }
    ]
}