{
    "name": "00988_constraints_replication_zookeeper_long.sql",
    "tests": [
        {
            "query": "-- Tags: long, replica\n\nDROP TABLE IF EXISTS replicated_constraints1;",
            "name": "00988_constraints_replication_zookeeper_long.sql"
        },
        {
            "query": "\nDROP TABLE IF EXISTS replicated_constraints2;",
            "name": "00988_constraints_replication_zookeeper_long.sql"
        },
        {
            "query": "\n\nCREATE TABLE replicated_constraints1\n(\n    a UInt32,\n    b UInt32,\n    CONSTRAINT a_constraint CHECK a < 10\n) ENGINE = ReplicatedMergeTree('/clickhouse/tables/{database}/test_00988/alter_constraints', 'r1') ORDER BY (a);",
            "name": "00988_constraints_replication_zookeeper_long.sql"
        },
        {
            "query": "\n\nCREATE TABLE replicated_constraints2\n(\n    a UInt32,\n    b UInt32,\n    CONSTRAINT a_constraint CHECK a < 10\n) ENGINE = ReplicatedMergeTree('/clickhouse/tables/{database}/test_00988/alter_constraints', 'r2') ORDER BY (a);",
            "name": "00988_constraints_replication_zookeeper_long.sql"
        },
        {
            "query": "\n\nINSERT INTO replicated_constraints1 VALUES (1, 2);",
            "name": "00988_constraints_replication_zookeeper_long.sql"
        },
        {
            "query": "\nINSERT INTO replicated_constraints2 VALUES (3, 4);",
            "name": "00988_constraints_replication_zookeeper_long.sql"
        },
        {
            "query": "\n\nSYSTEM SYNC REPLICA replicated_constraints1;",
            "name": "00988_constraints_replication_zookeeper_long.sql"
        },
        {
            "query": "\nSYSTEM SYNC REPLICA replicated_constraints2;",
            "name": "00988_constraints_replication_zookeeper_long.sql"
        },
        {
            "query": "\n\nINSERT INTO replicated_constraints1 VALUES (10, 10);",
            "name": "00988_constraints_replication_zookeeper_long.sql"
        },
        {
            "query": " -- { serverError 469 }\n\nALTER TABLE replicated_constraints1 DROP CONSTRAINT a_constraint;",
            "name": "00988_constraints_replication_zookeeper_long.sql"
        },
        {
            "query": "\n\nSYSTEM SYNC REPLICA replicated_constraints2;",
            "name": "00988_constraints_replication_zookeeper_long.sql"
        },
        {
            "query": "\n\nINSERT INTO replicated_constraints1 VALUES (10, 10);",
            "name": "00988_constraints_replication_zookeeper_long.sql"
        },
        {
            "query": "\nINSERT INTO replicated_constraints2 VALUES (10, 10);",
            "name": "00988_constraints_replication_zookeeper_long.sql"
        },
        {
            "query": "\n\nALTER TABLE replicated_constraints1 ADD CONSTRAINT b_constraint CHECK b > 10;",
            "name": "00988_constraints_replication_zookeeper_long.sql"
        },
        {
            "query": "\n\n-- Otherwise \"Metadata on replica is not up to date with common metadata in Zookeeper. Cannot alter.\" is possible.\nSYSTEM SYNC REPLICA replicated_constraints1;",
            "name": "00988_constraints_replication_zookeeper_long.sql"
        },
        {
            "query": "\nSYSTEM SYNC REPLICA replicated_constraints2;",
            "name": "00988_constraints_replication_zookeeper_long.sql"
        },
        {
            "query": "\n\nALTER TABLE replicated_constraints2 ADD CONSTRAINT a_constraint CHECK a < 10;",
            "name": "00988_constraints_replication_zookeeper_long.sql"
        },
        {
            "query": "\n\nSYSTEM SYNC REPLICA replicated_constraints1;",
            "name": "00988_constraints_replication_zookeeper_long.sql"
        },
        {
            "query": "\nSYSTEM SYNC REPLICA replicated_constraints2;",
            "name": "00988_constraints_replication_zookeeper_long.sql"
        },
        {
            "query": "\n\nINSERT INTO replicated_constraints1 VALUES (10, 11);",
            "name": "00988_constraints_replication_zookeeper_long.sql"
        },
        {
            "query": " -- { serverError 469 }\nINSERT INTO replicated_constraints2 VALUES (9, 10);",
            "name": "00988_constraints_replication_zookeeper_long.sql"
        },
        {
            "query": " -- { serverError 469 }\n\nDROP TABLE replicated_constraints1;",
            "name": "00988_constraints_replication_zookeeper_long.sql"
        },
        {
            "query": "\nDROP TABLE replicated_constraints2;",
            "name": "00988_constraints_replication_zookeeper_long.sql"
        }
    ]
}