{
    "name": "01440_big_int_shift.sql",
    "tests": [
        {
            "query": "SELECT bitShiftLeft(toInt128(1), number) x, bitShiftRight(x, number) y, toTypeName(x), toTypeName(y) FROM numbers(127) ORDER BY number;",
            "name": "01440_big_int_shift.sql"
        },
        {
            "query": "\nSELECT bitShiftLeft(toInt256(1), number) x, bitShiftRight(x, number) y, toTypeName(x), toTypeName(y) FROM numbers(255) ORDER BY number;",
            "name": "01440_big_int_shift.sql"
        },
        {
            "query": "\nSELECT bitShiftLeft(toUInt256(1), number) x, bitShiftRight(x, number) y, toTypeName(x), toTypeName(y) FROM numbers(256) ORDER BY number;",
            "name": "01440_big_int_shift.sql"
        }
    ]
}