{
    "name": "02677_grace_hash_limit_race.sql",
    "tests": [
        {
            "query": "DROP TABLE IF EXISTS test_grace_hash;",
            "name": "02677_grace_hash_limit_race.sql"
        },
        {
            "query": "\n\nCREATE TABLE test_grace_hash (id UInt32, value UInt64) ENGINE = MergeTree ORDER BY id;",
            "name": "02677_grace_hash_limit_race.sql"
        },
        {
            "query": "\n\nINSERT INTO test_grace_hash SELECT number, number % 100 = 0 FROM numbers(100000);",
            "name": "02677_grace_hash_limit_race.sql"
        },
        {
            "query": "\n\nSET join_algorithm = 'grace_hash';",
            "name": "02677_grace_hash_limit_race.sql"
        },
        {
            "query": "\n\nSELECT count() FROM (\n    SELECT f.id FROM test_grace_hash AS f\n    LEFT JOIN test_grace_hash AS d\n    ON f.id = d.id\n    LIMIT 1000\n);",
            "name": "02677_grace_hash_limit_race.sql"
        },
        {
            "query": "\n\nDROP TABLE test_grace_hash;",
            "name": "02677_grace_hash_limit_race.sql"
        }
    ]
}