{
    "name": "02008_materialize_column.sql",
    "tests": [
        {
            "query": "DROP TABLE IF EXISTS tmp;",
            "name": "02008_materialize_column.sql"
        },
        {
            "query": "\n\nSET mutations_sync = 2;",
            "name": "02008_materialize_column.sql"
        },
        {
            "query": "\n\nCREATE TABLE tmp (x Int64) ENGINE = MergeTree() ORDER BY tuple() PARTITION BY tuple();",
            "name": "02008_materialize_column.sql"
        },
        {
            "query": "\nINSERT INTO tmp SELECT * FROM system.numbers LIMIT 20;",
            "name": "02008_materialize_column.sql"
        },
        {
            "query": "\n\nALTER TABLE tmp MATERIALIZE COLUMN x;",
            "name": "02008_materialize_column.sql"
        },
        {
            "query": " -- { serverError 36 }\n\nALTER TABLE tmp ADD COLUMN s String DEFAULT toString(x);",
            "name": "02008_materialize_column.sql"
        },
        {
            "query": "\nSELECT arraySort(arraySort(groupArray(x))), groupArray(s) FROM tmp;",
            "name": "02008_materialize_column.sql"
        },
        {
            "query": "\n\nALTER TABLE tmp MODIFY COLUMN s String DEFAULT toString(x+1);",
            "name": "02008_materialize_column.sql"
        },
        {
            "query": "\nSELECT arraySort(groupArray(x)), groupArray(s) FROM tmp;",
            "name": "02008_materialize_column.sql"
        },
        {
            "query": "\n\nALTER TABLE tmp MATERIALIZE COLUMN s;",
            "name": "02008_materialize_column.sql"
        },
        {
            "query": "\nALTER TABLE tmp MODIFY COLUMN s String DEFAULT toString(x+2);",
            "name": "02008_materialize_column.sql"
        },
        {
            "query": "\nSELECT arraySort(groupArray(x)), groupArray(s) FROM tmp;",
            "name": "02008_materialize_column.sql"
        },
        {
            "query": "\n\nALTER TABLE tmp CLEAR COLUMN s;",
            "name": "02008_materialize_column.sql"
        },
        {
            "query": " -- Need to clear because MATERIALIZE COLUMN won't override past values;",
            "name": "02008_materialize_column.sql"
        },
        {
            "query": "\nALTER TABLE tmp MATERIALIZE COLUMN s;",
            "name": "02008_materialize_column.sql"
        },
        {
            "query": "\nALTER TABLE tmp MODIFY COLUMN s String DEFAULT toString(x+3);",
            "name": "02008_materialize_column.sql"
        },
        {
            "query": "\nSELECT arraySort(groupArray(x)), groupArray(s) FROM tmp;",
            "name": "02008_materialize_column.sql"
        },
        {
            "query": "\nALTER TABLE tmp DROP COLUMN s;",
            "name": "02008_materialize_column.sql"
        },
        {
            "query": "\n\nALTER TABLE tmp ADD COLUMN s String MATERIALIZED toString(x);",
            "name": "02008_materialize_column.sql"
        },
        {
            "query": "\nSELECT arraySort(groupArray(x)), groupArray(s) FROM tmp;",
            "name": "02008_materialize_column.sql"
        },
        {
            "query": "\n\nALTER TABLE tmp MODIFY COLUMN s String MATERIALIZED toString(x+1);",
            "name": "02008_materialize_column.sql"
        },
        {
            "query": "\nSELECT arraySort(groupArray(x)), groupArray(s) FROM tmp;",
            "name": "02008_materialize_column.sql"
        },
        {
            "query": "\n\nALTER TABLE tmp MATERIALIZE COLUMN s;",
            "name": "02008_materialize_column.sql"
        },
        {
            "query": "\nALTER TABLE tmp MODIFY COLUMN s String MATERIALIZED toString(x+2);",
            "name": "02008_materialize_column.sql"
        },
        {
            "query": "\nSELECT arraySort(groupArray(x)), groupArray(s) FROM tmp;",
            "name": "02008_materialize_column.sql"
        },
        {
            "query": "\n\nALTER TABLE tmp MATERIALIZE COLUMN s;",
            "name": "02008_materialize_column.sql"
        },
        {
            "query": "\nALTER TABLE tmp MODIFY COLUMN s String MATERIALIZED toString(x+3);",
            "name": "02008_materialize_column.sql"
        },
        {
            "query": "\nSELECT arraySort(groupArray(x)), groupArray(s) FROM tmp;",
            "name": "02008_materialize_column.sql"
        },
        {
            "query": "\nALTER TABLE tmp DROP COLUMN s;",
            "name": "02008_materialize_column.sql"
        },
        {
            "query": "\n\nDROP TABLE tmp;",
            "name": "02008_materialize_column.sql"
        }
    ]
}