{
    "name": "02494_query_cache_min_query_duration.sql",
    "tests": [
        {
            "query": "-- Tags: no-parallel\n-- Tag no-parallel: Messes with internal cache\n\nSYSTEM DROP QUERY CACHE;",
            "name": "02494_query_cache_min_query_duration.sql"
        },
        {
            "query": "\n\n-- This creates an entry in the query cache ...\nSELECT 1 SETTINGS use_query_cache = true;",
            "name": "02494_query_cache_min_query_duration.sql"
        },
        {
            "query": "\nSELECT COUNT(*) FROM system.query_cache;",
            "name": "02494_query_cache_min_query_duration.sql"
        },
        {
            "query": "\n\nSYSTEM DROP QUERY CACHE;",
            "name": "02494_query_cache_min_query_duration.sql"
        },
        {
            "query": "\n\nSELECT '---';",
            "name": "02494_query_cache_min_query_duration.sql"
        },
        {
            "query": "\n\n-- ... but this does not because the query executes much faster than the specified minumum query duration for caching the result\nSELECT 1 SETTINGS use_query_cache = true, query_cache_min_query_duration = 10000;",
            "name": "02494_query_cache_min_query_duration.sql"
        },
        {
            "query": "\nSELECT COUNT(*) FROM system.query_cache;",
            "name": "02494_query_cache_min_query_duration.sql"
        },
        {
            "query": "\n\nSYSTEM DROP QUERY CACHE;",
            "name": "02494_query_cache_min_query_duration.sql"
        }
    ]
}