{
    "name": "01845_add_testcase_for_arrayElement.sql",
    "tests": [
        {
            "query": "DROP TABLE IF EXISTS test;",
            "name": "01845_add_testcase_for_arrayElement.sql"
        },
        {
            "query": "\nCREATE TABLE test (`key` UInt32, `arr` ALIAS [1, 2], `xx` MATERIALIZED arr[1]) ENGINE = MergeTree PARTITION BY tuple() ORDER BY tuple();",
            "name": "01845_add_testcase_for_arrayElement.sql"
        },
        {
            "query": " \nDROP TABLE test;",
            "name": "01845_add_testcase_for_arrayElement.sql"
        },
        {
            "query": "\n\nCREATE TABLE test (`key` UInt32, `arr` Array(UInt32) ALIAS [1, 2], `xx` MATERIALIZED arr[1]) ENGINE = MergeTree PARTITION BY tuple() ORDER BY tuple();",
            "name": "01845_add_testcase_for_arrayElement.sql"
        },
        {
            "query": "\nDROP TABLE test;",
            "name": "01845_add_testcase_for_arrayElement.sql"
        },
        {
            "query": "\n\nCREATE TABLE test (`key` UInt32, `arr` Array(UInt32) ALIAS [1, 2], `xx` UInt32 MATERIALIZED arr[1]) ENGINE = MergeTree PARTITION BY tuple() ORDER BY tuple();",
            "name": "01845_add_testcase_for_arrayElement.sql"
        },
        {
            "query": "\nDROP TABLE test;",
            "name": "01845_add_testcase_for_arrayElement.sql"
        },
        {
            "query": "\n\nCREATE TABLE test (`key` UInt32, `arr` ALIAS [1, 2]) ENGINE = MergeTree PARTITION BY tuple() ORDER BY tuple();",
            "name": "01845_add_testcase_for_arrayElement.sql"
        },
        {
            "query": "\nALTER TABLE test ADD COLUMN `xx` UInt32 MATERIALIZED arr[1];",
            "name": "01845_add_testcase_for_arrayElement.sql"
        },
        {
            "query": "\nDROP TABLE test;",
            "name": "01845_add_testcase_for_arrayElement.sql"
        }
    ]
}