{
    "name": "02540_duplicate_primary_key2.sql",
    "tests": [
        {
            "query": "drop table if exists test;",
            "name": "02540_duplicate_primary_key2.sql"
        },
        {
            "query": "\n\nset allow_suspicious_low_cardinality_types = 1;",
            "name": "02540_duplicate_primary_key2.sql"
        },
        {
            "query": "\n\nCREATE TABLE test\n(\n    `timestamp` DateTime,\n    `latitude` Nullable(Float32) CODEC(Gorilla, ZSTD(1)),\n    `longitude` Nullable(Float32) CODEC(Gorilla, ZSTD(1)),\n    `xxxx1` LowCardinality(UInt8),\n    `xxxx2` LowCardinality(Nullable(Int16)),\n    `xxxx3` LowCardinality(Nullable(Int16)),\n    `xxxx4` Nullable(Int32),\n    `xxxx5` LowCardinality(Nullable(Int32)),\n    `xxxx6` Nullable(Int32),\n    `xxxx7` Nullable(Int32),\n    `xxxx8` LowCardinality(Int32),\n    `xxxx9` LowCardinality(Nullable(Int16)),\n    `xxxx10` LowCardinality(Nullable(Int16)),\n    `xxxx11` LowCardinality(Nullable(Int16)),\n    `xxxx12` LowCardinality(String),\n    `xxxx13` Nullable(Float32),\n    `xxxx14` LowCardinality(String),\n    `xxxx15` LowCardinality(Nullable(String)),\n    `xxxx16` LowCardinality(String),\n    `xxxx17` LowCardinality(String),\n    `xxxx18` FixedString(19),\n    `xxxx19` FixedString(17),\n    `xxxx20` LowCardinality(UInt8),\n    `xxxx21` LowCardinality(Nullable(Int16)),\n    `xxxx22` LowCardinality(Nullable(Int16)),\n    `xxxx23` LowCardinality(Nullable(Int16)),\n    `xxxx24` LowCardinality(Nullable(Int16)),\n    `xxxx25` LowCardinality(Nullable(Int16)),\n    `xxxx26` LowCardinality(Nullable(Int16)),\n    `xxxx27` Nullable(Float32),\n    `xxxx28` LowCardinality(Nullable(String)),\n    `xxxx29` LowCardinality(String),\n    `xxxx30` LowCardinality(String),\n    `xxxx31` LowCardinality(Nullable(String)),\n    `xxxx32` UInt64,\n    PROJECTION cumsum_projection_simple\n    (\n        SELECT\n            xxxx1,\n            toStartOfInterval(timestamp, toIntervalMonth(1)),\n            toStartOfWeek(timestamp, 8),\n            toStartOfInterval(timestamp, toIntervalDay(1)),\n            xxxx17,\n            xxxx16,\n            xxxx14,\n            xxxx9,\n            xxxx10,\n            xxxx21,\n            xxxx22,\n            xxxx11,\n            sum(multiIf(xxxx21 IS NULL, 0, 1)),\n            sum(multiIf(xxxx22 IS NULL, 0, 1)),\n            sum(multiIf(xxxx23 IS NULL, 0, 1)),\n            max(toStartOfInterval(timestamp, toIntervalDay(1))),\n            max(CAST(CAST(toStartOfInterval(timestamp, toIntervalDay(1)), 'Nullable(DATE)'), 'Nullable(TIMESTAMP)')),\n            min(toStartOfInterval(timestamp, toIntervalDay(1))),\n            min(CAST(CAST(toStartOfInterval(timestamp, toIntervalDay(1)), 'Nullable(DATE)'), 'Nullable(TIMESTAMP)')),\n            count(),\n            sum(1),\n            COUNTDistinct(xxxx16),\n            COUNTDistinct(xxxx31),\n            COUNTDistinct(xxxx14),\n            COUNTDistinct(CAST(toStartOfInterval(timestamp, toIntervalDay(1)), 'Nullable(DATE)'))\n        GROUP BY\n            xxxx1,\n            toStartOfInterval(timestamp, toIntervalMonth(1)),\n            toStartOfWeek(timestamp, 8),\n            toStartOfInterval(timestamp, toIntervalDay(1)),\n            xxxx1,\n            toStartOfInterval(timestamp, toIntervalMonth(1)),\n            toStartOfWeek(timestamp, 8),\n            toStartOfInterval(timestamp, toIntervalDay(1)),\n            xxxx17,\n            xxxx16,\n            xxxx14,\n            xxxx9,\n            xxxx10,\n            xxxx21,\n            xxxx22,\n            xxxx11\n    )\n)\nENGINE = MergeTree\nPARTITION BY toYYYYMM(timestamp)\nORDER BY (xxxx17, xxxx14, xxxx16, toStartOfDay(timestamp), left(xxxx19, 10), timestamp);",
            "name": "02540_duplicate_primary_key2.sql"
        },
        {
            "query": " -- { serverError BAD_ARGUMENTS}\n;",
            "name": "02540_duplicate_primary_key2.sql"
        }
    ]
}