{
    "name": "01710_aggregate_projection_with_grouping_set.sql",
    "tests": [
        {
            "query": "drop table if exists test;",
            "name": "01710_aggregate_projection_with_grouping_set.sql"
        },
        {
            "query": "\n\ncreate table test(dim1 String, dim2 String, projection p1 (select dim1, dim2, count() group by dim1, dim2)) engine MergeTree order by dim1;",
            "name": "01710_aggregate_projection_with_grouping_set.sql"
        },
        {
            "query": "\n\ninsert into test values ('a', 'x') ('a', 'y') ('b', 'x') ('b', 'y');",
            "name": "01710_aggregate_projection_with_grouping_set.sql"
        },
        {
            "query": "\n\nselect dim1, dim2, count() from test group by grouping sets ((dim1, dim2), dim1) order by dim1, dim2, count();",
            "name": "01710_aggregate_projection_with_grouping_set.sql"
        },
        {
            "query": "\n\nselect dim1, dim2, count() from test group by dim1, dim2 with rollup order by dim1, dim2, count();",
            "name": "01710_aggregate_projection_with_grouping_set.sql"
        },
        {
            "query": "\n\nselect dim1, dim2, count() from test group by dim1, dim2 with cube order by dim1, dim2, count();",
            "name": "01710_aggregate_projection_with_grouping_set.sql"
        },
        {
            "query": "\n\nselect dim1, dim2, count() from test group by dim1, dim2 with totals order by dim1, dim2, count();",
            "name": "01710_aggregate_projection_with_grouping_set.sql"
        },
        {
            "query": "\n\ndrop table test;",
            "name": "01710_aggregate_projection_with_grouping_set.sql"
        }
    ]
}