{
    "name": "02441_alter_delete_and_drop_column.sql",
    "tests": [
        {
            "query": "-- Tags: no-replicated-database\n\ncreate table mut (n int, m int, k int) engine=ReplicatedMergeTree('/test/02441/{database}/mut', '1') order by n;",
            "name": "02441_alter_delete_and_drop_column.sql"
        },
        {
            "query": "\nset insert_keeper_fault_injection_probability=0;",
            "name": "02441_alter_delete_and_drop_column.sql"
        },
        {
            "query": "\ninsert into mut values (1, 2, 3), (10, 20, 30);",
            "name": "02441_alter_delete_and_drop_column.sql"
        },
        {
            "query": "\n\nsystem stop merges mut;",
            "name": "02441_alter_delete_and_drop_column.sql"
        },
        {
            "query": "\nalter table mut delete where n = 10;",
            "name": "02441_alter_delete_and_drop_column.sql"
        },
        {
            "query": "\n\n-- a funny way to wait for a MUTATE_PART to be assigned\nselect sleepEachRow(2) from url('http://localhost:8123/?param_tries={1..10}&query=' || encodeURLComponent(\n            'select 1 where ''MUTATE_PART'' not in (select type from system.replication_queue where database=''' || currentDatabase() || ''' and table=''mut'')'\n    ), 'LineAsString', 's String') settings max_threads=1 format Null;",
            "name": "02441_alter_delete_and_drop_column.sql"
        },
        {
            "query": "\n\nalter table mut drop column k settings alter_sync=0;",
            "name": "02441_alter_delete_and_drop_column.sql"
        },
        {
            "query": "\nsystem sync replica mut pull;",
            "name": "02441_alter_delete_and_drop_column.sql"
        },
        {
            "query": "\n\n-- a funny way to wait for ALTER_METADATA to disappear from the replication queue\nselect sleepEachRow(2) from url('http://localhost:8123/?param_tries={1..10}&query=' || encodeURLComponent(\n    'select * from system.replication_queue where database=''' || currentDatabase() || ''' and table=''mut'' and type=''ALTER_METADATA'''\n    ), 'LineAsString', 's String') settings max_threads=1 format Null;",
            "name": "02441_alter_delete_and_drop_column.sql"
        },
        {
            "query": "\n\nselect type, new_part_name, parts_to_merge from system.replication_queue where database=currentDatabase() and table='mut';",
            "name": "02441_alter_delete_and_drop_column.sql"
        },
        {
            "query": "\nsystem start merges mut;",
            "name": "02441_alter_delete_and_drop_column.sql"
        },
        {
            "query": "\nset receive_timeout=30;",
            "name": "02441_alter_delete_and_drop_column.sql"
        },
        {
            "query": "\nsystem sync replica mut;",
            "name": "02441_alter_delete_and_drop_column.sql"
        },
        {
            "query": "\nselect * from mut;",
            "name": "02441_alter_delete_and_drop_column.sql"
        }
    ]
}