{
    "name": "01457_int256_hashing.sql",
    "tests": [
        {
            "query": "-- Tags: no-fasttest\n\nSET joined_subquery_requires_alias = 0;",
            "name": "01457_int256_hashing.sql"
        },
        {
            "query": "\n\nSELECT toUInt256(123) IN (NULL);",
            "name": "01457_int256_hashing.sql"
        },
        {
            "query": "\nSELECT toUInt256(123) AS k GROUP BY k;",
            "name": "01457_int256_hashing.sql"
        },
        {
            "query": "\nSELECT k FROM (SELECT toUInt256(123) AS k FROM system.one) INNER JOIN (SELECT toUInt256(123) AS k) t USING k;",
            "name": "01457_int256_hashing.sql"
        },
        {
            "query": "\nSELECT arrayEnumerateUniq([toUInt256(123), toUInt256(456), toUInt256(123)]);",
            "name": "01457_int256_hashing.sql"
        },
        {
            "query": "\n\nSELECT toInt256(123) IN (NULL);",
            "name": "01457_int256_hashing.sql"
        },
        {
            "query": "\nSELECT toInt256(123) AS k GROUP BY k;",
            "name": "01457_int256_hashing.sql"
        },
        {
            "query": "\nSELECT k FROM (SELECT toInt256(123) AS k FROM system.one) INNER JOIN (SELECT toInt256(123) AS k) t USING k;",
            "name": "01457_int256_hashing.sql"
        },
        {
            "query": "\nSELECT arrayEnumerateUniq([toInt256(123), toInt256(456), toInt256(123)]);",
            "name": "01457_int256_hashing.sql"
        },
        {
            "query": "\n\n-- SELECT toUInt128(123) IN (NULL);",
            "name": "01457_int256_hashing.sql"
        },
        {
            "query": "\n-- SELECT toUInt128(123) AS k GROUP BY k;",
            "name": "01457_int256_hashing.sql"
        },
        {
            "query": "\n-- SELECT toUInt128(123) AS k FROM system.one INNER JOIN (SELECT toUInt128(123) AS k) t USING k;",
            "name": "01457_int256_hashing.sql"
        },
        {
            "query": "\n-- SELECT arrayEnumerateUniq([toUInt128(123), toUInt128(456), toUInt128(123)]);",
            "name": "01457_int256_hashing.sql"
        },
        {
            "query": "\n\nSELECT toInt128(123) IN (NULL);",
            "name": "01457_int256_hashing.sql"
        },
        {
            "query": "\nSELECT toInt128(123) AS k GROUP BY k;",
            "name": "01457_int256_hashing.sql"
        },
        {
            "query": "\nSELECT k FROM (SELECT toInt128(123) AS k FROM system.one) INNER JOIN (SELECT toInt128(123) AS k) t USING k;",
            "name": "01457_int256_hashing.sql"
        },
        {
            "query": "\nSELECT arrayEnumerateUniq([toInt128(123), toInt128(456), toInt128(123)]);",
            "name": "01457_int256_hashing.sql"
        },
        {
            "query": "\n\nSELECT toNullable(toUInt256(321)) IN (NULL);",
            "name": "01457_int256_hashing.sql"
        },
        {
            "query": "\nSELECT toNullable(toUInt256(321)) AS k GROUP BY k;",
            "name": "01457_int256_hashing.sql"
        },
        {
            "query": "\nSELECT k FROM (SELECT toNullable(toUInt256(321)) AS k FROM system.one) INNER JOIN (SELECT toUInt256(321) AS k) t USING k;",
            "name": "01457_int256_hashing.sql"
        },
        {
            "query": "\nSELECT arrayEnumerateUniq([toNullable(toUInt256(321)), toNullable(toUInt256(456)), toNullable(toUInt256(321))]);",
            "name": "01457_int256_hashing.sql"
        },
        {
            "query": "\n\nSELECT toNullable(toInt256(321)) IN (NULL);",
            "name": "01457_int256_hashing.sql"
        },
        {
            "query": "\nSELECT toNullable(toInt256(321)) AS k GROUP BY k;",
            "name": "01457_int256_hashing.sql"
        },
        {
            "query": "\nSELECT k FROM (SELECT toNullable(toInt256(321)) AS k FROM system.one) INNER JOIN (SELECT toInt256(321) AS k) t USING k;",
            "name": "01457_int256_hashing.sql"
        },
        {
            "query": "\nSELECT arrayEnumerateUniq([toNullable(toInt256(321)), toNullable(toInt256(456)), toNullable(toInt256(321))]);",
            "name": "01457_int256_hashing.sql"
        },
        {
            "query": "\n\n-- SELECT toNullable(toUInt128(321)) IN (NULL);",
            "name": "01457_int256_hashing.sql"
        },
        {
            "query": "\n-- SELECT toNullable(toUInt128(321)) AS k GROUP BY k;",
            "name": "01457_int256_hashing.sql"
        },
        {
            "query": "\n-- SELECT toNullable(toUInt128(321)) AS k FROM system.one INNER JOIN (SELECT toUInt128(321) AS k) t USING k;",
            "name": "01457_int256_hashing.sql"
        },
        {
            "query": "\n-- SELECT arrayEnumerateUniq([toNullable(toUInt128(321)), toNullable(toUInt128(456)), toNullable(toUInt128(321))]);",
            "name": "01457_int256_hashing.sql"
        },
        {
            "query": "\n\nSELECT toNullable(toInt128(321)) IN (NULL);",
            "name": "01457_int256_hashing.sql"
        },
        {
            "query": "\nSELECT toNullable(toInt128(321)) AS k GROUP BY k;",
            "name": "01457_int256_hashing.sql"
        },
        {
            "query": "\nSELECT k FROM (SELECT toNullable(toInt128(321)) AS k FROM system.one) INNER JOIN (SELECT toInt128(321) AS k) t USING k;",
            "name": "01457_int256_hashing.sql"
        },
        {
            "query": "\nSELECT arrayEnumerateUniq([toNullable(toInt128(321)), toNullable(toInt128(456)), toNullable(toInt128(321))]);",
            "name": "01457_int256_hashing.sql"
        }
    ]
}