{
    "name": "00499_json_enum_insert.sql",
    "tests": [
        {
            "query": "-- Tags: no-fasttest\n\nDROP TABLE IF EXISTS json;",
            "name": "00499_json_enum_insert.sql"
        },
        {
            "query": "\nCREATE TABLE json (x Enum8('browser' = 1, 'mobile' = 2), y String) ENGINE = Memory;",
            "name": "00499_json_enum_insert.sql"
        },
        {
            "query": "\n\nINSERT INTO json (y) VALUES ('Hello');",
            "name": "00499_json_enum_insert.sql"
        },
        {
            "query": "\nSELECT * FROM json ORDER BY y;",
            "name": "00499_json_enum_insert.sql"
        },
        {
            "query": "\n\nINSERT INTO json (y) FORMAT JSONEachRow {\"y\": \"World 1\"};",
            "name": "00499_json_enum_insert.sql"
        },
        {
            "query": "\nSELECT * FROM json ORDER BY y;",
            "name": "00499_json_enum_insert.sql"
        },
        {
            "query": "\n\nINSERT INTO json (x, y) FORMAT JSONEachRow {\"y\": \"World 2\"};",
            "name": "00499_json_enum_insert.sql"
        },
        {
            "query": "\nSELECT * FROM json ORDER BY y;",
            "name": "00499_json_enum_insert.sql"
        },
        {
            "query": "\n\nDROP TABLE json;",
            "name": "00499_json_enum_insert.sql"
        }
    ]
}