{
    "name": "02416_input_json_formats.sql",
    "tests": [
        {
            "query": "-- Tags: no-parallel, no-fasttest\ninsert into function file(02416_data.json) select number::UInt32 as n, 'Hello' as s, range(number) as a from numbers(3) settings engine_file_truncate_on_insert=1;",
            "name": "02416_input_json_formats.sql"
        },
        {
            "query": "\ndesc file(02416_data.json);",
            "name": "02416_input_json_formats.sql"
        },
        {
            "query": "\nselect * from file(02416_data.json);",
            "name": "02416_input_json_formats.sql"
        },
        {
            "query": "\n\ninsert into function file(02416_data.jsonCompact) select number::UInt32 as n, 'Hello' as s, range(number) as a from numbers(3) settings engine_file_truncate_on_insert=1;",
            "name": "02416_input_json_formats.sql"
        },
        {
            "query": "\ndesc file(02416_data.jsonCompact);",
            "name": "02416_input_json_formats.sql"
        },
        {
            "query": "\nselect * from file(02416_data.jsonCompact);",
            "name": "02416_input_json_formats.sql"
        },
        {
            "query": "\n\ninsert into function file(02416_data.jsonColumnsWithMetadata) select number::UInt32 as n, 'Hello' as s, range(number) as a from numbers(3) settings engine_file_truncate_on_insert=1;",
            "name": "02416_input_json_formats.sql"
        },
        {
            "query": "\ndesc file(02416_data.jsonColumnsWithMetadata);",
            "name": "02416_input_json_formats.sql"
        },
        {
            "query": "\nselect * from file(02416_data.jsonColumnsWithMetadata);",
            "name": "02416_input_json_formats.sql"
        }
    ]
}