{
    "name": "01412_optimize_deduplicate_bug.sql",
    "tests": [
        {
            "query": "drop table if exists tesd_dedupl;",
            "name": "01412_optimize_deduplicate_bug.sql"
        },
        {
            "query": "\n\ncreate table tesd_dedupl (x UInt32, y UInt32) engine = MergeTree order by x;",
            "name": "01412_optimize_deduplicate_bug.sql"
        },
        {
            "query": "\ninsert into tesd_dedupl values (1, 1);",
            "name": "01412_optimize_deduplicate_bug.sql"
        },
        {
            "query": "\ninsert into tesd_dedupl values (1, 1);",
            "name": "01412_optimize_deduplicate_bug.sql"
        },
        {
            "query": "\n\nOPTIMIZE TABLE tesd_dedupl DEDUPLICATE;",
            "name": "01412_optimize_deduplicate_bug.sql"
        },
        {
            "query": "\nselect * from tesd_dedupl;",
            "name": "01412_optimize_deduplicate_bug.sql"
        },
        {
            "query": "\n\ndrop table if exists tesd_dedupl;",
            "name": "01412_optimize_deduplicate_bug.sql"
        }
    ]
}