{
    "name": "00749_inner_join_of_unnamed_subqueries.sql",
    "tests": [
        {
            "query": "set joined_subquery_requires_alias = 0;",
            "name": "00749_inner_join_of_unnamed_subqueries.sql"
        },
        {
            "query": "\n\nDROP TABLE IF EXISTS left_table;",
            "name": "00749_inner_join_of_unnamed_subqueries.sql"
        },
        {
            "query": "\nDROP TABLE IF EXISTS right_table;",
            "name": "00749_inner_join_of_unnamed_subqueries.sql"
        },
        {
            "query": "\n\nCREATE TABLE left_table(APIKey Int32, SomeColumn String) ENGINE = MergeTree ORDER BY tuple();",
            "name": "00749_inner_join_of_unnamed_subqueries.sql"
        },
        {
            "query": "\n\nINSERT INTO left_table VALUES(1, 'somestr');",
            "name": "00749_inner_join_of_unnamed_subqueries.sql"
        },
        {
            "query": "\n\nCREATE TABLE right_table(APIKey Int32, EventValueForPostback String) ENGINE = MergeTree ORDER BY tuple();",
            "name": "00749_inner_join_of_unnamed_subqueries.sql"
        },
        {
            "query": "\n\nINSERT INTO right_table VALUES(1, 'hello'), (2, 'WORLD');",
            "name": "00749_inner_join_of_unnamed_subqueries.sql"
        },
        {
            "query": "\n\nSELECT\n    APIKey,\n    ConversionEventValue\nFROM\n    left_table AS left_table\nALL INNER JOIN\n    (\n        SELECT *\n        FROM\n            (\n                SELECT\n                    APIKey,\n                    EventValueForPostback AS ConversionEventValue\n                FROM\n                    right_table AS right_table\n            )\n            ALL INNER JOIN\n            (\n                SELECT\n                    APIKey\n                FROM\n                    left_table as left_table\n                GROUP BY\n                    APIKey\n            ) USING (APIKey)\n    ) USING (APIKey);",
            "name": "00749_inner_join_of_unnamed_subqueries.sql"
        },
        {
            "query": "\n\nDROP TABLE IF EXISTS left_table;",
            "name": "00749_inner_join_of_unnamed_subqueries.sql"
        },
        {
            "query": "\nDROP TABLE IF EXISTS right_table;",
            "name": "00749_inner_join_of_unnamed_subqueries.sql"
        }
    ]
}