{
    "name": "01064_incremental_streaming_from_2_src_with_feedback.sql",
    "tests": [
        {
            "query": "SET joined_subquery_requires_alias = 0;",
            "name": "01064_incremental_streaming_from_2_src_with_feedback.sql"
        },
        {
            "query": "\nSET max_threads = 1;",
            "name": "01064_incremental_streaming_from_2_src_with_feedback.sql"
        },
        {
            "query": "\n-- It affects number of read rows and max_rows_to_read.\nSET max_bytes_before_external_sort = 0;",
            "name": "01064_incremental_streaming_from_2_src_with_feedback.sql"
        },
        {
            "query": "\nSET max_bytes_before_external_group_by = 0;",
            "name": "01064_incremental_streaming_from_2_src_with_feedback.sql"
        },
        {
            "query": "\n\n-- incremental streaming usecase\n-- that has sense only if data filling order has guarantees of chronological order\n\nDROP TABLE IF EXISTS target_table;",
            "name": "01064_incremental_streaming_from_2_src_with_feedback.sql"
        },
        {
            "query": "\nDROP TABLE IF EXISTS logins;",
            "name": "01064_incremental_streaming_from_2_src_with_feedback.sql"
        },
        {
            "query": "\nDROP TABLE IF EXISTS mv_logins2target;",
            "name": "01064_incremental_streaming_from_2_src_with_feedback.sql"
        },
        {
            "query": "\nDROP TABLE IF EXISTS checkouts;",
            "name": "01064_incremental_streaming_from_2_src_with_feedback.sql"
        },
        {
            "query": "\nDROP TABLE IF EXISTS mv_checkouts2target;",
            "name": "01064_incremental_streaming_from_2_src_with_feedback.sql"
        },
        {
            "query": "\n\n-- that is the final table, which is filled incrementally from 2 different sources\n\nCREATE TABLE target_table Engine=SummingMergeTree() ORDER BY id\nSETTINGS index_granularity=128, index_granularity_bytes = '10Mi'\nAS\n   SELECT\n     number as id,\n     maxState( toDateTime(0, 'UTC') ) as latest_login_time,\n     maxState( toDateTime(0, 'UTC') ) as latest_checkout_time,\n     minState( toUInt64(-1) ) as fastest_session,\n     maxState( toUInt64(0) ) as biggest_inactivity_period\nFROM numbers(50000)\nGROUP BY id\nSETTINGS max_insert_threads=1;",
            "name": "01064_incremental_streaming_from_2_src_with_feedback.sql"
        },
        {
            "query": "\n\n-- source table #1\n\nCREATE TABLE logins (\n    id UInt64,\n    ts DateTime('UTC')\n) Engine=MergeTree ORDER BY id;",
            "name": "01064_incremental_streaming_from_2_src_with_feedback.sql"
        },
        {
            "query": "\n\n\n-- and mv with something like feedback from target table\n\nCREATE MATERIALIZED VIEW mv_logins2target TO target_table\nAS\n   SELECT\n     id,\n     maxState( ts ) as latest_login_time,\n     maxState( toDateTime(0, 'UTC') ) as latest_checkout_time,\n     minState( toUInt64(-1) ) as fastest_session,\n     if(max(current_latest_checkout_time) > 0, maxState(toUInt64(ts - current_latest_checkout_time)), maxState( toUInt64(0) ) ) as biggest_inactivity_period\n   FROM logins\n   LEFT JOIN (\n       SELECT\n          id,\n          maxMerge(latest_checkout_time) as current_latest_checkout_time\n\n        -- normal MV sees only the incoming block, but we need something like feedback here\n        -- so we do join with target table, the most important thing here is that\n        -- we extract from target table only row affected by that MV, referencing src table\n        -- it second time\n        FROM target_table\n        WHERE id IN (SELECT id FROM logins)\n        GROUP BY id\n    ) USING (id)\n   GROUP BY id;",
            "name": "01064_incremental_streaming_from_2_src_with_feedback.sql"
        },
        {
            "query": "\n\n\n-- the same for second pipeline\nCREATE TABLE checkouts (\n    id UInt64,\n    ts DateTime('UTC')\n) Engine=MergeTree ORDER BY id;",
            "name": "01064_incremental_streaming_from_2_src_with_feedback.sql"
        },
        {
            "query": "\n\nCREATE MATERIALIZED VIEW mv_checkouts2target TO target_table\nAS\n   SELECT\n     id,\n     maxState( toDateTime(0, 'UTC') ) as latest_login_time,\n     maxState( ts ) as latest_checkout_time,\n     if(max(current_latest_login_time) > 0, minState( toUInt64(ts - current_latest_login_time)), minState( toUInt64(-1) ) ) as fastest_session,\n     maxState( toUInt64(0) ) as biggest_inactivity_period\n   FROM checkouts\n   LEFT JOIN (SELECT id, maxMerge(latest_login_time) as current_latest_login_time FROM target_table WHERE id IN (SELECT id FROM checkouts) GROUP BY id) USING (id)\n   GROUP BY id;",
            "name": "01064_incremental_streaming_from_2_src_with_feedback.sql"
        },
        {
            "query": "\n\n-- This query has effect only for existing tables, so it must be located after CREATE.\nSYSTEM STOP MERGES target_table;",
            "name": "01064_incremental_streaming_from_2_src_with_feedback.sql"
        },
        {
            "query": "\nSYSTEM STOP MERGES checkouts;",
            "name": "01064_incremental_streaming_from_2_src_with_feedback.sql"
        },
        {
            "query": "\nSYSTEM STOP MERGES logins;",
            "name": "01064_incremental_streaming_from_2_src_with_feedback.sql"
        },
        {
            "query": "\n\n-- feed with some initial values\nINSERT INTO logins SELECT number as id,    '2000-01-01 08:00:00' from numbers(50000);",
            "name": "01064_incremental_streaming_from_2_src_with_feedback.sql"
        },
        {
            "query": "\nINSERT INTO checkouts SELECT number as id, '2000-01-01 10:00:00' from numbers(50000);",
            "name": "01064_incremental_streaming_from_2_src_with_feedback.sql"
        },
        {
            "query": "\n\n-- ensure that we don't read whole target table during join\n-- by this time we should have 3 parts for target_table because of prev inserts\n-- and we plan to make two more inserts. With index_granularity=128 and max id=1000\n-- we expect to read not more than:\n--      1000 rows read from numbers(1000) in the INSERT itself\n--      1000 rows in the `IN (SELECT id FROM table)` in the mat views\n--      (1000/128) marks per part * (3 + 2) parts * 128 granularity = 5120 rows\n--      Total: 7120\nset max_rows_to_read = 7120;",
            "name": "01064_incremental_streaming_from_2_src_with_feedback.sql"
        },
        {
            "query": "\n\nINSERT INTO logins    SELECT number as id, '2000-01-01 11:00:00' from numbers(1000);",
            "name": "01064_incremental_streaming_from_2_src_with_feedback.sql"
        },
        {
            "query": "\nINSERT INTO checkouts SELECT number as id, '2000-01-01 11:10:00' from numbers(1000);",
            "name": "01064_incremental_streaming_from_2_src_with_feedback.sql"
        },
        {
            "query": "\n\n-- by this time we should have 5 parts for target_table because of prev inserts\n-- and we plan to make two more inserts. With index_granularity=128 and max id=1\n-- we expect to read not more than:\n--      1 mark per part * (5 + 2) parts * 128 granularity + 1 (numbers(1)) = 897 rows\nset max_rows_to_read = 897;",
            "name": "01064_incremental_streaming_from_2_src_with_feedback.sql"
        },
        {
            "query": "\n\nINSERT INTO logins    SELECT number+2 as id, '2001-01-01 11:10:01' from numbers(1);",
            "name": "01064_incremental_streaming_from_2_src_with_feedback.sql"
        },
        {
            "query": "\nINSERT INTO checkouts SELECT number+2 as id, '2001-01-01 11:10:02' from numbers(1);",
            "name": "01064_incremental_streaming_from_2_src_with_feedback.sql"
        },
        {
            "query": "\n\n\nset max_rows_to_read = 0;",
            "name": "01064_incremental_streaming_from_2_src_with_feedback.sql"
        },
        {
            "query": "\n\nselect '-- unmerged state';",
            "name": "01064_incremental_streaming_from_2_src_with_feedback.sql"
        },
        {
            "query": "\n\nselect\n   id,\n   finalizeAggregation(latest_login_time) as current_latest_login_time,\n   finalizeAggregation(latest_checkout_time) as current_latest_checkout_time,\n   finalizeAggregation(fastest_session)  as current_fastest_session,\n   finalizeAggregation(biggest_inactivity_period)  as current_biggest_inactivity_period\nfrom target_table\nwhere id in (1,2)\nORDER BY id, current_latest_login_time, current_latest_checkout_time;",
            "name": "01064_incremental_streaming_from_2_src_with_feedback.sql"
        },
        {
            "query": "\n\nselect '-- merged state';",
            "name": "01064_incremental_streaming_from_2_src_with_feedback.sql"
        },
        {
            "query": "\n\nSELECT\n     id,\n     maxMerge(latest_login_time) as current_latest_login_time,\n     maxMerge(latest_checkout_time) as current_latest_checkout_time,\n     minMerge(fastest_session) as current_fastest_session,\n     maxMerge(biggest_inactivity_period) as current_biggest_inactivity_period\nFROM target_table\nwhere id in (1,2)\nGROUP BY id\nORDER BY id;",
            "name": "01064_incremental_streaming_from_2_src_with_feedback.sql"
        },
        {
            "query": "\n\nDROP TABLE IF EXISTS logins;",
            "name": "01064_incremental_streaming_from_2_src_with_feedback.sql"
        },
        {
            "query": "\nDROP TABLE IF EXISTS mv_logins2target;",
            "name": "01064_incremental_streaming_from_2_src_with_feedback.sql"
        },
        {
            "query": "\nDROP TABLE IF EXISTS checkouts;",
            "name": "01064_incremental_streaming_from_2_src_with_feedback.sql"
        },
        {
            "query": "\nDROP TABLE IF EXISTS mv_checkouts2target;",
            "name": "01064_incremental_streaming_from_2_src_with_feedback.sql"
        },
        {
            "query": "\nDROP TABLE target_table;",
            "name": "01064_incremental_streaming_from_2_src_with_feedback.sql"
        }
    ]
}