{
    "name": "02790_sql_standard_fetch.sql",
    "tests": [
        {
            "query": "-- https://antonz.org/sql-fetch/\n\nCREATE TEMPORARY TABLE employees (id UInt64, name String, department String, salary UInt64);",
            "name": "02790_sql_standard_fetch.sql"
        },
        {
            "query": "\nINSERT INTO employees VALUES (23, 'Henry', 'it', 104), (24, 'Irene', 'it', 104), (25, 'Frank', 'it', 120), (31, 'Cindy', 'sales', 96), (33, 'Alice', 'sales', 100), (32, 'Dave', 'sales', 96), (22, 'Grace', 'it', 90), (21, 'Emma', 'it', 84);",
            "name": "02790_sql_standard_fetch.sql"
        },
        {
            "query": "\n\n-- Determinism\nSET max_threads = 1, parallelize_output_from_storages = 0;",
            "name": "02790_sql_standard_fetch.sql"
        },
        {
            "query": "\n\nselect transform(name, ['Henry', 'Irene', 'Dave', 'Cindy'], ['Henry or Irene', 'Henry or Irene', 'Dave or Cindy', 'Dave or Cindy']) AS name, department, salary from (SELECT * FROM employees ORDER BY id, name, department, salary)\norder by salary desc\nlimit 5\nformat PrettyCompactNoEscapes;",
            "name": "02790_sql_standard_fetch.sql"
        },
        {
            "query": "\n\nselect transform(name, ['Henry', 'Irene', 'Dave', 'Cindy'], ['Henry or Irene', 'Henry or Irene', 'Dave or Cindy', 'Dave or Cindy']) AS name, department, salary from (SELECT * FROM employees ORDER BY id, name, department, salary)\norder by salary desc\nfetch first 5 rows only\nformat PrettyCompactNoEscapes;",
            "name": "02790_sql_standard_fetch.sql"
        },
        {
            "query": "\n\nselect transform(name, ['Henry', 'Irene', 'Dave', 'Cindy'], ['Henry or Irene', 'Henry or Irene', 'Dave or Cindy', 'Dave or Cindy']) AS name, department, salary from (SELECT * FROM employees ORDER BY id, name, department, salary)\norder by salary desc\nfetch first 5 rows with ties\nformat PrettyCompactNoEscapes;",
            "name": "02790_sql_standard_fetch.sql"
        },
        {
            "query": "\n\nselect transform(name, ['Henry', 'Irene', 'Dave', 'Cindy'], ['Henry or Irene', 'Henry or Irene', 'Dave or Cindy', 'Dave or Cindy']) AS name, department, salary from (SELECT * FROM employees ORDER BY id, name, department, salary)\norder by salary desc\noffset 3 rows\nfetch next 5 rows only\nformat PrettyCompactNoEscapes;",
            "name": "02790_sql_standard_fetch.sql"
        },
        {
            "query": "\n\nselect transform(name, ['Henry', 'Irene', 'Dave', 'Cindy'], ['Henry or Irene', 'Henry or Irene', 'Dave or Cindy', 'Dave or Cindy']) AS name, department, salary from (SELECT * FROM employees ORDER BY id, name, department, salary)\norder by salary desc\noffset 3 rows\nfetch first 5 rows only\nformat PrettyCompactNoEscapes;",
            "name": "02790_sql_standard_fetch.sql"
        }
    ]
}