{
    "name": "00116_storage_set.sql",
    "tests": [
        {
            "query": "DROP TABLE IF EXISTS set;",
            "name": "00116_storage_set.sql"
        },
        {
            "query": "\nDROP TABLE IF EXISTS set2;",
            "name": "00116_storage_set.sql"
        },
        {
            "query": "\nDROP TABLE IF EXISTS tab;",
            "name": "00116_storage_set.sql"
        },
        {
            "query": "\n\nCREATE TABLE set (x String) ENGINE = Set;",
            "name": "00116_storage_set.sql"
        },
        {
            "query": "\n\nSELECT arrayJoin(['Hello', 'test', 'World', 'world', 'abc', 'xyz']) AS s WHERE s IN set;",
            "name": "00116_storage_set.sql"
        },
        {
            "query": "\nSELECT arrayJoin(['Hello', 'test', 'World', 'world', 'abc', 'xyz']) AS s WHERE s NOT IN set;",
            "name": "00116_storage_set.sql"
        },
        {
            "query": "\n\nINSERT INTO set VALUES ('Hello'), ('World');",
            "name": "00116_storage_set.sql"
        },
        {
            "query": "\nSELECT arrayJoin(['Hello', 'test', 'World', 'world', 'abc', 'xyz']) AS s WHERE s IN set;",
            "name": "00116_storage_set.sql"
        },
        {
            "query": "\n\nRENAME TABLE set TO set2;",
            "name": "00116_storage_set.sql"
        },
        {
            "query": "\nSELECT arrayJoin(['Hello', 'test', 'World', 'world', 'abc', 'xyz']) AS s WHERE s IN set2;",
            "name": "00116_storage_set.sql"
        },
        {
            "query": "\n\nINSERT INTO set2 VALUES ('Hello'), ('World');",
            "name": "00116_storage_set.sql"
        },
        {
            "query": "\nSELECT arrayJoin(['Hello', 'test', 'World', 'world', 'abc', 'xyz']) AS s WHERE s IN set2;",
            "name": "00116_storage_set.sql"
        },
        {
            "query": "\n\nINSERT INTO set2 VALUES ('abc'), ('World');",
            "name": "00116_storage_set.sql"
        },
        {
            "query": "\nSELECT arrayJoin(['Hello', 'test', 'World', 'world', 'abc', 'xyz']) AS s WHERE s IN set2;",
            "name": "00116_storage_set.sql"
        },
        {
            "query": "\n\nDETACH TABLE set2;",
            "name": "00116_storage_set.sql"
        },
        {
            "query": "\nATTACH TABLE set2;",
            "name": "00116_storage_set.sql"
        },
        {
            "query": "\n\nSELECT arrayJoin(['Hello', 'test', 'World', 'world', 'abc', 'xyz']) AS s WHERE s IN set2;",
            "name": "00116_storage_set.sql"
        },
        {
            "query": "\n\nRENAME TABLE set2 TO set;",
            "name": "00116_storage_set.sql"
        },
        {
            "query": "\nSELECT arrayJoin(['Hello', 'test', 'World', 'world', 'abc', 'xyz']) AS s WHERE s IN set;",
            "name": "00116_storage_set.sql"
        },
        {
            "query": "\n\ncreate table tab (x String) engine = MergeTree order by x as select 'Hello';",
            "name": "00116_storage_set.sql"
        },
        {
            "query": "\nSELECT * FROM tab PREWHERE x IN (set) WHERE x IN (set) LIMIT 1 settings allow_experimental_analyzer=0;",
            "name": "00116_storage_set.sql"
        },
        {
            "query": "\nSELECT * FROM tab PREWHERE x IN (set) WHERE x IN (set) LIMIT 1 settings allow_experimental_analyzer=1;",
            "name": "00116_storage_set.sql"
        },
        {
            "query": "\nDROP TABLE tab;",
            "name": "00116_storage_set.sql"
        },
        {
            "query": "\n\nDROP TABLE set;",
            "name": "00116_storage_set.sql"
        }
    ]
}