{
    "name": "00662_array_has_nullable.sql",
    "tests": [
        {
            "query": "SELECT has(['a', 'b'], 'a');",
            "name": "00662_array_has_nullable.sql"
        },
        {
            "query": "\nSELECT has(['a', 'b'], 'b');",
            "name": "00662_array_has_nullable.sql"
        },
        {
            "query": "\nSELECT has(['a', 'b'], 'c');",
            "name": "00662_array_has_nullable.sql"
        },
        {
            "query": "\nSELECT has(['a', 'b'], NULL);",
            "name": "00662_array_has_nullable.sql"
        },
        {
            "query": "\n\nSELECT has(['a', NULL, 'b'], 'a');",
            "name": "00662_array_has_nullable.sql"
        },
        {
            "query": "\nSELECT has(['a', NULL, 'b'], 'b');",
            "name": "00662_array_has_nullable.sql"
        },
        {
            "query": "\nSELECT has(['a', NULL, 'b'], 'c');",
            "name": "00662_array_has_nullable.sql"
        },
        {
            "query": "\nSELECT has(['a', NULL, 'b'], NULL);",
            "name": "00662_array_has_nullable.sql"
        },
        {
            "query": "\n\nSELECT has(materialize(['a', 'b']), 'a');",
            "name": "00662_array_has_nullable.sql"
        },
        {
            "query": "\nSELECT has(materialize(['a', 'b']), 'b');",
            "name": "00662_array_has_nullable.sql"
        },
        {
            "query": "\nSELECT has(materialize(['a', 'b']), 'c');",
            "name": "00662_array_has_nullable.sql"
        },
        {
            "query": "\nSELECT has(materialize(['a', 'b']), NULL);",
            "name": "00662_array_has_nullable.sql"
        },
        {
            "query": "\n\nSELECT has(materialize(['a', NULL, 'b']), 'a');",
            "name": "00662_array_has_nullable.sql"
        },
        {
            "query": "\nSELECT has(materialize(['a', NULL, 'b']), 'b');",
            "name": "00662_array_has_nullable.sql"
        },
        {
            "query": "\nSELECT has(materialize(['a', NULL, 'b']), 'c');",
            "name": "00662_array_has_nullable.sql"
        },
        {
            "query": "\nSELECT has(materialize(['a', NULL, 'b']), NULL);",
            "name": "00662_array_has_nullable.sql"
        },
        {
            "query": "\n\nSELECT has(['a', 'b'], materialize('a'));",
            "name": "00662_array_has_nullable.sql"
        },
        {
            "query": "\nSELECT has(['a', 'b'], materialize('b'));",
            "name": "00662_array_has_nullable.sql"
        },
        {
            "query": "\nSELECT has(['a', 'b'], materialize('c'));",
            "name": "00662_array_has_nullable.sql"
        },
        {
            "query": "\n\nSELECT has(['a', NULL, 'b'], materialize('a'));",
            "name": "00662_array_has_nullable.sql"
        },
        {
            "query": "\nSELECT has(['a', NULL, 'b'], materialize('b'));",
            "name": "00662_array_has_nullable.sql"
        },
        {
            "query": "\nSELECT has(['a', NULL, 'b'], materialize('c'));",
            "name": "00662_array_has_nullable.sql"
        },
        {
            "query": "\n\nSELECT has(materialize(['a', 'b']), materialize('a'));",
            "name": "00662_array_has_nullable.sql"
        },
        {
            "query": "\nSELECT has(materialize(['a', 'b']), materialize('b'));",
            "name": "00662_array_has_nullable.sql"
        },
        {
            "query": "\nSELECT has(materialize(['a', 'b']), materialize('c'));",
            "name": "00662_array_has_nullable.sql"
        },
        {
            "query": "\n\nSELECT has(materialize(['a', NULL, 'b']), materialize('a'));",
            "name": "00662_array_has_nullable.sql"
        },
        {
            "query": "\nSELECT has(materialize(['a', NULL, 'b']), materialize('b'));",
            "name": "00662_array_has_nullable.sql"
        },
        {
            "query": "\nSELECT has(materialize(['a', NULL, 'b']), materialize('c'));",
            "name": "00662_array_has_nullable.sql"
        },
        {
            "query": "\n\n\nSELECT has([111, 222], 111);",
            "name": "00662_array_has_nullable.sql"
        },
        {
            "query": "\nSELECT has([111, 222], 222);",
            "name": "00662_array_has_nullable.sql"
        },
        {
            "query": "\nSELECT has([111, 222], 333);",
            "name": "00662_array_has_nullable.sql"
        },
        {
            "query": "\nSELECT has([111, 222], NULL);",
            "name": "00662_array_has_nullable.sql"
        },
        {
            "query": "\n\nSELECT has([111, NULL, 222], 111);",
            "name": "00662_array_has_nullable.sql"
        },
        {
            "query": "\nSELECT has([111, NULL, 222], 222);",
            "name": "00662_array_has_nullable.sql"
        },
        {
            "query": "\nSELECT has([111, NULL, 222], 333);",
            "name": "00662_array_has_nullable.sql"
        },
        {
            "query": "\nSELECT has([111, NULL, 222], NULL);",
            "name": "00662_array_has_nullable.sql"
        },
        {
            "query": "\n\nSELECT has(materialize([111, 222]), 111);",
            "name": "00662_array_has_nullable.sql"
        },
        {
            "query": "\nSELECT has(materialize([111, 222]), 222);",
            "name": "00662_array_has_nullable.sql"
        },
        {
            "query": "\nSELECT has(materialize([111, 222]), 333);",
            "name": "00662_array_has_nullable.sql"
        },
        {
            "query": "\nSELECT has(materialize([111, 222]), NULL);",
            "name": "00662_array_has_nullable.sql"
        },
        {
            "query": "\n\nSELECT has(materialize([111, NULL, 222]), 111);",
            "name": "00662_array_has_nullable.sql"
        },
        {
            "query": "\nSELECT has(materialize([111, NULL, 222]), 222);",
            "name": "00662_array_has_nullable.sql"
        },
        {
            "query": "\nSELECT has(materialize([111, NULL, 222]), 333);",
            "name": "00662_array_has_nullable.sql"
        },
        {
            "query": "\nSELECT has(materialize([111, NULL, 222]), NULL);",
            "name": "00662_array_has_nullable.sql"
        },
        {
            "query": "\n\nSELECT has([111, 222], materialize(111));",
            "name": "00662_array_has_nullable.sql"
        },
        {
            "query": "\nSELECT has([111, 222], materialize(222));",
            "name": "00662_array_has_nullable.sql"
        },
        {
            "query": "\nSELECT has([111, 222], materialize(333));",
            "name": "00662_array_has_nullable.sql"
        },
        {
            "query": "\n\nSELECT has([111, NULL, 222], materialize(111));",
            "name": "00662_array_has_nullable.sql"
        },
        {
            "query": "\nSELECT has([111, NULL, 222], materialize(222));",
            "name": "00662_array_has_nullable.sql"
        },
        {
            "query": "\nSELECT has([111, NULL, 222], materialize(333));",
            "name": "00662_array_has_nullable.sql"
        },
        {
            "query": "\n\nSELECT has(materialize([111, 222]), materialize(111));",
            "name": "00662_array_has_nullable.sql"
        },
        {
            "query": "\nSELECT has(materialize([111, 222]), materialize(222));",
            "name": "00662_array_has_nullable.sql"
        },
        {
            "query": "\nSELECT has(materialize([111, 222]), materialize(333));",
            "name": "00662_array_has_nullable.sql"
        },
        {
            "query": "\n\nSELECT has(materialize([111, NULL, 222]), materialize(111));",
            "name": "00662_array_has_nullable.sql"
        },
        {
            "query": "\nSELECT has(materialize([111, NULL, 222]), materialize(222));",
            "name": "00662_array_has_nullable.sql"
        },
        {
            "query": "\nSELECT has(materialize([111, NULL, 222]), materialize(333));",
            "name": "00662_array_has_nullable.sql"
        }
    ]
}