{
    "name": "02845_prewhere_preserve_column.sql",
    "tests": [
        {
            "query": "DROP TABLE IF EXISTS 02845_prewhere;",
            "name": "02845_prewhere_preserve_column.sql"
        },
        {
            "query": "\n\nSET move_all_conditions_to_prewhere = 1;",
            "name": "02845_prewhere_preserve_column.sql"
        },
        {
            "query": "\n\nCREATE TABLE  02845_prewhere  ( e String, c String, q String ) ENGINE = MergeTree ORDER BY tuple();",
            "name": "02845_prewhere_preserve_column.sql"
        },
        {
            "query": "\n\nINSERT INTO 02845_prewhere SELECT number, number, number from numbers(10);",
            "name": "02845_prewhere_preserve_column.sql"
        },
        {
            "query": "\n\nSELECT * FROM (SELECT * FROM 02845_prewhere WHERE e = '5' OR q = '6') WHERE (q = '6');",
            "name": "02845_prewhere_preserve_column.sql"
        }
    ]
}