{
    "name": "02902_topKGeneric_deserialization_memory.sql",
    "tests": [
        {
            "query": "-- Tags: no-fasttest\n\n-- https://github.com/ClickHouse/ClickHouse/issues/49706\n-- Using format Parquet for convenience so it errors out without output (but still deserializes the output)\n-- Without the fix this would OOM the client when deserializing the state\nSELECT\n    topKResampleState(1048576, 257, 65536, 10)(toString(number), number)\nFROM numbers(3)\nFORMAT Parquet;",
            "name": "02902_topKGeneric_deserialization_memory.sql"
        },
        {
            "query": " -- { clientError UNKNOWN_TYPE }\n;",
            "name": "02902_topKGeneric_deserialization_memory.sql"
        }
    ]
}