{
    "name": "01314_position_in_system_columns.sql",
    "tests": [
        {
            "query": "DROP TABLE IF EXISTS test;",
            "name": "01314_position_in_system_columns.sql"
        },
        {
            "query": "\nCREATE TABLE test (x UInt8, y String, z Array(String)) ENGINE = MergeTree ORDER BY tuple();",
            "name": "01314_position_in_system_columns.sql"
        },
        {
            "query": "\nINSERT INTO test (x) VALUES (1);",
            "name": "01314_position_in_system_columns.sql"
        },
        {
            "query": "\n\nSELECT name, type, position FROM system.columns WHERE database = currentDatabase() AND table = 'test';",
            "name": "01314_position_in_system_columns.sql"
        },
        {
            "query": "\nSELECT column, type, column_position FROM system.parts_columns WHERE database = currentDatabase() AND table = 'test';",
            "name": "01314_position_in_system_columns.sql"
        },
        {
            "query": "\n\nDROP TABLE test;",
            "name": "01314_position_in_system_columns.sql"
        }
    ]
}