{
    "name": "02989_variant_comparison.sql",
    "tests": [
        {
            "query": "set allow_experimental_variant_type=1;",
            "name": "02989_variant_comparison.sql"
        },
        {
            "query": "\n\ncreate table test (v1 Variant(String, UInt64, Array(UInt32)), v2 Variant(String, UInt64, Array(UInt32))) engine=Memory;",
            "name": "02989_variant_comparison.sql"
        },
        {
            "query": "\n\ninsert into test values (42, 42);",
            "name": "02989_variant_comparison.sql"
        },
        {
            "query": "\ninsert into test values (42, 43);",
            "name": "02989_variant_comparison.sql"
        },
        {
            "query": "\ninsert into test values (43, 42);",
            "name": "02989_variant_comparison.sql"
        },
        {
            "query": "\n\ninsert into test values ('abc', 'abc');",
            "name": "02989_variant_comparison.sql"
        },
        {
            "query": "\ninsert into test values ('abc', 'abd');",
            "name": "02989_variant_comparison.sql"
        },
        {
            "query": "\ninsert into test values ('abd', 'abc');",
            "name": "02989_variant_comparison.sql"
        },
        {
            "query": "\n\ninsert into test values ([1,2,3], [1,2,3]);",
            "name": "02989_variant_comparison.sql"
        },
        {
            "query": "\ninsert into test values ([1,2,3], [1,2,4]);",
            "name": "02989_variant_comparison.sql"
        },
        {
            "query": "\ninsert into test values ([1,2,4], [1,2,3]);",
            "name": "02989_variant_comparison.sql"
        },
        {
            "query": "\n\ninsert into test values (NULL, NULL);",
            "name": "02989_variant_comparison.sql"
        },
        {
            "query": "\n\ninsert into test values (42, 'abc');",
            "name": "02989_variant_comparison.sql"
        },
        {
            "query": "\ninsert into test values ('abc', 42);",
            "name": "02989_variant_comparison.sql"
        },
        {
            "query": "\n\ninsert into test values (42, [1,2,3]);",
            "name": "02989_variant_comparison.sql"
        },
        {
            "query": "\ninsert into test values ([1,2,3], 42);",
            "name": "02989_variant_comparison.sql"
        },
        {
            "query": "\n\ninsert into test values (42, NULL);",
            "name": "02989_variant_comparison.sql"
        },
        {
            "query": "\ninsert into test values (NULL, 42);",
            "name": "02989_variant_comparison.sql"
        },
        {
            "query": "\n\ninsert into test values ('abc', [1,2,3]);",
            "name": "02989_variant_comparison.sql"
        },
        {
            "query": "\ninsert into test values ([1,2,3], 'abc');",
            "name": "02989_variant_comparison.sql"
        },
        {
            "query": "\n\ninsert into test values ('abc', NULL);",
            "name": "02989_variant_comparison.sql"
        },
        {
            "query": "\ninsert into test values (NULL, 'abc');",
            "name": "02989_variant_comparison.sql"
        },
        {
            "query": "\n\ninsert into test values ([1,2,3], NULL);",
            "name": "02989_variant_comparison.sql"
        },
        {
            "query": "\ninsert into test values (NULL, [1,2,3]);",
            "name": "02989_variant_comparison.sql"
        },
        {
            "query": "\n\n\nselect 'order by v1 nulls first';",
            "name": "02989_variant_comparison.sql"
        },
        {
            "query": "\nselect v1 from test order by v1 nulls first;",
            "name": "02989_variant_comparison.sql"
        },
        {
            "query": "\n\nselect 'order by v1 nulls last';",
            "name": "02989_variant_comparison.sql"
        },
        {
            "query": "\nselect v1 from test order by v1 nulls last;",
            "name": "02989_variant_comparison.sql"
        },
        {
            "query": "\n\nselect 'order by v2 nulls first';",
            "name": "02989_variant_comparison.sql"
        },
        {
            "query": "\nselect v2 from test order by v2 nulls first;",
            "name": "02989_variant_comparison.sql"
        },
        {
            "query": "\n\nselect 'order by v2 nulls last';",
            "name": "02989_variant_comparison.sql"
        },
        {
            "query": "\nselect v2 from test order by v2 nulls last;",
            "name": "02989_variant_comparison.sql"
        },
        {
            "query": "\n\n\nselect 'order by v1, v2 nulls first';",
            "name": "02989_variant_comparison.sql"
        },
        {
            "query": "\nselect * from test order by v1, v2 nulls first;",
            "name": "02989_variant_comparison.sql"
        },
        {
            "query": "\n\nselect 'order by v1, v2 nulls last';",
            "name": "02989_variant_comparison.sql"
        },
        {
            "query": "\nselect * from test order by v1, v2 nulls last;",
            "name": "02989_variant_comparison.sql"
        },
        {
            "query": "\n\nselect 'order by v2, v1 nulls first';",
            "name": "02989_variant_comparison.sql"
        },
        {
            "query": "\nselect * from test order by v2, v1 nulls first;",
            "name": "02989_variant_comparison.sql"
        },
        {
            "query": "\n\nselect 'order by v2, v1 nulls last';",
            "name": "02989_variant_comparison.sql"
        },
        {
            "query": "\nselect * from test order by v2, v1 nulls last;",
            "name": "02989_variant_comparison.sql"
        },
        {
            "query": "\n\nselect 'v1 = v2';",
            "name": "02989_variant_comparison.sql"
        },
        {
            "query": "\nselect v1, v2, v1 = v2 from test order by v1, v2;",
            "name": "02989_variant_comparison.sql"
        },
        {
            "query": "\n\nselect 'v1 < v2';",
            "name": "02989_variant_comparison.sql"
        },
        {
            "query": "\nselect v1, v2, v1 < v2 from test order by v1, v2;",
            "name": "02989_variant_comparison.sql"
        },
        {
            "query": "\n\nselect 'v1 <= v2';",
            "name": "02989_variant_comparison.sql"
        },
        {
            "query": "\nselect v1, v2, v1 <= v2 from test order by v1, v2;",
            "name": "02989_variant_comparison.sql"
        },
        {
            "query": "\n\nselect 'v1 > v2';",
            "name": "02989_variant_comparison.sql"
        },
        {
            "query": "\nselect v1, v2, v1 > v2 from test order by v1, v2;",
            "name": "02989_variant_comparison.sql"
        },
        {
            "query": "\n\nselect 'v1 >= v2';",
            "name": "02989_variant_comparison.sql"
        },
        {
            "query": "\nselect v1, v2, v2 >= v2 from test order by v1, v2;",
            "name": "02989_variant_comparison.sql"
        },
        {
            "query": "\n\ndrop table test;",
            "name": "02989_variant_comparison.sql"
        }
    ]
}