{
    "name": "02944_variant_as_common_type_analyzer.sql",
    "tests": [
        {
            "query": "-- this test is just like 02944_variant_as_common_type, but with different expected output, because\n-- analyzer changes some return types. Specifically, if(c, x, y) always casts to the common type of\n-- x and y, even if c is constant.\nset allow_experimental_analyzer=1;",
            "name": "02944_variant_as_common_type_analyzer.sql"
        },
        {
            "query": "\n\nset allow_experimental_variant_type=1;",
            "name": "02944_variant_as_common_type_analyzer.sql"
        },
        {
            "query": "\nset use_variant_as_common_type=1;",
            "name": "02944_variant_as_common_type_analyzer.sql"
        },
        {
            "query": "\n\nselect toTypeName(res), if(1, [1,2,3], 'str_1') as res;",
            "name": "02944_variant_as_common_type_analyzer.sql"
        },
        {
            "query": "\nselect toTypeName(res), if(1, [1,2,3], 'str_1'::Nullable(String)) as res;",
            "name": "02944_variant_as_common_type_analyzer.sql"
        },
        {
            "query": "\n\nselect toTypeName(res), if(0, [1,2,3], 'str_1') as res;",
            "name": "02944_variant_as_common_type_analyzer.sql"
        },
        {
            "query": "\nselect toTypeName(res), if(0, [1,2,3], 'str_1'::Nullable(String)) as res;",
            "name": "02944_variant_as_common_type_analyzer.sql"
        },
        {
            "query": "\n\nselect toTypeName(res), if(NULL, [1,2,3], 'str_1') as res;",
            "name": "02944_variant_as_common_type_analyzer.sql"
        },
        {
            "query": "\nselect toTypeName(res), if(NULL, [1,2,3], 'str_1'::Nullable(String)) as res;",
            "name": "02944_variant_as_common_type_analyzer.sql"
        },
        {
            "query": "\n\nselect toTypeName(res), if(materialize(NULL::Nullable(UInt8)), [1,2,3], 'str_1') as res;",
            "name": "02944_variant_as_common_type_analyzer.sql"
        },
        {
            "query": "\nselect toTypeName(res), if(materialize(NULL::Nullable(UInt8)), [1,2,3], 'str_1'::Nullable(String)) as res;",
            "name": "02944_variant_as_common_type_analyzer.sql"
        },
        {
            "query": "\n\nselect toTypeName(res), if(1, materialize([1,2,3]), 'str_1') as res;",
            "name": "02944_variant_as_common_type_analyzer.sql"
        },
        {
            "query": "\nselect toTypeName(res), if(1, materialize([1,2,3]), 'str_1'::Nullable(String)) as res;",
            "name": "02944_variant_as_common_type_analyzer.sql"
        },
        {
            "query": "\n\nselect toTypeName(res), if(0, materialize([1,2,3]), 'str_1') as res;",
            "name": "02944_variant_as_common_type_analyzer.sql"
        },
        {
            "query": "\nselect toTypeName(res), if(0, materialize([1,2,3]), 'str_1'::Nullable(String)) as res;",
            "name": "02944_variant_as_common_type_analyzer.sql"
        },
        {
            "query": "\n\nselect toTypeName(res), if(NULL, materialize([1,2,3]), 'str_1') as res;",
            "name": "02944_variant_as_common_type_analyzer.sql"
        },
        {
            "query": "\nselect toTypeName(res), if(NULL, materialize([1,2,3]), 'str_1'::Nullable(String)) as res;",
            "name": "02944_variant_as_common_type_analyzer.sql"
        },
        {
            "query": "\n\nselect toTypeName(res), if(materialize(NULL::Nullable(UInt8)), materialize([1,2,3]), 'str_1') as res;",
            "name": "02944_variant_as_common_type_analyzer.sql"
        },
        {
            "query": "\nselect toTypeName(res), if(materialize(NULL::Nullable(UInt8)), materialize([1,2,3]), 'str_1'::Nullable(String)) as res;",
            "name": "02944_variant_as_common_type_analyzer.sql"
        },
        {
            "query": "\n\nselect toTypeName(res), if(1, [1,2,3], materialize('str_1')) as res;",
            "name": "02944_variant_as_common_type_analyzer.sql"
        },
        {
            "query": "\nselect toTypeName(res), if(1, [1,2,3], materialize('str_1')::Nullable(String)) as res;",
            "name": "02944_variant_as_common_type_analyzer.sql"
        },
        {
            "query": "\n\nselect toTypeName(res), if(0, [1,2,3], materialize('str_1')) as res;",
            "name": "02944_variant_as_common_type_analyzer.sql"
        },
        {
            "query": "\nselect toTypeName(res), if(0, [1,2,3], materialize('str_1')::Nullable(String)) as res;",
            "name": "02944_variant_as_common_type_analyzer.sql"
        },
        {
            "query": "\n\nselect toTypeName(res), if(NULL, [1,2,3], materialize('str_1')) as res;",
            "name": "02944_variant_as_common_type_analyzer.sql"
        },
        {
            "query": "\nselect toTypeName(res), if(NULL, [1,2,3], materialize('str_1')::Nullable(String)) as res;",
            "name": "02944_variant_as_common_type_analyzer.sql"
        },
        {
            "query": "\n\nselect toTypeName(res), if(materialize(NULL::Nullable(UInt8)), [1,2,3], materialize('str_1')) as res;",
            "name": "02944_variant_as_common_type_analyzer.sql"
        },
        {
            "query": "\nselect toTypeName(res), if(materialize(NULL::Nullable(UInt8)), [1,2,3], materialize('str_1')::Nullable(String)) as res;",
            "name": "02944_variant_as_common_type_analyzer.sql"
        },
        {
            "query": "\n\n\nselect toTypeName(res), if(0, range(number + 1), 'str_' || toString(number)) as res from numbers(4);",
            "name": "02944_variant_as_common_type_analyzer.sql"
        },
        {
            "query": "\nselect toTypeName(res), if(0, range(number + 1), ('str_' || toString(number))::Nullable(String)) as res from numbers(4);",
            "name": "02944_variant_as_common_type_analyzer.sql"
        },
        {
            "query": "\n\nselect toTypeName(res), if(1, range(number + 1), 'str_' || toString(number)) as res from numbers(4);",
            "name": "02944_variant_as_common_type_analyzer.sql"
        },
        {
            "query": "\nselect toTypeName(res), if(1, range(number + 1), ('str_' || toString(number))::Nullable(String)) as res from numbers(4);",
            "name": "02944_variant_as_common_type_analyzer.sql"
        },
        {
            "query": "\n\nselect toTypeName(res), if(NULL, range(number + 1), 'str_' || toString(number)) as res from numbers(4);",
            "name": "02944_variant_as_common_type_analyzer.sql"
        },
        {
            "query": "\nselect toTypeName(res), if(NULL, range(number + 1), ('str_' || toString(number))::Nullable(String)) as res from numbers(4);",
            "name": "02944_variant_as_common_type_analyzer.sql"
        },
        {
            "query": "\n\nselect toTypeName(res), if(materialize(NULL::Nullable(UInt8)), range(number + 1), 'str_' || toString(number)) as res from numbers(4);",
            "name": "02944_variant_as_common_type_analyzer.sql"
        },
        {
            "query": "\nselect toTypeName(res), if(materialize(NULL::Nullable(UInt8)), range(number + 1), ('str_' || toString(number))::Nullable(String)) as res from numbers(4);",
            "name": "02944_variant_as_common_type_analyzer.sql"
        },
        {
            "query": "\n\nselect toTypeName(res), if(number % 2, range(number + 1), 'str_' || toString(number)) as res from numbers(4);",
            "name": "02944_variant_as_common_type_analyzer.sql"
        },
        {
            "query": "\nselect toTypeName(res), if(number % 2, range(number + 1), ('str_' || toString(number))::Nullable(String)) as res from numbers(4);",
            "name": "02944_variant_as_common_type_analyzer.sql"
        },
        {
            "query": "\n\nselect toTypeName(res), if(number % 2, range(number + 1), ('str_' || toString(number))::LowCardinality(String)) as res from numbers(4);",
            "name": "02944_variant_as_common_type_analyzer.sql"
        },
        {
            "query": "\nselect toTypeName(res), if(number % 2, range(number + 1), ('str_' || toString(number))::LowCardinality(Nullable(String))) as res from numbers(4);",
            "name": "02944_variant_as_common_type_analyzer.sql"
        },
        {
            "query": "\n\n\nselect toTypeName(res), multiIf(number % 3 == 0, range(number + 1), number % 3 == 1, number, 'str_' || toString(number)) as res from numbers(6);",
            "name": "02944_variant_as_common_type_analyzer.sql"
        },
        {
            "query": "\nselect toTypeName(res), multiIf(number % 3 == 0, range(number + 1), number % 3 == 1, number,  ('str_' || toString(number))::Nullable(String)) as res from numbers(6);",
            "name": "02944_variant_as_common_type_analyzer.sql"
        },
        {
            "query": "\nselect toTypeName(res), multiIf(number % 3 == 0, range(number + 1), number % 3 == 1, number, ('str_' || toString(number))::LowCardinality(String)) as res from numbers(6);",
            "name": "02944_variant_as_common_type_analyzer.sql"
        },
        {
            "query": "\nselect toTypeName(res), multiIf(number % 3 == 0, range(number + 1), number % 3 == 1, number, ('str_' || toString(number))::LowCardinality(Nullable(String))) as res from numbers(6);",
            "name": "02944_variant_as_common_type_analyzer.sql"
        },
        {
            "query": "\n\n\nselect toTypeName(res), array(1, 'str_1', 2, 'str_2') as res;",
            "name": "02944_variant_as_common_type_analyzer.sql"
        },
        {
            "query": "\nselect toTypeName(res), array([1, 2, 3], ['str_1', 'str_2', 'str_3']) as res;",
            "name": "02944_variant_as_common_type_analyzer.sql"
        },
        {
            "query": "\nselect toTypeName(res), array(array([1, 2, 3], ['str_1', 'str_2', 'str_3']), [1, 2, 3]) as res;",
            "name": "02944_variant_as_common_type_analyzer.sql"
        },
        {
            "query": "\nselect toTypeName(res), array([1, 2, 3], [[1, 2, 3]]) as res;",
            "name": "02944_variant_as_common_type_analyzer.sql"
        },
        {
            "query": "\n\nselect toTypeName(res), map('a', 1, 'b', 'str_1') as res;",
            "name": "02944_variant_as_common_type_analyzer.sql"
        },
        {
            "query": "\nselect toTypeName(res), map('a', 1, 'b', map('c', 2, 'd', 'str_1')) as res;",
            "name": "02944_variant_as_common_type_analyzer.sql"
        },
        {
            "query": "\nselect toTypeName(res), map('a', 1, 'b', [1, 2, 3], 'c', [[4, 5, 6]]) as res;",
            "name": "02944_variant_as_common_type_analyzer.sql"
        }
    ]
}