{
    "name": "01249_bad_arguments_for_bloom_filter.sql",
    "tests": [
        {
            "query": "-- Tags: no-parallel\n\nSET send_logs_level = 'fatal';",
            "name": "01249_bad_arguments_for_bloom_filter.sql"
        },
        {
            "query": "\n\nDROP DATABASE IF EXISTS test_01249;",
            "name": "01249_bad_arguments_for_bloom_filter.sql"
        },
        {
            "query": "\nset allow_deprecated_database_ordinary=1;",
            "name": "01249_bad_arguments_for_bloom_filter.sql"
        },
        {
            "query": "\n-- Creation of a database with Ordinary engine emits a warning.\nCREATE DATABASE test_01249 ENGINE=Ordinary;",
            "name": "01249_bad_arguments_for_bloom_filter.sql"
        },
        {
            "query": "     -- Full ATTACH requires UUID with Atomic\nUSE test_01249;",
            "name": "01249_bad_arguments_for_bloom_filter.sql"
        },
        {
            "query": "\n\nCREATE TABLE bloom_filter_idx_good(`u64` UInt64, `i32` Int32, `f64` Float64, `d` Decimal(10, 2), `s` String, `e` Enum8('a' = 1, 'b' = 2, 'c' = 3), `dt` Date, INDEX bloom_filter_a i32 TYPE bloom_filter(0, 1) GRANULARITY 1) ENGINE = MergeTree() ORDER BY u64 SETTINGS index_granularity = 8192;",
            "name": "01249_bad_arguments_for_bloom_filter.sql"
        },
        {
            "query": " -- { serverError 42 }\nCREATE TABLE bloom_filter_idx_good(`u64` UInt64, `i32` Int32, `f64` Float64, `d` Decimal(10, 2), `s` String, `e` Enum8('a' = 1, 'b' = 2, 'c' = 3), `dt` Date, INDEX bloom_filter_a i32 TYPE bloom_filter(-0.1) GRANULARITY 1) ENGINE = MergeTree() ORDER BY u64 SETTINGS index_granularity = 8192;",
            "name": "01249_bad_arguments_for_bloom_filter.sql"
        },
        {
            "query": " -- { serverError 36 }\nCREATE TABLE bloom_filter_idx_good(`u64` UInt64, `i32` Int32, `f64` Float64, `d` Decimal(10, 2), `s` String, `e` Enum8('a' = 1, 'b' = 2, 'c' = 3), `dt` Date, INDEX bloom_filter_a i32 TYPE bloom_filter(1.01) GRANULARITY 1) ENGINE = MergeTree() ORDER BY u64 SETTINGS index_granularity = 8192;",
            "name": "01249_bad_arguments_for_bloom_filter.sql"
        },
        {
            "query": " -- { serverError 36 }\n\nDROP TABLE IF EXISTS bloom_filter_idx_good;",
            "name": "01249_bad_arguments_for_bloom_filter.sql"
        },
        {
            "query": "\nATTACH TABLE bloom_filter_idx_good(`u64` UInt64, `i32` Int32, `f64` Float64, `d` Decimal(10, 2), `s` String, `e` Enum8('a' = 1, 'b' = 2, 'c' = 3), `dt` Date, INDEX bloom_filter_a i32 TYPE bloom_filter(0., 1.) GRANULARITY 1) ENGINE = MergeTree() ORDER BY u64 SETTINGS index_granularity = 8192;",
            "name": "01249_bad_arguments_for_bloom_filter.sql"
        },
        {
            "query": "\nSHOW CREATE TABLE bloom_filter_idx_good;",
            "name": "01249_bad_arguments_for_bloom_filter.sql"
        },
        {
            "query": "\n\nDROP TABLE IF EXISTS bloom_filter_idx_good;",
            "name": "01249_bad_arguments_for_bloom_filter.sql"
        },
        {
            "query": "\nATTACH TABLE bloom_filter_idx_good(`u64` UInt64, `i32` Int32, `f64` Float64, `d` Decimal(10, 2), `s` String, `e` Enum8('a' = 1, 'b' = 2, 'c' = 3), `dt` Date, INDEX bloom_filter_a i32 TYPE bloom_filter(-0.1) GRANULARITY 1) ENGINE = MergeTree() ORDER BY u64 SETTINGS index_granularity = 8192;",
            "name": "01249_bad_arguments_for_bloom_filter.sql"
        },
        {
            "query": "\nSHOW CREATE TABLE bloom_filter_idx_good;",
            "name": "01249_bad_arguments_for_bloom_filter.sql"
        },
        {
            "query": "\n\nDROP TABLE IF EXISTS bloom_filter_idx_good;",
            "name": "01249_bad_arguments_for_bloom_filter.sql"
        },
        {
            "query": "\nATTACH TABLE bloom_filter_idx_good(`u64` UInt64, `i32` Int32, `f64` Float64, `d` Decimal(10, 2), `s` String, `e` Enum8('a' = 1, 'b' = 2, 'c' = 3), `dt` Date, INDEX bloom_filter_a i32 TYPE bloom_filter(1.01) GRANULARITY 1) ENGINE = MergeTree() ORDER BY u64 SETTINGS index_granularity = 8192;",
            "name": "01249_bad_arguments_for_bloom_filter.sql"
        },
        {
            "query": "\nSHOW CREATE TABLE bloom_filter_idx_good;",
            "name": "01249_bad_arguments_for_bloom_filter.sql"
        },
        {
            "query": "\n\nDROP DATABASE test_01249;",
            "name": "01249_bad_arguments_for_bloom_filter.sql"
        }
    ]
}