{
    "name": "02710_aggregation_nested_map_ip_uuid.sql",
    "tests": [
        {
            "query": "DROP TABLE IF EXISTS summing_table;",
            "name": "02710_aggregation_nested_map_ip_uuid.sql"
        },
        {
            "query": "\nCREATE TABLE summing_table\n(\n    id UInt32,\n    `ip4Map.value` Array(IPv4), `ip4Map.total` Array(UInt32),\n    `ip6Map.value` Array(IPv6), `ip6Map.total` Array(UInt32),\n    `uuidMap.value` Array(UUID), `uuidMap.total` Array(UInt32)\n) ENGINE = SummingMergeTree ORDER BY id;",
            "name": "02710_aggregation_nested_map_ip_uuid.sql"
        },
        {
            "query": "\n\nINSERT INTO summing_table(id, ip4Map.value, ip4Map.total, ip6Map.value, ip6Map.total, uuidMap.value, uuidMap.total)\n    values (1, ['1.2.3.4'], [1], ['::1'], [2], ['00130949-0cd4-4c3d-84c4-cc421eff480f'], [3]);",
            "name": "02710_aggregation_nested_map_ip_uuid.sql"
        },
        {
            "query": "\nINSERT INTO summing_table(id, ip4Map.value, ip4Map.total, ip6Map.value, ip6Map.total, uuidMap.value, uuidMap.total)\n    values(1, ['1.2.3.4'], [4], ['::1'], [5], ['00130949-0cd4-4c3d-84c4-cc421eff480f'], [6]);",
            "name": "02710_aggregation_nested_map_ip_uuid.sql"
        },
        {
            "query": "\nOPTIMIZE TABLE summing_table FINAL;",
            "name": "02710_aggregation_nested_map_ip_uuid.sql"
        },
        {
            "query": "\nSELECT * FROM summing_table ORDER BY id, ip4Map.value, ip4Map.total, ip6Map.value, ip6Map.total, uuidMap.value, uuidMap.total;",
            "name": "02710_aggregation_nested_map_ip_uuid.sql"
        },
        {
            "query": "\n\nINSERT INTO summing_table(id, ip4Map.value, ip4Map.total, ip6Map.value, ip6Map.total, uuidMap.value, uuidMap.total)\n    values(2, ['1.2.3.4'], [7], ['::1'], [8], ['00130949-0cd4-4c3d-84c4-cc421eff480f'], [9]);",
            "name": "02710_aggregation_nested_map_ip_uuid.sql"
        },
        {
            "query": "\nINSERT INTO summing_table(id, ip4Map.value, ip4Map.total, ip6Map.value, ip6Map.total, uuidMap.value, uuidMap.total)\n    values(1, ['1.2.3.4'], [10], ['::1'], [11], ['00130949-0cd4-4c3d-84c4-cc421eff480f'], [12]);",
            "name": "02710_aggregation_nested_map_ip_uuid.sql"
        },
        {
            "query": "\nINSERT INTO summing_table(id, ip4Map.value, ip4Map.total, ip6Map.value, ip6Map.total, uuidMap.value, uuidMap.total)\n    values(1, ['2.3.4.5'], [13], ['::2'], [14], ['00000000-0cd4-4c3d-84c4-cc421eff480f'], [15]);",
            "name": "02710_aggregation_nested_map_ip_uuid.sql"
        },
        {
            "query": "\nINSERT INTO summing_table(id, ip4Map.value, ip4Map.total, ip6Map.value, ip6Map.total, uuidMap.value, uuidMap.total)\n    values(2, ['2.3.4.5'], [16], ['::1'], [17], ['00130949-0cd4-4c3d-84c4-cc421eff480f'], [18]);",
            "name": "02710_aggregation_nested_map_ip_uuid.sql"
        },
        {
            "query": "\nINSERT INTO summing_table(id, ip4Map.value, ip4Map.total, ip6Map.value, ip6Map.total, uuidMap.value, uuidMap.total)\n    values(2, ['1.2.3.4'], [19], ['::2'], [20], ['00130949-0cd4-4c3d-84c4-cc421eff480f'], [21]);",
            "name": "02710_aggregation_nested_map_ip_uuid.sql"
        },
        {
            "query": "\nINSERT INTO summing_table(id, ip4Map.value, ip4Map.total, ip6Map.value, ip6Map.total, uuidMap.value, uuidMap.total)\n    values(1, ['1.2.3.4'], [22], ['::1'], [23], ['00000000-0cd4-4c3d-84c4-cc421eff480f'], [24]);",
            "name": "02710_aggregation_nested_map_ip_uuid.sql"
        },
        {
            "query": "\nOPTIMIZE TABLE summing_table FINAL;",
            "name": "02710_aggregation_nested_map_ip_uuid.sql"
        },
        {
            "query": "\nSELECT * FROM summing_table ORDER BY id, ip4Map.value, ip4Map.total, ip6Map.value, ip6Map.total, uuidMap.value, uuidMap.total;",
            "name": "02710_aggregation_nested_map_ip_uuid.sql"
        },
        {
            "query": "\n\nDROP TABLE summing_table;",
            "name": "02710_aggregation_nested_map_ip_uuid.sql"
        }
    ]
}