{
    "name": "01090_zookeeper_mutations_and_insert_quorum_long.sql",
    "tests": [
        {
            "query": "-- Tags: long, zookeeper, no-replicated-database\n-- Tag no-replicated-database: Fails due to additional replicas or shards\n\nDROP TABLE IF EXISTS mutations_and_quorum1 SYNC;",
            "name": "01090_zookeeper_mutations_and_insert_quorum_long.sql"
        },
        {
            "query": "\nDROP TABLE IF EXISTS mutations_and_quorum2 SYNC;",
            "name": "01090_zookeeper_mutations_and_insert_quorum_long.sql"
        },
        {
            "query": "\n\nCREATE TABLE mutations_and_quorum1 (`server_date` Date, `something` String) ENGINE = ReplicatedMergeTree('/clickhouse/tables/{database}/test_01090/mutations_and_quorum', '1') PARTITION BY toYYYYMM(server_date) ORDER BY (server_date, something);",
            "name": "01090_zookeeper_mutations_and_insert_quorum_long.sql"
        },
        {
            "query": "\nCREATE TABLE mutations_and_quorum2 (`server_date` Date, `something` String) ENGINE = ReplicatedMergeTree('/clickhouse/tables/{database}/test_01090/mutations_and_quorum', '2') PARTITION BY toYYYYMM(server_date) ORDER BY (server_date, something);",
            "name": "01090_zookeeper_mutations_and_insert_quorum_long.sql"
        },
        {
            "query": "\n\n-- Should not be larger then 600e6 (default timeout in clickhouse-test)\nSET insert_quorum=2, insert_quorum_parallel=0, insert_quorum_timeout=300e3;",
            "name": "01090_zookeeper_mutations_and_insert_quorum_long.sql"
        },
        {
            "query": "\n\nINSERT INTO mutations_and_quorum1 VALUES ('2019-01-01', 'test1'), ('2019-02-01', 'test2'), ('2019-03-01', 'test3'), ('2019-04-01', 'test4'), ('2019-05-01', 'test1'), ('2019-06-01', 'test2'), ('2019-07-01', 'test3'), ('2019-08-01', 'test4'), ('2019-09-01', 'test1'), ('2019-10-01', 'test2'), ('2019-11-01', 'test3'), ('2019-12-01', 'test4');",
            "name": "01090_zookeeper_mutations_and_insert_quorum_long.sql"
        },
        {
            "query": "\n\nALTER TABLE mutations_and_quorum1 DELETE WHERE something = 'test1' SETTINGS mutations_sync=2;",
            "name": "01090_zookeeper_mutations_and_insert_quorum_long.sql"
        },
        {
            "query": "\n\nSELECT COUNT() FROM mutations_and_quorum1;",
            "name": "01090_zookeeper_mutations_and_insert_quorum_long.sql"
        },
        {
            "query": "\nSELECT COUNT() FROM mutations_and_quorum2;",
            "name": "01090_zookeeper_mutations_and_insert_quorum_long.sql"
        },
        {
            "query": "\n\nSELECT COUNT() FROM system.mutations WHERE database = currentDatabase() AND table like 'mutations_and_quorum%' and is_done = 0;",
            "name": "01090_zookeeper_mutations_and_insert_quorum_long.sql"
        },
        {
            "query": "\n\nDROP TABLE IF EXISTS mutations_and_quorum1 SYNC;",
            "name": "01090_zookeeper_mutations_and_insert_quorum_long.sql"
        },
        {
            "query": "\nDROP TABLE IF EXISTS mutations_and_quorum2 SYNC;",
            "name": "01090_zookeeper_mutations_and_insert_quorum_long.sql"
        }
    ]
}