{
    "name": "00660_optimize_final_without_partition.sql",
    "tests": [
        {
            "query": "SET optimize_on_insert = 0;",
            "name": "00660_optimize_final_without_partition.sql"
        },
        {
            "query": "\n\nDROP TABLE IF EXISTS partitioned_by_tuple;",
            "name": "00660_optimize_final_without_partition.sql"
        },
        {
            "query": "\n\nCREATE TABLE partitioned_by_tuple (d Date, x UInt8, w String, y UInt8) ENGINE SummingMergeTree (y) PARTITION BY (d, x) ORDER BY (d, x, w);",
            "name": "00660_optimize_final_without_partition.sql"
        },
        {
            "query": "\n\nINSERT INTO partitioned_by_tuple VALUES ('2000-01-02', 1, 'first', 3);",
            "name": "00660_optimize_final_without_partition.sql"
        },
        {
            "query": "\nINSERT INTO partitioned_by_tuple VALUES ('2000-01-01', 2, 'first', 2);",
            "name": "00660_optimize_final_without_partition.sql"
        },
        {
            "query": "\nINSERT INTO partitioned_by_tuple VALUES ('2000-01-01', 1, 'first', 1), ('2000-01-01', 1, 'first', 2);",
            "name": "00660_optimize_final_without_partition.sql"
        },
        {
            "query": "\n\nOPTIMIZE TABLE partitioned_by_tuple;",
            "name": "00660_optimize_final_without_partition.sql"
        },
        {
            "query": "\n\nSELECT * FROM partitioned_by_tuple ORDER BY d, x, w, y;",
            "name": "00660_optimize_final_without_partition.sql"
        },
        {
            "query": "\n\nOPTIMIZE TABLE partitioned_by_tuple FINAL;",
            "name": "00660_optimize_final_without_partition.sql"
        },
        {
            "query": "\n\nSELECT * FROM partitioned_by_tuple ORDER BY d, x, w, y;",
            "name": "00660_optimize_final_without_partition.sql"
        },
        {
            "query": "\n\nDROP TABLE partitioned_by_tuple;",
            "name": "00660_optimize_final_without_partition.sql"
        }
    ]
}