{
    "name": "01622_constraints_where_optimization.sql",
    "tests": [
        {
            "query": "SET convert_query_to_cnf = 1;",
            "name": "01622_constraints_where_optimization.sql"
        },
        {
            "query": "\nSET optimize_using_constraints = 1;",
            "name": "01622_constraints_where_optimization.sql"
        },
        {
            "query": "\nSET optimize_append_index = 0;",
            "name": "01622_constraints_where_optimization.sql"
        },
        {
            "query": "\n\nDROP TABLE IF EXISTS t_constraints_where;",
            "name": "01622_constraints_where_optimization.sql"
        },
        {
            "query": "\n\nCREATE TABLE t_constraints_where(a UInt32, b UInt32, CONSTRAINT c1 ASSUME b >= 5, CONSTRAINT c2 ASSUME b <= 10) ENGINE = Memory;",
            "name": "01622_constraints_where_optimization.sql"
        },
        {
            "query": "\n\nINSERT INTO t_constraints_where VALUES (1, 7);",
            "name": "01622_constraints_where_optimization.sql"
        },
        {
            "query": "\n\nEXPLAIN SYNTAX SELECT count() FROM t_constraints_where WHERE b > 15;",
            "name": "01622_constraints_where_optimization.sql"
        },
        {
            "query": " -- assumption -> 0\nEXPLAIN QUERY TREE SELECT count() FROM t_constraints_where WHERE b > 15 SETTINGS allow_experimental_analyzer = 1;",
            "name": "01622_constraints_where_optimization.sql"
        },
        {
            "query": " -- assumption -> 0\nEXPLAIN SYNTAX SELECT count() FROM t_constraints_where WHERE b = 20;",
            "name": "01622_constraints_where_optimization.sql"
        },
        {
            "query": " -- assumption -> 0\nEXPLAIN QUERY TREE SELECT count() FROM t_constraints_where WHERE b = 20 SETTINGS allow_experimental_analyzer = 1;",
            "name": "01622_constraints_where_optimization.sql"
        },
        {
            "query": " -- assumption -> 0\nEXPLAIN SYNTAX SELECT count() FROM t_constraints_where WHERE b < 2;",
            "name": "01622_constraints_where_optimization.sql"
        },
        {
            "query": " -- assumption -> 0\nEXPLAIN QUERY TREE SELECT count() FROM t_constraints_where WHERE b < 2 SETTINGS allow_experimental_analyzer = 1;",
            "name": "01622_constraints_where_optimization.sql"
        },
        {
            "query": " -- assumption -> 0\nEXPLAIN SYNTAX SELECT count() FROM t_constraints_where WHERE b > 20 OR b < 8;",
            "name": "01622_constraints_where_optimization.sql"
        },
        {
            "query": " -- assumption -> remove (b < 20)\nEXPLAIN QUERY TREE SELECT count() FROM t_constraints_where WHERE b > 20 OR b < 8 SETTINGS allow_experimental_analyzer = 1;",
            "name": "01622_constraints_where_optimization.sql"
        },
        {
            "query": " -- assumption -> remove (b < 20)\nEXPLAIN SYNTAX SELECT count() FROM t_constraints_where PREWHERE b > 20 OR b < 8;",
            "name": "01622_constraints_where_optimization.sql"
        },
        {
            "query": " -- assumption -> remove (b < 20)\nEXPLAIN QUERY TREE SELECT count() FROM t_constraints_where PREWHERE b > 20 OR b < 8 SETTINGS allow_experimental_analyzer = 1;",
            "name": "01622_constraints_where_optimization.sql"
        },
        {
            "query": " -- assumption -> remove (b < 20)\n\nDROP TABLE t_constraints_where;",
            "name": "01622_constraints_where_optimization.sql"
        },
        {
            "query": "\n\nCREATE TABLE t_constraints_where(a UInt32, b UInt32, CONSTRAINT c1 ASSUME b < 10) ENGINE = Memory;",
            "name": "01622_constraints_where_optimization.sql"
        },
        {
            "query": "\n\nINSERT INTO t_constraints_where VALUES (1, 7);",
            "name": "01622_constraints_where_optimization.sql"
        },
        {
            "query": "\n\nEXPLAIN SYNTAX SELECT count() FROM t_constraints_where WHERE b = 1 OR b < 18 OR b > 5;",
            "name": "01622_constraints_where_optimization.sql"
        },
        {
            "query": " -- assumption -> (b < 20) -> 0;",
            "name": "01622_constraints_where_optimization.sql"
        },
        {
            "query": "\nEXPLAIN QUERY TREE SELECT count() FROM t_constraints_where WHERE b = 1 OR b < 18 OR b > 5 SETTINGS allow_experimental_analyzer = 1;",
            "name": "01622_constraints_where_optimization.sql"
        },
        {
            "query": " -- assumption -> (b < 20) -> 0;",
            "name": "01622_constraints_where_optimization.sql"
        },
        {
            "query": "\n\nDROP TABLE t_constraints_where;",
            "name": "01622_constraints_where_optimization.sql"
        }
    ]
}