{
    "name": "02179_degrees_radians.sql",
    "tests": [
        {
            "query": "-- test conversion from degrees to radians\nDROP TABLE IF EXISTS test_degs_to_rads;",
            "name": "02179_degrees_radians.sql"
        },
        {
            "query": "\n\nCREATE TABLE test_degs_to_rads (degrees Float64) ENGINE = Memory;",
            "name": "02179_degrees_radians.sql"
        },
        {
            "query": "\n\nINSERT INTO test_degs_to_rads VALUES (-1);",
            "name": "02179_degrees_radians.sql"
        },
        {
            "query": "\nINSERT INTO test_degs_to_rads VALUES (-180);",
            "name": "02179_degrees_radians.sql"
        },
        {
            "query": "\nINSERT INTO test_degs_to_rads VALUES (-180.6);",
            "name": "02179_degrees_radians.sql"
        },
        {
            "query": "\nINSERT INTO test_degs_to_rads VALUES (-360);",
            "name": "02179_degrees_radians.sql"
        },
        {
            "query": "\nINSERT INTO test_degs_to_rads VALUES (0);",
            "name": "02179_degrees_radians.sql"
        },
        {
            "query": "\nINSERT INTO test_degs_to_rads VALUES (1);",
            "name": "02179_degrees_radians.sql"
        },
        {
            "query": "\nINSERT INTO test_degs_to_rads VALUES (180);",
            "name": "02179_degrees_radians.sql"
        },
        {
            "query": "\nINSERT INTO test_degs_to_rads VALUES (180.5);",
            "name": "02179_degrees_radians.sql"
        },
        {
            "query": "\nINSERT INTO test_degs_to_rads VALUES (360);",
            "name": "02179_degrees_radians.sql"
        },
        {
            "query": "\n\n-- test that converting degrees to radians and back preserves the original value\nselect DEGREES(RADIANS(degrees)) from test_degs_to_rads order by degrees;",
            "name": "02179_degrees_radians.sql"
        },
        {
            "query": "\n-- test that radians func returns correct value for both int and floats\nselect RADIANS(degrees) from test_degs_to_rads order by degrees;",
            "name": "02179_degrees_radians.sql"
        },
        {
            "query": "\n\nDROP TABLE test_degs_to_rads;",
            "name": "02179_degrees_radians.sql"
        },
        {
            "query": "\n\n-- test conversion from radians to degrees\nDROP TABLE IF EXISTS test_rads_to_degs;",
            "name": "02179_degrees_radians.sql"
        },
        {
            "query": "\n\nCREATE TABLE test_rads_to_degs (radians Float64) ENGINE = Memory;",
            "name": "02179_degrees_radians.sql"
        },
        {
            "query": "\n\nINSERT INTO test_rads_to_degs VALUES (-6.283185307179586);",
            "name": "02179_degrees_radians.sql"
        },
        {
            "query": "\nINSERT INTO test_rads_to_degs VALUES (-3.152064629101759);",
            "name": "02179_degrees_radians.sql"
        },
        {
            "query": "\nINSERT INTO test_rads_to_degs VALUES (-3.141592653589793);",
            "name": "02179_degrees_radians.sql"
        },
        {
            "query": "\nINSERT INTO test_rads_to_degs VALUES (-0.017453292519943295);",
            "name": "02179_degrees_radians.sql"
        },
        {
            "query": "\nINSERT INTO test_rads_to_degs VALUES(0);",
            "name": "02179_degrees_radians.sql"
        },
        {
            "query": "\nINSERT INTO test_rads_to_degs VALUES(1);",
            "name": "02179_degrees_radians.sql"
        },
        {
            "query": "\nINSERT INTO test_rads_to_degs VALUES(10);",
            "name": "02179_degrees_radians.sql"
        },
        {
            "query": "\nINSERT INTO test_rads_to_degs VALUES(-10);",
            "name": "02179_degrees_radians.sql"
        },
        {
            "query": "\nINSERT INTO test_rads_to_degs VALUES (0.017453292519943295);",
            "name": "02179_degrees_radians.sql"
        },
        {
            "query": "\nINSERT INTO test_rads_to_degs VALUES (3.141592653589793);",
            "name": "02179_degrees_radians.sql"
        },
        {
            "query": "\nINSERT INTO test_rads_to_degs VALUES (3.1503192998497647);",
            "name": "02179_degrees_radians.sql"
        },
        {
            "query": "\nINSERT INTO test_rads_to_degs VALUES (6.283185307179586);",
            "name": "02179_degrees_radians.sql"
        },
        {
            "query": "\n\n-- test that converting radians to degrees and back preserves the original value\nselect RADIANS(DEGREES(radians)) from test_rads_to_degs order by radians;",
            "name": "02179_degrees_radians.sql"
        },
        {
            "query": "\n-- test that degrees func returns correct value for both int and floats\nselect DEGREES(radians) from test_rads_to_degs order by radians;",
            "name": "02179_degrees_radians.sql"
        },
        {
            "query": "\n\nDROP TABLE test_rads_to_degs;",
            "name": "02179_degrees_radians.sql"
        }
    ]
}