{
    "name": "02933_ephemeral_mv.sql",
    "tests": [
        {
            "query": "\nCREATE TABLE raw\n(\n  name String,\n  num String\n) ENGINE = MergeTree\nORDER BY (name);",
            "name": "02933_ephemeral_mv.sql"
        },
        {
            "query": "\n\nCREATE TABLE parsed_eph\n(\n  name String,\n  num_ephemeral UInt32 EPHEMERAL,\n  num UInt32 MATERIALIZED num_ephemeral,\n) ENGINE = MergeTree\nORDER BY (name);",
            "name": "02933_ephemeral_mv.sql"
        },
        {
            "query": "\n\nCREATE MATERIALIZED VIEW parse_mv_eph\nTO parsed_eph\nAS\nSELECT\n  name,\n  toUInt32(num) as num_ephemeral\nFROM raw;",
            "name": "02933_ephemeral_mv.sql"
        },
        {
            "query": "\n\nINSERT INTO raw VALUES ('3', '3'), ('42', '42');",
            "name": "02933_ephemeral_mv.sql"
        },
        {
            "query": "\nSELECT name, num FROM parsed_eph;",
            "name": "02933_ephemeral_mv.sql"
        },
        {
            "query": "\n\nDROP VIEW parse_mv_eph;",
            "name": "02933_ephemeral_mv.sql"
        },
        {
            "query": "\nDROP TABLE parsed_eph;",
            "name": "02933_ephemeral_mv.sql"
        },
        {
            "query": "\nDROP TABLE raw;",
            "name": "02933_ephemeral_mv.sql"
        }
    ]
}