{
    "name": "01592_window_functions.sql",
    "tests": [
        {
            "query": "drop table if exists product_groups;",
            "name": "01592_window_functions.sql"
        },
        {
            "query": "\ndrop table if exists products;",
            "name": "01592_window_functions.sql"
        },
        {
            "query": "\n\nCREATE TABLE product_groups (\n\tgroup_id Int64,\n\tgroup_name String\n) Engine = Memory;",
            "name": "01592_window_functions.sql"
        },
        {
            "query": "\n\n\nCREATE TABLE products (\n\tproduct_id Int64,\n\tproduct_name String,\n\tprice DECIMAL(11, 2),\n\tgroup_id Int64\n) Engine = Memory;",
            "name": "01592_window_functions.sql"
        },
        {
            "query": "\n\nINSERT INTO product_groups  VALUES\t(1, 'Smartphone'),(2, 'Laptop'),(3, 'Tablet');",
            "name": "01592_window_functions.sql"
        },
        {
            "query": "\n\nINSERT INTO products (product_id,product_name, group_id,price) VALUES (1, 'Microsoft Lumia', 1, 200), (2, 'HTC One', 1, 400), (3, 'Nexus', 1, 500), (4, 'iPhone', 1, 900),(5, 'HP Elite', 2, 1200),(6, 'Lenovo Thinkpad', 2, 700),(7, 'Sony VAIO', 2, 700),(8, 'Dell Vostro', 2, 800),(9, 'iPad', 3, 700),(10, 'Kindle Fire', 3, 150),(11, 'Samsung Galaxy Tab', 3, 200);",
            "name": "01592_window_functions.sql"
        },
        {
            "query": "\n\nselect '---- Q1 ----';",
            "name": "01592_window_functions.sql"
        },
        {
            "query": "\n\nSELECT\n\tproduct_name,\n\tprice,\n\tgroup_name,\n\tAVG(price) OVER (PARTITION BY group_name)\nFROM products INNER JOIN  product_groups USING (group_id)\norder by group_name, product_name, price;",
            "name": "01592_window_functions.sql"
        },
        {
            "query": "\n\nselect '---- Q2 ----';",
            "name": "01592_window_functions.sql"
        },
        {
            "query": "\n\nSELECT\n\tproduct_name,\n\tgroup_name,\n  price,\n\trank() OVER (PARTITION BY group_name ORDER BY price) rank\nFROM products INNER JOIN product_groups USING (group_id)\norder by group_name, rank, price, product_name;",
            "name": "01592_window_functions.sql"
        },
        {
            "query": "\n\nselect '---- Q3 ----';",
            "name": "01592_window_functions.sql"
        },
        {
            "query": "\nSELECT\n\tproduct_name,\n\tgroup_name,\n\tprice,\n\trow_number() OVER (PARTITION BY group_name ORDER BY price desc, product_name asc) rn\nFROM products INNER JOIN product_groups USING (group_id)\nORDER BY group_name, rn;",
            "name": "01592_window_functions.sql"
        },
        {
            "query": "\n\nselect '---- Q4 ----';",
            "name": "01592_window_functions.sql"
        },
        {
            "query": "\nSELECT *\nFROM\n(\n    SELECT\n        product_name,\n        group_name,\n        price,\n        min(price) OVER (PARTITION BY group_name) AS min_price,\n        dense_rank() OVER (PARTITION BY group_name ORDER BY price ASC) AS r\n    FROM products\n    INNER JOIN product_groups USING (group_id)\n) AS t\nWHERE min_price > 160\nORDER BY\n    group_name ASC,\n    r ASC,\n    product_name ASC;",
            "name": "01592_window_functions.sql"
        },
        {
            "query": "\n\nselect '---- Q5 ----';",
            "name": "01592_window_functions.sql"
        },
        {
            "query": "\nSELECT\n\tproduct_name,\n\tgroup_name,\n\tprice,\n\tFIRST_VALUE (price) OVER (PARTITION BY group_name ORDER BY product_name desc) AS price_per_group_per_alphab\nFROM products INNER JOIN product_groups USING (group_id)\norder by group_name, product_name desc;",
            "name": "01592_window_functions.sql"
        },
        {
            "query": "\n\nselect '---- Q6 ----';",
            "name": "01592_window_functions.sql"
        },
        {
            "query": "\nSELECT\n\tproduct_name,\n\tgroup_name,\n\tprice,\n\tLAST_VALUE (price) OVER (PARTITION BY group_name ORDER BY\n\t\t\tprice RANGE BETWEEN UNBOUNDED PRECEDING AND UNBOUNDED FOLLOWING\n  ) AS highest_price_per_group\nFROM\n\tproducts\nINNER JOIN product_groups USING (group_id)\norder by group_name, product_name;",
            "name": "01592_window_functions.sql"
        },
        {
            "query": "\n\nselect '---- Q7 ----';",
            "name": "01592_window_functions.sql"
        },
        {
            "query": "\nselect product_name, price, group_name, round(avg0), round(avg1)\nfrom (\nSELECT\n\tproduct_name,\n\tprice,\n\tgroup_name,\n\tavg(price) OVER (PARTITION BY group_name ORDER BY price) avg0,\n\tavg(price) OVER (PARTITION BY group_name ORDER BY\n\t\t\tprice RANGE BETWEEN UNBOUNDED PRECEDING AND UNBOUNDED FOLLOWING) avg1\nFROM products INNER JOIN  product_groups USING (group_id)) t\norder by group_name, product_name, price;",
            "name": "01592_window_functions.sql"
        },
        {
            "query": "\n\ndrop table product_groups;",
            "name": "01592_window_functions.sql"
        },
        {
            "query": "\ndrop table products;",
            "name": "01592_window_functions.sql"
        }
    ]
}