{
    "name": "01300_wkt.sql",
    "tests": [
        {
            "query": "SELECT wkt((0., 0.));",
            "name": "01300_wkt.sql"
        },
        {
            "query": "\nSELECT wkt([(0., 0.), (10., 0.), (10., 10.), (0., 10.)]);",
            "name": "01300_wkt.sql"
        },
        {
            "query": "\nSELECT wkt([[(0., 0.), (10., 0.), (10., 10.), (0., 10.)], [(4., 4.), (5., 4.), (5., 5.), (4., 5.)]]);",
            "name": "01300_wkt.sql"
        },
        {
            "query": "\nSELECT wkt([[[(0., 0.), (10., 0.), (10., 10.), (0., 10.)], [(4., 4.), (5., 4.), (5., 5.), (4., 5.)]], [[(-10., -10.), (-10., -9.), (-9., 10.)]]]);",
            "name": "01300_wkt.sql"
        },
        {
            "query": "\n\nDROP TABLE IF EXISTS geo;",
            "name": "01300_wkt.sql"
        },
        {
            "query": "\nCREATE TABLE geo (p Tuple(Float64, Float64), id Int) engine=Memory();",
            "name": "01300_wkt.sql"
        },
        {
            "query": "\nINSERT INTO geo VALUES ((0, 0), 1);",
            "name": "01300_wkt.sql"
        },
        {
            "query": "\nINSERT INTO geo VALUES ((1, 0), 2);",
            "name": "01300_wkt.sql"
        },
        {
            "query": "\nINSERT INTO geo VALUES ((2, 0), 3);",
            "name": "01300_wkt.sql"
        },
        {
            "query": "\nSELECT wkt(p) FROM geo ORDER BY id;",
            "name": "01300_wkt.sql"
        },
        {
            "query": "\n\nDROP TABLE IF EXISTS geo;",
            "name": "01300_wkt.sql"
        },
        {
            "query": "\nCREATE TABLE geo (p Array(Tuple(Float64, Float64)), id Int) engine=Memory();",
            "name": "01300_wkt.sql"
        },
        {
            "query": "\nINSERT INTO geo VALUES ([(0, 0), (10, 0), (10, 10), (0, 10)], 1);",
            "name": "01300_wkt.sql"
        },
        {
            "query": "\nINSERT INTO geo VALUES ([(1, 0), (10, 0), (10, 10), (0, 10)], 2);",
            "name": "01300_wkt.sql"
        },
        {
            "query": "\nINSERT INTO geo VALUES ([(2, 0), (10, 0), (10, 10), (0, 10)], 3);",
            "name": "01300_wkt.sql"
        },
        {
            "query": "\nSELECT wkt(p) FROM geo ORDER BY id;",
            "name": "01300_wkt.sql"
        },
        {
            "query": "\n\nDROP TABLE IF EXISTS geo;",
            "name": "01300_wkt.sql"
        },
        {
            "query": "\nCREATE TABLE geo (p Array(Array(Tuple(Float64, Float64))), id Int) engine=Memory();",
            "name": "01300_wkt.sql"
        },
        {
            "query": "\nINSERT INTO geo VALUES ([[(0, 0), (10, 0), (10, 10), (0, 10)], [(4, 4), (5, 4), (5, 5), (4, 5)]], 1);",
            "name": "01300_wkt.sql"
        },
        {
            "query": "\nINSERT INTO geo VALUES ([[(1, 0), (10, 0), (10, 10), (0, 10)], [(4, 4), (5, 4), (5, 5), (4, 5)]], 2);",
            "name": "01300_wkt.sql"
        },
        {
            "query": "\nINSERT INTO geo VALUES ([[(2, 0), (10, 0), (10, 10), (0, 10)], [(4, 4), (5, 4), (5, 5), (4, 5)]], 3);",
            "name": "01300_wkt.sql"
        },
        {
            "query": "\nSELECT wkt(p) FROM geo ORDER BY id;",
            "name": "01300_wkt.sql"
        },
        {
            "query": "\n\nDROP TABLE IF EXISTS geo;",
            "name": "01300_wkt.sql"
        },
        {
            "query": "\nCREATE TABLE geo (p Array(Array(Array(Tuple(Float64, Float64)))), id Int) engine=Memory();",
            "name": "01300_wkt.sql"
        },
        {
            "query": "\nINSERT INTO geo VALUES ([[[(0, 0), (10, 0), (10, 10), (0, 10)], [(4, 4), (5, 4), (5, 5), (4, 5)]], [[(-10, -10), (-10, -9), (-9, 10)]]], 1);",
            "name": "01300_wkt.sql"
        },
        {
            "query": "\nINSERT INTO geo VALUES ([[[(1, 0), (10, 0), (10, 10), (0, 10)], [(4, 4), (5, 4), (5, 5), (4, 5)]], [[(-10, -10), (-10, -9), (-9, 10)]]], 2);",
            "name": "01300_wkt.sql"
        },
        {
            "query": "\nINSERT INTO geo VALUES ([[[(2, 0), (10, 0), (10, 10), (0, 10)], [(4, 4), (5, 4), (5, 5), (4, 5)]], [[(-10, -10), (-10, -9), (-9, 10)]]], 3);",
            "name": "01300_wkt.sql"
        },
        {
            "query": "\nSELECT wkt(p) FROM geo ORDER BY id;",
            "name": "01300_wkt.sql"
        },
        {
            "query": "\n\nDROP TABLE geo;",
            "name": "01300_wkt.sql"
        }
    ]
}