{
    "name": "02364_setting_cross_to_inner_rewrite.sql",
    "tests": [
        {
            "query": "DROP TABLE IF EXISTS t1;",
            "name": "02364_setting_cross_to_inner_rewrite.sql"
        },
        {
            "query": "\nDROP TABLE IF EXISTS t2;",
            "name": "02364_setting_cross_to_inner_rewrite.sql"
        },
        {
            "query": "\n\nCREATE TABLE t1 ( x Int ) Engine = Memory;",
            "name": "02364_setting_cross_to_inner_rewrite.sql"
        },
        {
            "query": "\nINSERT INTO t1 VALUES ( 1 ), ( 2 ), ( 3 );",
            "name": "02364_setting_cross_to_inner_rewrite.sql"
        },
        {
            "query": "\n\nCREATE TABLE t2 ( x Int ) Engine = Memory;",
            "name": "02364_setting_cross_to_inner_rewrite.sql"
        },
        {
            "query": "\nINSERT INTO t2 VALUES ( 2 ), ( 3 ), ( 4 );",
            "name": "02364_setting_cross_to_inner_rewrite.sql"
        },
        {
            "query": "\n\nSET cross_to_inner_join_rewrite = 1;",
            "name": "02364_setting_cross_to_inner_rewrite.sql"
        },
        {
            "query": "\nSELECT count() = 1 FROM t1, t2 WHERE t1.x > t2.x;",
            "name": "02364_setting_cross_to_inner_rewrite.sql"
        },
        {
            "query": "\nSELECT count() = 2 FROM t1, t2 WHERE t1.x = t2.x;",
            "name": "02364_setting_cross_to_inner_rewrite.sql"
        },
        {
            "query": "\nSELECT count() = 2 FROM t1 CROSS JOIN t2 WHERE t1.x = t2.x;",
            "name": "02364_setting_cross_to_inner_rewrite.sql"
        },
        {
            "query": "\nSELECT count() = 1 FROM t1 CROSS JOIN t2 WHERE t1.x > t2.x;",
            "name": "02364_setting_cross_to_inner_rewrite.sql"
        },
        {
            "query": "\n\nSET cross_to_inner_join_rewrite = 2;",
            "name": "02364_setting_cross_to_inner_rewrite.sql"
        },
        {
            "query": "\nSELECT count() = 1 FROM t1, t2 WHERE t1.x > t2.x;",
            "name": "02364_setting_cross_to_inner_rewrite.sql"
        },
        {
            "query": " -- { serverError INCORRECT_QUERY }\nSELECT count() = 2 FROM t1, t2 WHERE t1.x = t2.x;",
            "name": "02364_setting_cross_to_inner_rewrite.sql"
        },
        {
            "query": "\nSELECT count() = 2 FROM t1 CROSS JOIN t2 WHERE t1.x = t2.x;",
            "name": "02364_setting_cross_to_inner_rewrite.sql"
        },
        {
            "query": "\nSELECT count() = 1 FROM t1 CROSS JOIN t2 WHERE t1.x > t2.x;",
            "name": "02364_setting_cross_to_inner_rewrite.sql"
        },
        {
            "query": " -- do not force rewrite explicit CROSS\n;",
            "name": "02364_setting_cross_to_inner_rewrite.sql"
        }
    ]
}