{
    "name": "02891_functions_over_sparse_columns.sql",
    "tests": [
        {
            "query": "drop table if exists test;",
            "name": "02891_functions_over_sparse_columns.sql"
        },
        {
            "query": "\ncreate table test (key Int) engine=MergeTree() order by tuple() settings ratio_of_defaults_for_sparse_serialization=0.1;",
            "name": "02891_functions_over_sparse_columns.sql"
        },
        {
            "query": "\ninsert into test select 0 from numbers(10);",
            "name": "02891_functions_over_sparse_columns.sql"
        },
        {
            "query": "\nselect arrayMap(x -> (x <= key), [1]) from test;",
            "name": "02891_functions_over_sparse_columns.sql"
        },
        {
            "query": "\ndrop table test;",
            "name": "02891_functions_over_sparse_columns.sql"
        }
    ]
}