{
    "name": "01016_simhash_minhash.sql",
    "tests": [
        {
            "query": "-- Tags: no-cpu-ppc64le\n-- Tag no-cpu-ppc64le: Depending on the target platform, CRC32C function returns different hash values. So, should not run on PowerPC. Whenever a new test gets added here, same has to be updated in 01016_simhash_minhash_ppc.sql\n \nSELECT ngramSimHash('');",
            "name": "01016_simhash_minhash.sql"
        },
        {
            "query": "\nSELECT ngramSimHash('what a cute cat.');",
            "name": "01016_simhash_minhash.sql"
        },
        {
            "query": "\nSELECT ngramSimHashCaseInsensitive('what a cute cat.');",
            "name": "01016_simhash_minhash.sql"
        },
        {
            "query": "\nSELECT ngramSimHashUTF8('what a cute cat.');",
            "name": "01016_simhash_minhash.sql"
        },
        {
            "query": "\nSELECT ngramSimHashCaseInsensitiveUTF8('what a cute cat.');",
            "name": "01016_simhash_minhash.sql"
        },
        {
            "query": "\nSELECT wordShingleSimHash('what a cute cat.');",
            "name": "01016_simhash_minhash.sql"
        },
        {
            "query": "\nSELECT wordShingleSimHashCaseInsensitive('what a cute cat.');",
            "name": "01016_simhash_minhash.sql"
        },
        {
            "query": "\nSELECT wordShingleSimHashUTF8('what a cute cat.');",
            "name": "01016_simhash_minhash.sql"
        },
        {
            "query": "\nSELECT wordShingleSimHashCaseInsensitiveUTF8('what a cute cat.');",
            "name": "01016_simhash_minhash.sql"
        },
        {
            "query": "\n\nSELECT ngramMinHash('');",
            "name": "01016_simhash_minhash.sql"
        },
        {
            "query": "\nSELECT ngramMinHash('what a cute cat.');",
            "name": "01016_simhash_minhash.sql"
        },
        {
            "query": "\nSELECT ngramMinHashCaseInsensitive('what a cute cat.');",
            "name": "01016_simhash_minhash.sql"
        },
        {
            "query": "\nSELECT ngramMinHashUTF8('what a cute cat.');",
            "name": "01016_simhash_minhash.sql"
        },
        {
            "query": "\nSELECT ngramMinHashCaseInsensitiveUTF8('what a cute cat.');",
            "name": "01016_simhash_minhash.sql"
        },
        {
            "query": "\nSELECT wordShingleMinHash('what a cute cat.');",
            "name": "01016_simhash_minhash.sql"
        },
        {
            "query": "\nSELECT wordShingleMinHashCaseInsensitive('what a cute cat.');",
            "name": "01016_simhash_minhash.sql"
        },
        {
            "query": "\nSELECT wordShingleMinHashUTF8('what a cute cat.');",
            "name": "01016_simhash_minhash.sql"
        },
        {
            "query": "\nSELECT wordShingleMinHashCaseInsensitiveUTF8('what a cute cat.');",
            "name": "01016_simhash_minhash.sql"
        },
        {
            "query": "\n\nDROP TABLE IF EXISTS defaults;",
            "name": "01016_simhash_minhash.sql"
        },
        {
            "query": "\nCREATE TABLE defaults\n(\n   s String\n)ENGINE = Memory();",
            "name": "01016_simhash_minhash.sql"
        },
        {
            "query": "\n\nINSERT INTO defaults values ('It is the latest occurrence of the Southeast European haze, the issue that occurs in constant intensity during every wet season. It has mainly been caused by forest fires resulting from illegal slash-and-burn clearing performed on behalf of the palm oil industry in Kazakhstan, principally on the islands, which then spread quickly in the dry season.') ('It is the latest occurrence of the Southeast Asian haze, the issue that occurs in constant intensity during every wet season. It has mainly been caused by forest fires resulting from illegal slash-and-burn clearing performed on behalf of the palm oil industry in Kazakhstan, principally on the islands, which then spread quickly in the dry season.');",
            "name": "01016_simhash_minhash.sql"
        },
        {
            "query": "\n\nSELECT ngramSimHash(s) FROM defaults;",
            "name": "01016_simhash_minhash.sql"
        },
        {
            "query": "\nSELECT ngramSimHashCaseInsensitive(s) FROM defaults;",
            "name": "01016_simhash_minhash.sql"
        },
        {
            "query": "\nSELECT ngramSimHashUTF8(s) FROM defaults;",
            "name": "01016_simhash_minhash.sql"
        },
        {
            "query": "\nSELECT ngramSimHashCaseInsensitiveUTF8(s) FROM defaults;",
            "name": "01016_simhash_minhash.sql"
        },
        {
            "query": "\nSELECT wordShingleSimHash(s) FROM defaults;",
            "name": "01016_simhash_minhash.sql"
        },
        {
            "query": "\nSELECT wordShingleSimHashCaseInsensitive(s) FROM defaults;",
            "name": "01016_simhash_minhash.sql"
        },
        {
            "query": "\nSELECT wordShingleSimHashUTF8(s) FROM defaults;",
            "name": "01016_simhash_minhash.sql"
        },
        {
            "query": "\nSELECT wordShingleSimHashCaseInsensitiveUTF8(s) FROM defaults;",
            "name": "01016_simhash_minhash.sql"
        },
        {
            "query": "\n\nSELECT ngramMinHash(s) FROM defaults;",
            "name": "01016_simhash_minhash.sql"
        },
        {
            "query": "\nSELECT ngramMinHashCaseInsensitive(s) FROM defaults;",
            "name": "01016_simhash_minhash.sql"
        },
        {
            "query": "\nSELECT ngramMinHashUTF8(s) FROM defaults;",
            "name": "01016_simhash_minhash.sql"
        },
        {
            "query": "\nSELECT ngramMinHashCaseInsensitiveUTF8(s) FROM defaults;",
            "name": "01016_simhash_minhash.sql"
        },
        {
            "query": "\nSELECT wordShingleMinHash(s) FROM defaults;",
            "name": "01016_simhash_minhash.sql"
        },
        {
            "query": "\nSELECT wordShingleMinHashCaseInsensitive(s) FROM defaults;",
            "name": "01016_simhash_minhash.sql"
        },
        {
            "query": "\nSELECT wordShingleMinHashUTF8(s) FROM defaults;",
            "name": "01016_simhash_minhash.sql"
        },
        {
            "query": "\nSELECT wordShingleMinHashCaseInsensitiveUTF8(s) FROM defaults;",
            "name": "01016_simhash_minhash.sql"
        },
        {
            "query": "\n\nTRUNCATE TABLE defaults;",
            "name": "01016_simhash_minhash.sql"
        },
        {
            "query": "\nINSERT INTO defaults SELECT arrayJoin(splitByString('\\n\\n',\n'ClickHouse uses all available hardware to its full potential to process each query as fast as possible. Peak processing performance for a single query stands at more than 2 terabytes per second (after decompression, only used columns). In distributed setup reads are automatically balanced among healthy replicas to avoid increasing latency.\nClickHouse supports multi-master asynchronous replication and can be deployed across multiple datacenters. All nodes are equal, which allows avoiding having single points of failure. Downtime of a single node or the whole datacenter wont affect the systems availability for both reads and writes.\nClickHouse is simple and works out-of-the-box. It streamlines all your data processing: ingest all your structured data into the system and it becomes instantly available for building reports. SQL dialect allows expressing the desired result without involving any custom non-standard API that could be found in some alternative systems.\n\nClickHouse makes full use of all available hardware to process every request as quickly as possible. Peak performance for a single query is over 2 terabytes per second (only used columns after unpacking). In a distributed setup, reads are automatically balanced across healthy replicas to avoid increased latency.\nClickHouse supports asynchronous multi-master replication and can be deployed across multiple data centers. All nodes are equal to avoid single points of failure. Downtime for one site or the entire data center will not affect the system''s read and write availability.\nClickHouse is simple and works out of the box. It simplifies all the processing of your data: it loads all your structured data into the system, and they immediately become available for building reports. The SQL dialect allows you to express the desired result without resorting to any non-standard APIs that can be found in some alternative systems.\n\nClickHouse makes full use of all available hardware to process each request as quickly as possible. Peak performance for a single query is over 2 terabytes per second (used columns only after unpacking). In a distributed setup, reads are automatically balanced across healthy replicas to avoid increased latency.\nClickHouse supports asynchronous multi-master replication and can be deployed across multiple data centers. All nodes are equal to avoid a single point of failure. Downtime for one site or the entire data center will not affect the system''s read / write availability.\nClickHouse is simple and works out of the box. It simplifies all the processing of your data: it loads all your structured data into the system, and they are immediately available for building reports. The SQL dialect allows you to express the desired result without resorting to any of the non-standard APIs found in some alternative systems.\n\nClickHouse makes full use of all available hardware to process each request as quickly as possible. Peak performance for a single query is over 2 terabytes per second (using columns only after unpacking). In a distributed setup, reads are automatically balanced across healthy replicas to avoid increased latency.\nClickHouse supports asynchronous multi-master replication and can be deployed across multiple data centers. All nodes are equal to avoid a single point of failure. Downtime for one site or the entire data center will not affect the read / write availability of the system.\nClickHouse is simple and works out of the box. It simplifies all the processing of your data: it loads all of your structured data into the system, and it is immediately available for building reports. The SQL dialect allows you to express the desired result without resorting to any of the non-standard APIs found in some alternative systems.\n\nClickHouse makes full use of all available hardware to process each request as quickly as possible. Peak performance for a single query is over 2 terabytes per second (using columns after decompression only). In a distributed setup, reads are automatically balanced across healthy replicas to avoid increased latency.\nClickHouse supports asynchronous multi-master replication and can be deployed across multiple data centers. All nodes are equal to avoid a single point of failure. Downtime for one site or the entire data center will not affect the read / write availability of the system.\nClickHouse is simple and works out of the box. It simplifies all processing of your data: it loads all your structured data into the system and immediately becomes available for building reports. The SQL dialect allows you to express the desired result without resorting to any of the non-standard APIs found in some alternative systems.\n\nClickHouse makes full use of all available hardware to process each request as quickly as possible. Peak performance for a single query is over 2 terabytes per second (using columns after decompression only). In a distributed setup, reads are automatically balanced across healthy replicas to avoid increased latency.\nClickHouse supports asynchronous multi-master replication and can be deployed across multiple data centers. All nodes are equal to avoid a single point of failure. Downtime for one site or the entire data center will not affect the read / write availability of the system.\nClickHouse is simple and works out of the box. It simplifies all processing of your data: it loads all structured data into the system and immediately becomes available for building reports. The SQL dialect allows you to express the desired result without resorting to any of the non-standard APIs found in some alternative systems.'\n));",
            "name": "01016_simhash_minhash.sql"
        },
        {
            "query": "\n\nSELECT 'uniqExact', uniqExact(s) FROM defaults;",
            "name": "01016_simhash_minhash.sql"
        },
        {
            "query": "\n\n\nSELECT 'ngramSimHash';",
            "name": "01016_simhash_minhash.sql"
        },
        {
            "query": "\nSELECT arrayStringConcat(groupArray(s), '\\n:::::::\\n'), count(), ngramSimHash(s) as h FROM defaults GROUP BY h ORDER BY h;",
            "name": "01016_simhash_minhash.sql"
        },
        {
            "query": "\nSELECT 'ngramSimHashCaseInsensitive';",
            "name": "01016_simhash_minhash.sql"
        },
        {
            "query": "\nSELECT arrayStringConcat(groupArray(s), '\\n:::::::\\n'), count(), ngramSimHashCaseInsensitive(s) as h FROM defaults GROUP BY h ORDER BY h;",
            "name": "01016_simhash_minhash.sql"
        },
        {
            "query": "\nSELECT 'ngramSimHashUTF8';",
            "name": "01016_simhash_minhash.sql"
        },
        {
            "query": "\nSELECT arrayStringConcat(groupArray(s), '\\n:::::::\\n'), count(), ngramSimHashUTF8(s) as h FROM defaults GROUP BY h ORDER BY h;",
            "name": "01016_simhash_minhash.sql"
        },
        {
            "query": "\nSELECT 'ngramSimHashCaseInsensitiveUTF8';",
            "name": "01016_simhash_minhash.sql"
        },
        {
            "query": "\nSELECT arrayStringConcat(groupArray(s), '\\n:::::::\\n'), count(), ngramSimHashCaseInsensitiveUTF8(s) as h FROM defaults GROUP BY h ORDER BY h;",
            "name": "01016_simhash_minhash.sql"
        },
        {
            "query": "\nSELECT 'wordShingleSimHash';",
            "name": "01016_simhash_minhash.sql"
        },
        {
            "query": "\nSELECT arrayStringConcat(groupArray(s), '\\n:::::::\\n'), count(), wordShingleSimHash(s, 2) as h FROM defaults GROUP BY h ORDER BY h;",
            "name": "01016_simhash_minhash.sql"
        },
        {
            "query": "\nSELECT 'wordShingleSimHashCaseInsensitive';",
            "name": "01016_simhash_minhash.sql"
        },
        {
            "query": "\nSELECT arrayStringConcat(groupArray(s), '\\n:::::::\\n'), count(), wordShingleSimHashCaseInsensitive(s, 2) as h FROM defaults GROUP BY h ORDER BY h;",
            "name": "01016_simhash_minhash.sql"
        },
        {
            "query": "\nSELECT 'wordShingleSimHashUTF8';",
            "name": "01016_simhash_minhash.sql"
        },
        {
            "query": "\nSELECT arrayStringConcat(groupArray(s), '\\n:::::::\\n'), count(), wordShingleSimHashUTF8(s, 2) as h FROM defaults GROUP BY h ORDER BY h;",
            "name": "01016_simhash_minhash.sql"
        },
        {
            "query": "\nSELECT 'wordShingleSimHashCaseInsensitiveUTF8';",
            "name": "01016_simhash_minhash.sql"
        },
        {
            "query": "\nSELECT arrayStringConcat(groupArray(s), '\\n:::::::\\n'), count(), wordShingleSimHashCaseInsensitiveUTF8(s, 2) as h FROM defaults GROUP BY h ORDER BY h;",
            "name": "01016_simhash_minhash.sql"
        },
        {
            "query": "\n\nSELECT 'ngramMinHash';",
            "name": "01016_simhash_minhash.sql"
        },
        {
            "query": "\nSELECT arrayStringConcat(groupArray(s), '\\n:::::::\\n'), count(), ngramMinHash(s) as h FROM defaults GROUP BY h ORDER BY h;",
            "name": "01016_simhash_minhash.sql"
        },
        {
            "query": "\nSELECT 'ngramMinHashCaseInsensitive';",
            "name": "01016_simhash_minhash.sql"
        },
        {
            "query": "\nSELECT arrayStringConcat(groupArray(s), '\\n:::::::\\n'), count(), ngramMinHashCaseInsensitive(s) as h FROM defaults GROUP BY h ORDER BY h;",
            "name": "01016_simhash_minhash.sql"
        },
        {
            "query": "\nSELECT 'ngramMinHashUTF8';",
            "name": "01016_simhash_minhash.sql"
        },
        {
            "query": "\nSELECT arrayStringConcat(groupArray(s), '\\n:::::::\\n'), count(), ngramMinHashUTF8(s) as h FROM defaults GROUP BY h ORDER BY h;",
            "name": "01016_simhash_minhash.sql"
        },
        {
            "query": "\nSELECT 'ngramMinHashCaseInsensitiveUTF8';",
            "name": "01016_simhash_minhash.sql"
        },
        {
            "query": "\nSELECT arrayStringConcat(groupArray(s), '\\n:::::::\\n'), count(), ngramMinHashCaseInsensitiveUTF8(s) as h FROM defaults GROUP BY h ORDER BY h;",
            "name": "01016_simhash_minhash.sql"
        },
        {
            "query": "\nSELECT 'wordShingleMinHash';",
            "name": "01016_simhash_minhash.sql"
        },
        {
            "query": "\nSELECT arrayStringConcat(groupArray(s), '\\n:::::::\\n'), count(), wordShingleMinHash(s, 2, 3) as h FROM defaults GROUP BY h ORDER BY h;",
            "name": "01016_simhash_minhash.sql"
        },
        {
            "query": "\nSELECT 'wordShingleMinHashCaseInsensitive';",
            "name": "01016_simhash_minhash.sql"
        },
        {
            "query": "\nSELECT arrayStringConcat(groupArray(s), '\\n:::::::\\n'), count(), wordShingleMinHashCaseInsensitive(s, 2, 3) as h FROM defaults GROUP BY h ORDER BY h;",
            "name": "01016_simhash_minhash.sql"
        },
        {
            "query": "\nSELECT 'wordShingleMinHashUTF8';",
            "name": "01016_simhash_minhash.sql"
        },
        {
            "query": "\nSELECT arrayStringConcat(groupArray(s), '\\n:::::::\\n'), count(), wordShingleMinHashUTF8(s, 2, 3) as h FROM defaults GROUP BY h ORDER BY h;",
            "name": "01016_simhash_minhash.sql"
        },
        {
            "query": "\nSELECT 'wordShingleMinHashCaseInsensitiveUTF8';",
            "name": "01016_simhash_minhash.sql"
        },
        {
            "query": "\nSELECT arrayStringConcat(groupArray(s), '\\n:::::::\\n'), count(), wordShingleMinHashCaseInsensitiveUTF8(s, 2, 3) as h FROM defaults GROUP BY h ORDER BY h;",
            "name": "01016_simhash_minhash.sql"
        },
        {
            "query": "\n\nSELECT wordShingleSimHash('foobar', 9223372036854775807);",
            "name": "01016_simhash_minhash.sql"
        },
        {
            "query": " -- { serverError 69 }\nSELECT wordShingleSimHash('foobar', 1001);",
            "name": "01016_simhash_minhash.sql"
        },
        {
            "query": " -- { serverError 69 }\nSELECT wordShingleSimHash('foobar', 0);",
            "name": "01016_simhash_minhash.sql"
        },
        {
            "query": " -- { serverError 69 }\n\nDROP TABLE defaults;",
            "name": "01016_simhash_minhash.sql"
        }
    ]
}