{
    "name": "02417_json_object_each_row_format.sql",
    "tests": [
        {
            "query": "-- Tags: no-parallel, no-fasttest\nset input_format_json_try_infer_numbers_from_strings=1;",
            "name": "02417_json_object_each_row_format.sql"
        },
        {
            "query": "\nselect number, 'Hello' as str, range(number) as arr from numbers(3) format JSONObjectEachRow;",
            "name": "02417_json_object_each_row_format.sql"
        },
        {
            "query": "\ninsert into function file(02417_data.jsonObjectEachRow) select number, 'Hello' as str, range(number) as arr from numbers(3) settings engine_file_truncate_on_insert=1;",
            "name": "02417_json_object_each_row_format.sql"
        },
        {
            "query": "\ndesc file(02417_data.jsonObjectEachRow);",
            "name": "02417_json_object_each_row_format.sql"
        },
        {
            "query": "\nselect * from file(02417_data.jsonObjectEachRow);",
            "name": "02417_json_object_each_row_format.sql"
        }
    ]
}