{
    "name": "01456_modify_column_type_via_add_drop_update.sql",
    "tests": [
        {
            "query": "-- Tags: no-parallel\n\nDROP TABLE IF EXISTS tbl;",
            "name": "01456_modify_column_type_via_add_drop_update.sql"
        },
        {
            "query": "\nCREATE TABLE tbl(a String, b UInt32, c Float64, d Int64, e UInt8) ENGINE=MergeTree ORDER BY tuple();",
            "name": "01456_modify_column_type_via_add_drop_update.sql"
        },
        {
            "query": "\nINSERT INTO tbl SELECT number, number * 2, number * 3, number * 4, number * 5 FROM system.numbers LIMIT 10;",
            "name": "01456_modify_column_type_via_add_drop_update.sql"
        },
        {
            "query": "\n\nSET mutations_sync = 1;",
            "name": "01456_modify_column_type_via_add_drop_update.sql"
        },
        {
            "query": "\n\n-- Change the types of columns by adding a temporary column and updating and dropping.\n-- Alters should be executed in sequential order.\nALTER TABLE tbl ADD COLUMN xi Int64;",
            "name": "01456_modify_column_type_via_add_drop_update.sql"
        },
        {
            "query": "\nALTER TABLE tbl UPDATE xi = a WHERE 1;",
            "name": "01456_modify_column_type_via_add_drop_update.sql"
        },
        {
            "query": "\nALTER TABLE tbl DROP COLUMN a;",
            "name": "01456_modify_column_type_via_add_drop_update.sql"
        },
        {
            "query": "\nALTER TABLE tbl ADD COLUMN a Int64;",
            "name": "01456_modify_column_type_via_add_drop_update.sql"
        },
        {
            "query": "\nALTER TABLE tbl UPDATE a = xi WHERE 1;",
            "name": "01456_modify_column_type_via_add_drop_update.sql"
        },
        {
            "query": "\nALTER TABLE tbl DROP COLUMN xi;",
            "name": "01456_modify_column_type_via_add_drop_update.sql"
        },
        {
            "query": "\n\nALTER TABLE tbl ADD COLUMN xi String;",
            "name": "01456_modify_column_type_via_add_drop_update.sql"
        },
        {
            "query": "\nALTER TABLE tbl UPDATE xi = b WHERE 1;",
            "name": "01456_modify_column_type_via_add_drop_update.sql"
        },
        {
            "query": "\nALTER TABLE tbl DROP COLUMN b;",
            "name": "01456_modify_column_type_via_add_drop_update.sql"
        },
        {
            "query": "\nALTER TABLE tbl ADD COLUMN b String;",
            "name": "01456_modify_column_type_via_add_drop_update.sql"
        },
        {
            "query": "\nALTER TABLE tbl UPDATE b = xi WHERE 1;",
            "name": "01456_modify_column_type_via_add_drop_update.sql"
        },
        {
            "query": "\nALTER TABLE tbl DROP COLUMN xi;",
            "name": "01456_modify_column_type_via_add_drop_update.sql"
        },
        {
            "query": "\n\nALTER TABLE tbl ADD COLUMN xi UInt8;",
            "name": "01456_modify_column_type_via_add_drop_update.sql"
        },
        {
            "query": "\nALTER TABLE tbl UPDATE xi = c WHERE 1;",
            "name": "01456_modify_column_type_via_add_drop_update.sql"
        },
        {
            "query": "\nALTER TABLE tbl DROP COLUMN c;",
            "name": "01456_modify_column_type_via_add_drop_update.sql"
        },
        {
            "query": "\nALTER TABLE tbl ADD COLUMN c UInt8;",
            "name": "01456_modify_column_type_via_add_drop_update.sql"
        },
        {
            "query": "\nALTER TABLE tbl UPDATE c = xi WHERE 1;",
            "name": "01456_modify_column_type_via_add_drop_update.sql"
        },
        {
            "query": "\nALTER TABLE tbl DROP COLUMN xi;",
            "name": "01456_modify_column_type_via_add_drop_update.sql"
        },
        {
            "query": "\n\nALTER TABLE tbl ADD COLUMN xi Float64;",
            "name": "01456_modify_column_type_via_add_drop_update.sql"
        },
        {
            "query": "\nALTER TABLE tbl UPDATE xi = d WHERE 1;",
            "name": "01456_modify_column_type_via_add_drop_update.sql"
        },
        {
            "query": "\nALTER TABLE tbl DROP COLUMN d;",
            "name": "01456_modify_column_type_via_add_drop_update.sql"
        },
        {
            "query": "\nALTER TABLE tbl ADD COLUMN d Float64;",
            "name": "01456_modify_column_type_via_add_drop_update.sql"
        },
        {
            "query": "\nALTER TABLE tbl UPDATE d = xi WHERE 1;",
            "name": "01456_modify_column_type_via_add_drop_update.sql"
        },
        {
            "query": "\nALTER TABLE tbl DROP COLUMN xi;",
            "name": "01456_modify_column_type_via_add_drop_update.sql"
        },
        {
            "query": "\n\nALTER TABLE tbl ADD COLUMN xi UInt32;",
            "name": "01456_modify_column_type_via_add_drop_update.sql"
        },
        {
            "query": "\nALTER TABLE tbl UPDATE xi = e WHERE 1;",
            "name": "01456_modify_column_type_via_add_drop_update.sql"
        },
        {
            "query": "\nALTER TABLE tbl DROP COLUMN e;",
            "name": "01456_modify_column_type_via_add_drop_update.sql"
        },
        {
            "query": "\nALTER TABLE tbl ADD COLUMN e UInt32;",
            "name": "01456_modify_column_type_via_add_drop_update.sql"
        },
        {
            "query": "\nALTER TABLE tbl UPDATE e = xi WHERE 1;",
            "name": "01456_modify_column_type_via_add_drop_update.sql"
        },
        {
            "query": "\nALTER TABLE tbl DROP COLUMN xi;",
            "name": "01456_modify_column_type_via_add_drop_update.sql"
        },
        {
            "query": "\n\nSELECT * FROM tbl FORMAT TabSeparatedWithNamesAndTypes;",
            "name": "01456_modify_column_type_via_add_drop_update.sql"
        },
        {
            "query": "\n\nDROP TABLE tbl;",
            "name": "01456_modify_column_type_via_add_drop_update.sql"
        },
        {
            "query": "\n\n-- Do the same thing again but with MODIFY COLUMN.\nCREATE TABLE tbl(a String, b UInt32, c Float64, d Int64, e UInt8) ENGINE=MergeTree ORDER BY tuple();",
            "name": "01456_modify_column_type_via_add_drop_update.sql"
        },
        {
            "query": "\nINSERT INTO tbl SELECT number, number * 2, number * 3, number * 4, number * 5 FROM system.numbers LIMIT 10;",
            "name": "01456_modify_column_type_via_add_drop_update.sql"
        },
        {
            "query": "\nALTER TABLE tbl MODIFY COLUMN a Int64, MODIFY COLUMN b String, MODIFY COLUMN c UInt8, MODIFY COLUMN d Float64, MODIFY COLUMN e UInt32;",
            "name": "01456_modify_column_type_via_add_drop_update.sql"
        },
        {
            "query": "\nSELECT * FROM tbl FORMAT TabSeparatedWithNamesAndTypes;",
            "name": "01456_modify_column_type_via_add_drop_update.sql"
        },
        {
            "query": "\n\nDROP TABLE tbl;",
            "name": "01456_modify_column_type_via_add_drop_update.sql"
        }
    ]
}