{
    "name": "00971_merge_tree_uniform_read_distribution_and_max_rows_to_read.sql",
    "tests": [
        {
            "query": "DROP TABLE IF EXISTS merge_tree;",
            "name": "00971_merge_tree_uniform_read_distribution_and_max_rows_to_read.sql"
        },
        {
            "query": "\nCREATE TABLE merge_tree (x UInt8) ENGINE = MergeTree ORDER BY x;",
            "name": "00971_merge_tree_uniform_read_distribution_and_max_rows_to_read.sql"
        },
        {
            "query": "\nINSERT INTO merge_tree SELECT 0 FROM numbers(1000000);",
            "name": "00971_merge_tree_uniform_read_distribution_and_max_rows_to_read.sql"
        },
        {
            "query": "\n\nSET max_threads = 4;",
            "name": "00971_merge_tree_uniform_read_distribution_and_max_rows_to_read.sql"
        },
        {
            "query": "\nSET max_rows_to_read = 1100000;",
            "name": "00971_merge_tree_uniform_read_distribution_and_max_rows_to_read.sql"
        },
        {
            "query": "\n\nSELECT count() FROM merge_tree;",
            "name": "00971_merge_tree_uniform_read_distribution_and_max_rows_to_read.sql"
        },
        {
            "query": "\nSELECT count() FROM merge_tree;",
            "name": "00971_merge_tree_uniform_read_distribution_and_max_rows_to_read.sql"
        },
        {
            "query": "\n\nSET max_rows_to_read = 900000;",
            "name": "00971_merge_tree_uniform_read_distribution_and_max_rows_to_read.sql"
        },
        {
            "query": "\n\n-- constant ignore will be pruned by part pruner. ignore(*) is used.\nSELECT count() FROM merge_tree WHERE not ignore(*);",
            "name": "00971_merge_tree_uniform_read_distribution_and_max_rows_to_read.sql"
        },
        {
            "query": " -- { serverError 158 }\nSELECT count() FROM merge_tree WHERE not ignore(*);",
            "name": "00971_merge_tree_uniform_read_distribution_and_max_rows_to_read.sql"
        },
        {
            "query": " -- { serverError 158 }\n\nDROP TABLE merge_tree;",
            "name": "00971_merge_tree_uniform_read_distribution_and_max_rows_to_read.sql"
        }
    ]
}