{
    "name": "01881_aggregate_functions_versioning.sql",
    "tests": [
        {
            "query": "DROP TABLE IF EXISTS test_table;",
            "name": "01881_aggregate_functions_versioning.sql"
        },
        {
            "query": "\nCREATE TABLE test_table\n(\n    `col1` DateTime,\n    `col2` Int64,\n    `col3` AggregateFunction(sumMap, Tuple(Array(UInt8), Array(UInt8)))\n)\nENGINE = AggregatingMergeTree() ORDER BY (col1, col2);",
            "name": "01881_aggregate_functions_versioning.sql"
        },
        {
            "query": "\n\nSHOW CREATE TABLE test_table;",
            "name": "01881_aggregate_functions_versioning.sql"
        },
        {
            "query": "\n\n-- regression from performance tests comparison script\nDROP TABLE IF EXISTS test;",
            "name": "01881_aggregate_functions_versioning.sql"
        },
        {
            "query": "\nCREATE TABLE test\nENGINE = Null AS\nWITH (\n        SELECT arrayReduce('sumMapState', [(['foo'], arrayMap(x -> -0., ['foo']))])\n    ) AS all_metrics\nSELECT\n    (finalizeAggregation(arrayReduce('sumMapMergeState', [all_metrics])) AS metrics_tuple).1 AS metric_names,\n    metrics_tuple.2 AS metric_values\nFROM system.one;",
            "name": "01881_aggregate_functions_versioning.sql"
        }
    ]
}