{
    "name": "01518_filtering_aliased_materialized_column.sql",
    "tests": [
        {
            "query": "DROP TABLE IF EXISTS logs;",
            "name": "01518_filtering_aliased_materialized_column.sql"
        },
        {
            "query": "\n\nCREATE TABLE logs( \n  date_visited DateTime, \n  date Date MATERIALIZED toDate(date_visited)\n) ENGINE = MergeTree() ORDER BY tuple();",
            "name": "01518_filtering_aliased_materialized_column.sql"
        },
        {
            "query": "\n\nSELECT count() FROM logs AS plogs WHERE plogs.date = '2019-11-20';",
            "name": "01518_filtering_aliased_materialized_column.sql"
        },
        {
            "query": "\n\nINSERT INTO logs VALUES('2019-11-20 00:00:00');",
            "name": "01518_filtering_aliased_materialized_column.sql"
        },
        {
            "query": "\n\nSELECT count() FROM logs AS plogs WHERE plogs.date = '2019-11-20';",
            "name": "01518_filtering_aliased_materialized_column.sql"
        },
        {
            "query": "\n\nDROP TABLE logs;",
            "name": "01518_filtering_aliased_materialized_column.sql"
        }
    ]
}