{
    "name": "01142_merge_join_lc_and_nullable_in_key.sql",
    "tests": [
        {
            "query": "SET join_algorithm = 'partial_merge';",
            "name": "01142_merge_join_lc_and_nullable_in_key.sql"
        },
        {
            "query": "\n\nDROP TABLE IF EXISTS t;",
            "name": "01142_merge_join_lc_and_nullable_in_key.sql"
        },
        {
            "query": "\nDROP TABLE IF EXISTS nr;",
            "name": "01142_merge_join_lc_and_nullable_in_key.sql"
        },
        {
            "query": "\n\nCREATE TABLE t (`x` UInt32, `lc` LowCardinality(String)) ENGINE = Memory;",
            "name": "01142_merge_join_lc_and_nullable_in_key.sql"
        },
        {
            "query": "\nCREATE TABLE nr (`x` Nullable(UInt32), `lc` Nullable(String)) ENGINE = Memory;",
            "name": "01142_merge_join_lc_and_nullable_in_key.sql"
        },
        {
            "query": "\n\nINSERT INTO t VALUES (1, 'l');",
            "name": "01142_merge_join_lc_and_nullable_in_key.sql"
        },
        {
            "query": "\nINSERT INTO nr VALUES (2, NULL);",
            "name": "01142_merge_join_lc_and_nullable_in_key.sql"
        },
        {
            "query": "\n\nSET join_use_nulls = 0;",
            "name": "01142_merge_join_lc_and_nullable_in_key.sql"
        },
        {
            "query": "\n\nSELECT x, lc, r.lc, toTypeName(r.lc) FROM t AS l LEFT JOIN nr AS r USING (x) ORDER BY x;",
            "name": "01142_merge_join_lc_and_nullable_in_key.sql"
        },
        {
            "query": "\nSELECT x, lc, r.lc, toTypeName(r.lc) FROM t AS l RIGHT JOIN nr AS r USING (x) ORDER BY x;",
            "name": "01142_merge_join_lc_and_nullable_in_key.sql"
        },
        {
            "query": "\nSELECT x, lc, r.lc, toTypeName(r.lc) FROM t AS l FULL JOIN nr AS r USING (x) ORDER BY x;",
            "name": "01142_merge_join_lc_and_nullable_in_key.sql"
        },
        {
            "query": "\n\nSELECT '-';",
            "name": "01142_merge_join_lc_and_nullable_in_key.sql"
        },
        {
            "query": "\n\nSELECT x, lc, r.lc, toTypeName(r.lc) FROM t AS l LEFT JOIN nr AS r USING (lc) ORDER BY x SETTINGS allow_experimental_analyzer = 1;",
            "name": "01142_merge_join_lc_and_nullable_in_key.sql"
        },
        {
            "query": "\nSELECT x, lc, r.lc, toTypeName(r.lc) FROM t AS l RIGHT JOIN nr AS r USING (lc) ORDER BY x SETTINGS allow_experimental_analyzer = 1;",
            "name": "01142_merge_join_lc_and_nullable_in_key.sql"
        },
        {
            "query": "\nSELECT x, lc, r.lc, toTypeName(r.lc) FROM t AS l FULL JOIN nr AS r USING (lc) ORDER BY x SETTINGS allow_experimental_analyzer = 1;",
            "name": "01142_merge_join_lc_and_nullable_in_key.sql"
        },
        {
            "query": "\n\nSELECT '-';",
            "name": "01142_merge_join_lc_and_nullable_in_key.sql"
        },
        {
            "query": "\n\nSELECT x, lc, materialize(r.lc) y, toTypeName(y) FROM t AS l LEFT JOIN nr AS r USING (lc) ORDER BY x SETTINGS allow_experimental_analyzer = 1;",
            "name": "01142_merge_join_lc_and_nullable_in_key.sql"
        },
        {
            "query": "\nSELECT x, lc, materialize(r.lc) y, toTypeName(y) FROM t AS l RIGHT JOIN nr AS r USING (lc) ORDER BY x SETTINGS allow_experimental_analyzer = 1;",
            "name": "01142_merge_join_lc_and_nullable_in_key.sql"
        },
        {
            "query": "\nSELECT x, lc, materialize(r.lc) y, toTypeName(y) FROM t AS l FULL JOIN nr AS r USING (lc) ORDER BY x SETTINGS allow_experimental_analyzer = 1;",
            "name": "01142_merge_join_lc_and_nullable_in_key.sql"
        },
        {
            "query": "\n\nSELECT '-';",
            "name": "01142_merge_join_lc_and_nullable_in_key.sql"
        },
        {
            "query": "\n\nSELECT x, lc, r.lc, toTypeName(r.lc) FROM t AS l LEFT JOIN nr AS r USING (lc) ORDER BY x SETTINGS allow_experimental_analyzer = 0;",
            "name": "01142_merge_join_lc_and_nullable_in_key.sql"
        },
        {
            "query": "\nSELECT x, lc, r.lc, toTypeName(r.lc) FROM t AS l RIGHT JOIN nr AS r USING (lc) ORDER BY x SETTINGS allow_experimental_analyzer = 0;",
            "name": "01142_merge_join_lc_and_nullable_in_key.sql"
        },
        {
            "query": "\nSELECT x, lc, r.lc, toTypeName(r.lc) FROM t AS l FULL JOIN nr AS r USING (lc) ORDER BY x SETTINGS allow_experimental_analyzer = 0;",
            "name": "01142_merge_join_lc_and_nullable_in_key.sql"
        },
        {
            "query": "\n\nSELECT '-';",
            "name": "01142_merge_join_lc_and_nullable_in_key.sql"
        },
        {
            "query": "\n\nSELECT x, lc, materialize(r.lc) y, toTypeName(y) FROM t AS l LEFT JOIN nr AS r USING (lc) ORDER BY x SETTINGS allow_experimental_analyzer = 0;",
            "name": "01142_merge_join_lc_and_nullable_in_key.sql"
        },
        {
            "query": "\nSELECT x, lc, materialize(r.lc) y, toTypeName(y) FROM t AS l RIGHT JOIN nr AS r USING (lc) ORDER BY x SETTINGS allow_experimental_analyzer = 0;",
            "name": "01142_merge_join_lc_and_nullable_in_key.sql"
        },
        {
            "query": "\nSELECT x, lc, materialize(r.lc) y, toTypeName(y) FROM t AS l FULL JOIN nr AS r USING (lc) ORDER BY x SETTINGS allow_experimental_analyzer = 0;",
            "name": "01142_merge_join_lc_and_nullable_in_key.sql"
        },
        {
            "query": "\n\nSELECT '-';",
            "name": "01142_merge_join_lc_and_nullable_in_key.sql"
        },
        {
            "query": "\n\nSET join_use_nulls = 1;",
            "name": "01142_merge_join_lc_and_nullable_in_key.sql"
        },
        {
            "query": "\n\nSELECT x, lc, r.lc, toTypeName(r.lc) FROM t AS l LEFT JOIN nr AS r USING (x) ORDER BY x;",
            "name": "01142_merge_join_lc_and_nullable_in_key.sql"
        },
        {
            "query": "\nSELECT x, lc, r.lc, toTypeName(r.lc) FROM t AS l RIGHT JOIN nr AS r USING (x) ORDER BY x;",
            "name": "01142_merge_join_lc_and_nullable_in_key.sql"
        },
        {
            "query": "\nSELECT x, lc, r.lc, toTypeName(r.lc) FROM t AS l FULL JOIN nr AS r USING (x) ORDER BY x;",
            "name": "01142_merge_join_lc_and_nullable_in_key.sql"
        },
        {
            "query": "\n\nSELECT '-';",
            "name": "01142_merge_join_lc_and_nullable_in_key.sql"
        },
        {
            "query": "\n\nSELECT x, lc, r.lc, toTypeName(r.lc) FROM t AS l LEFT JOIN nr AS r USING (lc) ORDER BY x;",
            "name": "01142_merge_join_lc_and_nullable_in_key.sql"
        },
        {
            "query": "\nSELECT x, lc, r.lc, toTypeName(r.lc) FROM t AS l RIGHT JOIN nr AS r USING (lc) ORDER BY x;",
            "name": "01142_merge_join_lc_and_nullable_in_key.sql"
        },
        {
            "query": "\nSELECT x, lc, r.lc, toTypeName(r.lc) FROM t AS l FULL JOIN nr AS r USING (lc) ORDER BY x;",
            "name": "01142_merge_join_lc_and_nullable_in_key.sql"
        },
        {
            "query": "\n\nSELECT '-';",
            "name": "01142_merge_join_lc_and_nullable_in_key.sql"
        },
        {
            "query": "\n\nSELECT x, lc, materialize(r.lc) y, toTypeName(y) FROM t AS l LEFT JOIN nr AS r USING (lc) ORDER BY x;",
            "name": "01142_merge_join_lc_and_nullable_in_key.sql"
        },
        {
            "query": "\nSELECT x, lc, materialize(r.lc) y, toTypeName(y) FROM t AS l RIGHT JOIN nr AS r USING (lc) ORDER BY x;",
            "name": "01142_merge_join_lc_and_nullable_in_key.sql"
        },
        {
            "query": "\nSELECT x, lc, materialize(r.lc) y, toTypeName(y) FROM t AS l FULL JOIN nr AS r USING (lc) ORDER BY x;",
            "name": "01142_merge_join_lc_and_nullable_in_key.sql"
        },
        {
            "query": "\n\nDROP TABLE nr;",
            "name": "01142_merge_join_lc_and_nullable_in_key.sql"
        },
        {
            "query": "\nDROP TABLE t;",
            "name": "01142_merge_join_lc_and_nullable_in_key.sql"
        }
    ]
}