{
    "name": "01247_optimize_distributed_group_by_sharding_key_dist_on_dist.sql",
    "tests": [
        {
            "query": "-- Tags: distributed\n\n-- TODO: correct testing with real unique shards\n\nset optimize_distributed_group_by_sharding_key=1;",
            "name": "01247_optimize_distributed_group_by_sharding_key_dist_on_dist.sql"
        },
        {
            "query": "\n\ndrop table if exists dist_01247;",
            "name": "01247_optimize_distributed_group_by_sharding_key_dist_on_dist.sql"
        },
        {
            "query": "\ndrop table if exists dist_layer_01247;",
            "name": "01247_optimize_distributed_group_by_sharding_key_dist_on_dist.sql"
        },
        {
            "query": "\ndrop table if exists data_01247;",
            "name": "01247_optimize_distributed_group_by_sharding_key_dist_on_dist.sql"
        },
        {
            "query": "\n\ncreate table data_01247 as system.numbers engine=Memory();",
            "name": "01247_optimize_distributed_group_by_sharding_key_dist_on_dist.sql"
        },
        {
            "query": "\n-- since data is not inserted via distributed it will have duplicates\n-- (and this is how we ensure that this optimization will work)\ninsert into data_01247 select * from system.numbers limit 2;",
            "name": "01247_optimize_distributed_group_by_sharding_key_dist_on_dist.sql"
        },
        {
            "query": "\n\nset max_distributed_connections=1;",
            "name": "01247_optimize_distributed_group_by_sharding_key_dist_on_dist.sql"
        },
        {
            "query": "\nset optimize_skip_unused_shards=1;",
            "name": "01247_optimize_distributed_group_by_sharding_key_dist_on_dist.sql"
        },
        {
            "query": "\n\nselect 'Distributed(number)-over-Distributed(number)';",
            "name": "01247_optimize_distributed_group_by_sharding_key_dist_on_dist.sql"
        },
        {
            "query": "\ncreate table dist_layer_01247 as data_01247 engine=Distributed(test_cluster_two_shards, currentDatabase(), data_01247, number);",
            "name": "01247_optimize_distributed_group_by_sharding_key_dist_on_dist.sql"
        },
        {
            "query": "\ncreate table dist_01247 as data_01247 engine=Distributed(test_cluster_two_shards, currentDatabase(), dist_layer_01247, number);",
            "name": "01247_optimize_distributed_group_by_sharding_key_dist_on_dist.sql"
        },
        {
            "query": "\nselect count(), * from dist_01247 group by number order by number limit 1;",
            "name": "01247_optimize_distributed_group_by_sharding_key_dist_on_dist.sql"
        },
        {
            "query": "\ndrop table if exists dist_01247;",
            "name": "01247_optimize_distributed_group_by_sharding_key_dist_on_dist.sql"
        },
        {
            "query": "\ndrop table if exists dist_layer_01247;",
            "name": "01247_optimize_distributed_group_by_sharding_key_dist_on_dist.sql"
        },
        {
            "query": "\n\nselect 'Distributed(rand)-over-Distributed(number)';",
            "name": "01247_optimize_distributed_group_by_sharding_key_dist_on_dist.sql"
        },
        {
            "query": "\ncreate table dist_layer_01247 as data_01247 engine=Distributed(test_cluster_two_shards, currentDatabase(), data_01247, number);",
            "name": "01247_optimize_distributed_group_by_sharding_key_dist_on_dist.sql"
        },
        {
            "query": "\ncreate table dist_01247 as data_01247 engine=Distributed(test_cluster_two_shards, currentDatabase(), dist_layer_01247, rand());",
            "name": "01247_optimize_distributed_group_by_sharding_key_dist_on_dist.sql"
        },
        {
            "query": "\nselect count(), * from dist_01247 group by number order by number limit 1;",
            "name": "01247_optimize_distributed_group_by_sharding_key_dist_on_dist.sql"
        },
        {
            "query": "\ndrop table if exists dist_01247;",
            "name": "01247_optimize_distributed_group_by_sharding_key_dist_on_dist.sql"
        },
        {
            "query": "\ndrop table if exists dist_layer_01247;",
            "name": "01247_optimize_distributed_group_by_sharding_key_dist_on_dist.sql"
        },
        {
            "query": "\n\nselect 'Distributed(rand)-over-Distributed(rand)';",
            "name": "01247_optimize_distributed_group_by_sharding_key_dist_on_dist.sql"
        },
        {
            "query": "\ncreate table dist_layer_01247 as data_01247 engine=Distributed(test_cluster_two_shards, currentDatabase(), data_01247, rand());",
            "name": "01247_optimize_distributed_group_by_sharding_key_dist_on_dist.sql"
        },
        {
            "query": "\ncreate table dist_01247 as data_01247 engine=Distributed(test_cluster_two_shards, currentDatabase(), dist_layer_01247, number);",
            "name": "01247_optimize_distributed_group_by_sharding_key_dist_on_dist.sql"
        },
        {
            "query": "\nselect count(), * from dist_01247 group by number order by number limit 1;",
            "name": "01247_optimize_distributed_group_by_sharding_key_dist_on_dist.sql"
        },
        {
            "query": "\n\ndrop table dist_01247;",
            "name": "01247_optimize_distributed_group_by_sharding_key_dist_on_dist.sql"
        },
        {
            "query": "\ndrop table dist_layer_01247;",
            "name": "01247_optimize_distributed_group_by_sharding_key_dist_on_dist.sql"
        },
        {
            "query": "\ndrop table data_01247;",
            "name": "01247_optimize_distributed_group_by_sharding_key_dist_on_dist.sql"
        }
    ]
}