{
    "name": "01913_summing_mt_and_simple_agg_function_with_lc.sql",
    "tests": [
        {
            "query": "drop table if exists smta;",
            "name": "01913_summing_mt_and_simple_agg_function_with_lc.sql"
        },
        {
            "query": "\n\nCREATE TABLE smta\n(\n    `k` Int64,\n    `a` AggregateFunction(max, Int64),\n    `city` SimpleAggregateFunction(max, LowCardinality(String))\n)\nENGINE = SummingMergeTree\nORDER BY k;",
            "name": "01913_summing_mt_and_simple_agg_function_with_lc.sql"
        },
        {
            "query": "\n\ninsert into smta(k, city) values (1, 'x');",
            "name": "01913_summing_mt_and_simple_agg_function_with_lc.sql"
        },
        {
            "query": "\n\nselect k, city from smta;",
            "name": "01913_summing_mt_and_simple_agg_function_with_lc.sql"
        },
        {
            "query": "\n\ninsert into smta(k, city) values (1, 'y');",
            "name": "01913_summing_mt_and_simple_agg_function_with_lc.sql"
        },
        {
            "query": "\noptimize table smta;",
            "name": "01913_summing_mt_and_simple_agg_function_with_lc.sql"
        },
        {
            "query": "\n\nselect k, city from smta;",
            "name": "01913_summing_mt_and_simple_agg_function_with_lc.sql"
        },
        {
            "query": "\n\ndrop table if exists smta;",
            "name": "01913_summing_mt_and_simple_agg_function_with_lc.sql"
        }
    ]
}