{
    "name": "02481_aggregation_in_order_plan.sql",
    "tests": [
        {
            "query": "drop table if exists tab;",
            "name": "02481_aggregation_in_order_plan.sql"
        },
        {
            "query": "\ncreate table tab (a Int32, b Int32, c Int32, d Int32) engine = MergeTree order by (a, b, c);",
            "name": "02481_aggregation_in_order_plan.sql"
        },
        {
            "query": "\n\ninsert into tab select 0, number % 3, 2 - intDiv(number, 3), (number % 3 + 1) * 10 from numbers(6);",
            "name": "02481_aggregation_in_order_plan.sql"
        },
        {
            "query": "\ninsert into tab select 0, number % 3, 2 - intDiv(number, 3), (number % 3 + 1) * 100 from numbers(6);",
            "name": "02481_aggregation_in_order_plan.sql"
        },
        {
            "query": "\n\nselect a, any(b), c, d from tab where b = 1 group by a, c, d order by c, d settings optimize_aggregation_in_order=1, query_plan_aggregation_in_order=1;",
            "name": "02481_aggregation_in_order_plan.sql"
        },
        {
            "query": "\nselect * from (explain actions = 1, sorting=1 select a, any(b), c, d from tab where b = 1 group by a, c, d settings optimize_aggregation_in_order=1, query_plan_aggregation_in_order=1) where explain like '%ReadFromMergeTree%' or explain like '%Aggregating%' or explain like '%Order:%' settings allow_experimental_analyzer=0;",
            "name": "02481_aggregation_in_order_plan.sql"
        },
        {
            "query": "\nselect * from (explain actions = 1, sorting=1 select a, any(b), c, d from tab where b = 1 group by a, c, d settings optimize_aggregation_in_order=1, query_plan_aggregation_in_order=1) where explain like '%ReadFromMergeTree%' or explain like '%Aggregating%' or explain like '%Order:%' settings allow_experimental_analyzer=1;",
            "name": "02481_aggregation_in_order_plan.sql"
        }
    ]
}