{
    "name": "02481_default_value_used_in_row_level_filter.sql",
    "tests": [
        {
            "query": "DROP TABLE IF EXISTS test_rlp;",
            "name": "02481_default_value_used_in_row_level_filter.sql"
        },
        {
            "query": "\n\nCREATE TABLE test_rlp (a Int32, b Int32) ENGINE=MergeTree() ORDER BY a SETTINGS index_granularity=5, index_granularity_bytes = '10Mi';",
            "name": "02481_default_value_used_in_row_level_filter.sql"
        },
        {
            "query": "\n\nINSERT INTO test_rlp SELECT number, number FROM numbers(15);",
            "name": "02481_default_value_used_in_row_level_filter.sql"
        },
        {
            "query": "\n\nALTER TABLE test_rlp ADD COLUMN c Int32 DEFAULT b+10;",
            "name": "02481_default_value_used_in_row_level_filter.sql"
        },
        {
            "query": "\n\n-- { echoOn }\n\nSELECT a, c FROM test_rlp WHERE c%2 == 0 AND b < 5;",
            "name": "02481_default_value_used_in_row_level_filter.sql"
        },
        {
            "query": "\n\nDROP POLICY IF EXISTS test_rlp_policy ON test_rlp;",
            "name": "02481_default_value_used_in_row_level_filter.sql"
        },
        {
            "query": "\n\nCREATE ROW POLICY test_rlp_policy ON test_rlp FOR SELECT USING c%2 == 0 TO default;",
            "name": "02481_default_value_used_in_row_level_filter.sql"
        },
        {
            "query": "\n\nSELECT a, c FROM test_rlp WHERE b < 5 SETTINGS optimize_move_to_prewhere = 0;",
            "name": "02481_default_value_used_in_row_level_filter.sql"
        },
        {
            "query": "\n\nSELECT a, c FROM test_rlp PREWHERE b < 5;",
            "name": "02481_default_value_used_in_row_level_filter.sql"
        },
        {
            "query": "\n\n-- { echoOff }\n\nDROP POLICY test_rlp_policy ON test_rlp;",
            "name": "02481_default_value_used_in_row_level_filter.sql"
        },
        {
            "query": "\n\nDROP TABLE test_rlp;",
            "name": "02481_default_value_used_in_row_level_filter.sql"
        }
    ]
}