{
    "name": "01018_ddl_dictionaries_select.sql",
    "tests": [
        {
            "query": "-- Tags: no-fasttest\n\nSET send_logs_level = 'fatal';",
            "name": "01018_ddl_dictionaries_select.sql"
        },
        {
            "query": "\nSET check_table_dependencies=0;",
            "name": "01018_ddl_dictionaries_select.sql"
        },
        {
            "query": "\n\nCREATE TABLE {CLICKHOUSE_DATABASE:Identifier}.table_for_dict\n(\n  key_column UInt64,\n  second_column UInt8,\n  third_column String,\n  fourth_column Float64\n)\nENGINE = MergeTree()\nORDER BY key_column;",
            "name": "01018_ddl_dictionaries_select.sql"
        },
        {
            "query": "\n\nINSERT INTO {CLICKHOUSE_DATABASE:Identifier}.table_for_dict SELECT number, number % 17, toString(number * number), number / 2.0 from numbers(100);",
            "name": "01018_ddl_dictionaries_select.sql"
        },
        {
            "query": "\n\nCREATE DICTIONARY {CLICKHOUSE_DATABASE:Identifier}.dict1\n(\n  key_column UInt64 DEFAULT 0,\n  second_column UInt8 DEFAULT 1,\n  third_column String DEFAULT 'qqq',\n  fourth_column Float64 DEFAULT 42.0\n)\nPRIMARY KEY key_column\nSOURCE(CLICKHOUSE(HOST 'localhost' PORT tcpPort() USER 'default' TABLE 'table_for_dict' PASSWORD '' DB currentDatabase()))\nLIFETIME(MIN 1 MAX 10)\nLAYOUT(FLAT());",
            "name": "01018_ddl_dictionaries_select.sql"
        },
        {
            "query": "\n\nSELECT dictGetUInt8({CLICKHOUSE_DATABASE:String} || '.dict1', 'second_column', toUInt64(11));",
            "name": "01018_ddl_dictionaries_select.sql"
        },
        {
            "query": "\nSELECT second_column FROM {CLICKHOUSE_DATABASE:Identifier}.dict1 WHERE key_column = 11;",
            "name": "01018_ddl_dictionaries_select.sql"
        },
        {
            "query": "\nSELECT dictGetString({CLICKHOUSE_DATABASE:String} || '.dict1', 'third_column', toUInt64(12));",
            "name": "01018_ddl_dictionaries_select.sql"
        },
        {
            "query": "\nSELECT third_column FROM {CLICKHOUSE_DATABASE:Identifier}.dict1 WHERE key_column = 12;",
            "name": "01018_ddl_dictionaries_select.sql"
        },
        {
            "query": "\nSELECT dictGetFloat64({CLICKHOUSE_DATABASE:String} || '.dict1', 'fourth_column', toUInt64(14));",
            "name": "01018_ddl_dictionaries_select.sql"
        },
        {
            "query": "\nSELECT fourth_column FROM {CLICKHOUSE_DATABASE:Identifier}.dict1 WHERE key_column = 14;",
            "name": "01018_ddl_dictionaries_select.sql"
        },
        {
            "query": "\n\nSELECT count(distinct(dictGetUInt8({CLICKHOUSE_DATABASE:String} || '.dict1', 'second_column', toUInt64(number)))) from numbers(100);",
            "name": "01018_ddl_dictionaries_select.sql"
        },
        {
            "query": "\n\nDETACH DICTIONARY {CLICKHOUSE_DATABASE:Identifier}.dict1;",
            "name": "01018_ddl_dictionaries_select.sql"
        },
        {
            "query": "\n\nSELECT dictGetUInt8({CLICKHOUSE_DATABASE:String} || '.dict1', 'second_column', toUInt64(11));",
            "name": "01018_ddl_dictionaries_select.sql"
        },
        {
            "query": " -- {serverError 36}\n\nATTACH DICTIONARY {CLICKHOUSE_DATABASE:Identifier}.dict1;",
            "name": "01018_ddl_dictionaries_select.sql"
        },
        {
            "query": "\n\nSELECT dictGetUInt8({CLICKHOUSE_DATABASE:String} || '.dict1', 'second_column', toUInt64(11));",
            "name": "01018_ddl_dictionaries_select.sql"
        },
        {
            "query": "\n\nDROP DICTIONARY {CLICKHOUSE_DATABASE:Identifier}.dict1;",
            "name": "01018_ddl_dictionaries_select.sql"
        },
        {
            "query": "\n\nSELECT dictGetUInt8({CLICKHOUSE_DATABASE:String} || '.dict1', 'second_column', toUInt64(11));",
            "name": "01018_ddl_dictionaries_select.sql"
        },
        {
            "query": " -- {serverError 36}\n\n-- SOURCE(CLICKHOUSE(...)) uses default params if not specified\nDROP DICTIONARY IF EXISTS {CLICKHOUSE_DATABASE:Identifier}.dict1;",
            "name": "01018_ddl_dictionaries_select.sql"
        },
        {
            "query": "\n\nCREATE DICTIONARY {CLICKHOUSE_DATABASE:Identifier}.dict1\n(\n  key_column UInt64 DEFAULT 0,\n  second_column UInt8 DEFAULT 1,\n  third_column String DEFAULT 'qqq',\n  fourth_column Float64 DEFAULT 42.0\n)\nPRIMARY KEY key_column\nSOURCE(CLICKHOUSE(TABLE 'table_for_dict' DB currentDatabase()))\nLIFETIME(MIN 1 MAX 10)\nLAYOUT(FLAT());",
            "name": "01018_ddl_dictionaries_select.sql"
        },
        {
            "query": "\n\nSELECT dictGetUInt8({CLICKHOUSE_DATABASE:String} || '.dict1', 'second_column', toUInt64(11));",
            "name": "01018_ddl_dictionaries_select.sql"
        },
        {
            "query": "\n\nSELECT count(distinct(dictGetUInt8({CLICKHOUSE_DATABASE:String} || '.dict1', 'second_column', toUInt64(number)))) from numbers(100);",
            "name": "01018_ddl_dictionaries_select.sql"
        },
        {
            "query": "\n\nDROP DICTIONARY {CLICKHOUSE_DATABASE:Identifier}.dict1;",
            "name": "01018_ddl_dictionaries_select.sql"
        },
        {
            "query": "\n\nCREATE DICTIONARY {CLICKHOUSE_DATABASE:Identifier}.dict1\n(\n  key_column UInt64 DEFAULT 0,\n  second_column UInt8 DEFAULT 1,\n  third_column String DEFAULT 'qqq',\n  fourth_column Float64 DEFAULT 42.0\n)\nPRIMARY KEY key_column, third_column\nSOURCE(CLICKHOUSE(HOST 'localhost' PORT tcpPort() USER 'default' TABLE 'table_for_dict' DB currentDatabase()))\nLIFETIME(MIN 1 MAX 10)\nLAYOUT(COMPLEX_KEY_CACHE(SIZE_IN_CELLS 1));",
            "name": "01018_ddl_dictionaries_select.sql"
        },
        {
            "query": "\n\nSELECT dictGetUInt8({CLICKHOUSE_DATABASE:String} || '.dict1', 'second_column', tuple(toUInt64(11), '121'));",
            "name": "01018_ddl_dictionaries_select.sql"
        },
        {
            "query": "\nSELECT dictGetFloat64({CLICKHOUSE_DATABASE:String} || '.dict1', 'fourth_column', tuple(toUInt64(14), '196'));",
            "name": "01018_ddl_dictionaries_select.sql"
        },
        {
            "query": "\n\nDETACH DICTIONARY {CLICKHOUSE_DATABASE:Identifier}.dict1;",
            "name": "01018_ddl_dictionaries_select.sql"
        },
        {
            "query": "\n\nSELECT dictGetUInt8({CLICKHOUSE_DATABASE:String} || '.dict1', 'second_column', tuple(toUInt64(11), '121'));",
            "name": "01018_ddl_dictionaries_select.sql"
        },
        {
            "query": " -- {serverError 36}\n\nATTACH DICTIONARY {CLICKHOUSE_DATABASE:Identifier}.dict1;",
            "name": "01018_ddl_dictionaries_select.sql"
        },
        {
            "query": "\n\nSELECT dictGetUInt8({CLICKHOUSE_DATABASE:String} || '.dict1', 'second_column', tuple(toUInt64(11), '121'));",
            "name": "01018_ddl_dictionaries_select.sql"
        },
        {
            "query": "\n\nCREATE DICTIONARY {CLICKHOUSE_DATABASE:Identifier}.dict2\n(\n  key_column UInt64 DEFAULT 0,\n  some_column String EXPRESSION toString(fourth_column),\n  fourth_column Float64 DEFAULT 42.0\n)\nPRIMARY KEY key_column\nSOURCE(CLICKHOUSE(HOST 'localhost' PORT tcpPort() USER 'default' TABLE 'table_for_dict' DB currentDatabase()))\nLIFETIME(MIN 1 MAX 10)\nLAYOUT(HASHED());",
            "name": "01018_ddl_dictionaries_select.sql"
        },
        {
            "query": "\n\nSELECT dictGetString({CLICKHOUSE_DATABASE:String} || '.dict2', 'some_column', toUInt64(12));",
            "name": "01018_ddl_dictionaries_select.sql"
        },
        {
            "query": "\n\n-- NOTE: database = currentDatabase() is not mandatory\nSELECT name, engine FROM system.tables WHERE database = {CLICKHOUSE_DATABASE:String} ORDER BY name;",
            "name": "01018_ddl_dictionaries_select.sql"
        },
        {
            "query": "\n\nSELECT database, name, type FROM system.dictionaries WHERE database = {CLICKHOUSE_DATABASE:String} ORDER BY name;",
            "name": "01018_ddl_dictionaries_select.sql"
        },
        {
            "query": "\n\n-- check dictionary will not update\nCREATE DICTIONARY {CLICKHOUSE_DATABASE:Identifier}.dict3\n(\n  key_column UInt64 DEFAULT 0,\n  some_column String EXPRESSION toString(fourth_column),\n  fourth_column Float64 DEFAULT 42.0\n)\nPRIMARY KEY key_column\nSOURCE(CLICKHOUSE(HOST 'localhost' PORT tcpPort() USER 'default' TABLE 'table_for_dict' DB currentDatabase()))\nLIFETIME(0)\nLAYOUT(HASHED());",
            "name": "01018_ddl_dictionaries_select.sql"
        },
        {
            "query": "\n\nSELECT dictGetString({CLICKHOUSE_DATABASE:String} || '.dict3', 'some_column', toUInt64(12));",
            "name": "01018_ddl_dictionaries_select.sql"
        },
        {
            "query": "\n\n-- dictGet with table name\nUSE {CLICKHOUSE_DATABASE:Identifier};",
            "name": "01018_ddl_dictionaries_select.sql"
        },
        {
            "query": "\nSELECT dictGetString(dict3, 'some_column', toUInt64(12));",
            "name": "01018_ddl_dictionaries_select.sql"
        },
        {
            "query": "\nSELECT dictGetString({CLICKHOUSE_DATABASE:Identifier}.dict3, 'some_column', toUInt64(12));",
            "name": "01018_ddl_dictionaries_select.sql"
        },
        {
            "query": "\nSELECT dictGetString(default.dict3, 'some_column', toUInt64(12));",
            "name": "01018_ddl_dictionaries_select.sql"
        },
        {
            "query": " -- {serverError 36}\nSELECT dictGet(dict3, 'some_column', toUInt64(12));",
            "name": "01018_ddl_dictionaries_select.sql"
        },
        {
            "query": "\nSELECT dictGet({CLICKHOUSE_DATABASE:Identifier}.dict3, 'some_column', toUInt64(12));",
            "name": "01018_ddl_dictionaries_select.sql"
        },
        {
            "query": "\nSELECT dictGet(default.dict3, 'some_column', toUInt64(12));",
            "name": "01018_ddl_dictionaries_select.sql"
        },
        {
            "query": " -- {serverError 36}\nUSE default;",
            "name": "01018_ddl_dictionaries_select.sql"
        },
        {
            "query": "\n\n-- alias should be handled correctly\nSELECT {CLICKHOUSE_DATABASE:String} || '.dict3' as n, dictGet(n, 'some_column', toUInt64(12));",
            "name": "01018_ddl_dictionaries_select.sql"
        },
        {
            "query": "\n\nDROP TABLE {CLICKHOUSE_DATABASE:Identifier}.table_for_dict;",
            "name": "01018_ddl_dictionaries_select.sql"
        },
        {
            "query": "\n\nSYSTEM RELOAD DICTIONARIES;",
            "name": "01018_ddl_dictionaries_select.sql"
        },
        {
            "query": " -- {serverError 60}\n\nSELECT dictGetString({CLICKHOUSE_DATABASE:String} || '.dict3', 'some_column', toUInt64(12));",
            "name": "01018_ddl_dictionaries_select.sql"
        }
    ]
}