{
    "name": "02345_create_table_allow_trailing_comma.sql",
    "tests": [
        {
            "query": "DROP TABLE IF EXISTS trailing_comma_1 SYNC;",
            "name": "02345_create_table_allow_trailing_comma.sql"
        },
        {
            "query": "\nCREATE TABLE trailing_comma_1 (id INT NOT NULL DEFAULT 1,) ENGINE=MergeTree() ORDER BY tuple();",
            "name": "02345_create_table_allow_trailing_comma.sql"
        },
        {
            "query": "\nDESCRIBE TABLE trailing_comma_1;",
            "name": "02345_create_table_allow_trailing_comma.sql"
        },
        {
            "query": "\nDROP TABLE trailing_comma_1;",
            "name": "02345_create_table_allow_trailing_comma.sql"
        },
        {
            "query": "\n\nDROP TABLE IF EXISTS trailing_comma_2 SYNC;",
            "name": "02345_create_table_allow_trailing_comma.sql"
        },
        {
            "query": "\nCREATE TABLE trailing_comma_2 (id INT DEFAULT 1,) ENGINE=MergeTree() ORDER BY tuple();",
            "name": "02345_create_table_allow_trailing_comma.sql"
        },
        {
            "query": "\nDESCRIBE TABLE trailing_comma_2;",
            "name": "02345_create_table_allow_trailing_comma.sql"
        },
        {
            "query": "\nDROP TABLE trailing_comma_2;",
            "name": "02345_create_table_allow_trailing_comma.sql"
        },
        {
            "query": "\n\nDROP TABLE IF EXISTS trailing_comma_3 SYNC;",
            "name": "02345_create_table_allow_trailing_comma.sql"
        },
        {
            "query": "\nCREATE TABLE trailing_comma_3 (x UInt8, y UInt8,) ENGINE=MergeTree() ORDER BY tuple();",
            "name": "02345_create_table_allow_trailing_comma.sql"
        },
        {
            "query": "\nDESCRIBE TABLE trailing_comma_3;",
            "name": "02345_create_table_allow_trailing_comma.sql"
        },
        {
            "query": "\nDROP TABLE trailing_comma_3;",
            "name": "02345_create_table_allow_trailing_comma.sql"
        }
    ]
}