{
    "name": "02734_sparse_columns_mutation.sql",
    "tests": [
        {
            "query": "DROP TABLE IF EXISTS t_sparse_mutation;",
            "name": "02734_sparse_columns_mutation.sql"
        },
        {
            "query": "\n\nCREATE TABLE t_sparse_mutation (id UInt64, v UInt64)\nENGINE = MergeTree ORDER BY id\nSETTINGS ratio_of_defaults_for_sparse_serialization = 0.9;",
            "name": "02734_sparse_columns_mutation.sql"
        },
        {
            "query": "\n\nINSERT INTO t_sparse_mutation select number, if (number % 21 = 0, number, 0) FROM numbers(10000);",
            "name": "02734_sparse_columns_mutation.sql"
        },
        {
            "query": "\n\nSET mutations_sync = 2;",
            "name": "02734_sparse_columns_mutation.sql"
        },
        {
            "query": "\n\nDELETE FROM t_sparse_mutation WHERE id % 2 = 0;",
            "name": "02734_sparse_columns_mutation.sql"
        },
        {
            "query": "\n\nSELECT count(), sum(v) FROM t_sparse_mutation;",
            "name": "02734_sparse_columns_mutation.sql"
        },
        {
            "query": "\n\nSELECT sum(has_lightweight_delete) FROM system.parts\nWHERE database = currentDatabase() AND table = 't_sparse_mutation' AND active;",
            "name": "02734_sparse_columns_mutation.sql"
        },
        {
            "query": "\n\nALTER TABLE t_sparse_mutation UPDATE v = v * 2 WHERE id % 5 = 0;",
            "name": "02734_sparse_columns_mutation.sql"
        },
        {
            "query": "\nALTER TABLE t_sparse_mutation DELETE WHERE id % 3 = 0;",
            "name": "02734_sparse_columns_mutation.sql"
        },
        {
            "query": "\n\nSELECT count(), sum(v) FROM t_sparse_mutation;",
            "name": "02734_sparse_columns_mutation.sql"
        },
        {
            "query": "\n\nOPTIMIZE TABLE t_sparse_mutation FINAL;",
            "name": "02734_sparse_columns_mutation.sql"
        },
        {
            "query": "\n\nSELECT sum(has_lightweight_delete) FROM system.parts\nWHERE database = currentDatabase() AND table = 't_sparse_mutation' AND active;",
            "name": "02734_sparse_columns_mutation.sql"
        },
        {
            "query": "\n\nSELECT count(), sum(v) FROM t_sparse_mutation;",
            "name": "02734_sparse_columns_mutation.sql"
        },
        {
            "query": "\n\nDROP TABLE t_sparse_mutation;",
            "name": "02734_sparse_columns_mutation.sql"
        }
    ]
}