{
    "name": "02096_date_time_1970_saturation2.sql",
    "tests": [
        {
            "query": "-- America/Paramaribo : partial hours timezones\nselect toDateTime(0, 'America/Paramaribo');",
            "name": "02096_date_time_1970_saturation2.sql"
        },
        {
            "query": "\nselect toMonday(toDateTime(0, 'America/Paramaribo'));",
            "name": "02096_date_time_1970_saturation2.sql"
        },
        {
            "query": "\nselect toStartOfWeek(toDateTime(0, 'America/Paramaribo'));",
            "name": "02096_date_time_1970_saturation2.sql"
        },
        {
            "query": "\nselect toStartOfMonth(toDateTime(0, 'America/Paramaribo'));",
            "name": "02096_date_time_1970_saturation2.sql"
        },
        {
            "query": "\nselect toStartOfQuarter(toDateTime(0, 'America/Paramaribo'));",
            "name": "02096_date_time_1970_saturation2.sql"
        },
        {
            "query": "\nselect toStartOfYear(toDateTime(0, 'America/Paramaribo'));",
            "name": "02096_date_time_1970_saturation2.sql"
        },
        {
            "query": "\nselect toTime(toDateTime(0, 'America/Paramaribo'), 'America/Paramaribo');",
            "name": "02096_date_time_1970_saturation2.sql"
        },
        {
            "query": "\nselect toStartOfMinute(toDateTime(0, 'America/Paramaribo'));",
            "name": "02096_date_time_1970_saturation2.sql"
        },
        {
            "query": "\nselect toStartOfFiveMinute(toDateTime(0, 'America/Paramaribo'));",
            "name": "02096_date_time_1970_saturation2.sql"
        },
        {
            "query": "\nselect toStartOfTenMinutes(toDateTime(0, 'America/Paramaribo'));",
            "name": "02096_date_time_1970_saturation2.sql"
        },
        {
            "query": "\nselect toStartOfFifteenMinutes(toDateTime(0, 'America/Paramaribo'));",
            "name": "02096_date_time_1970_saturation2.sql"
        },
        {
            "query": "\nselect toStartOfHour(toDateTime(0, 'America/Paramaribo'));",
            "name": "02096_date_time_1970_saturation2.sql"
        },
        {
            "query": "\n\n-- Africa/Monrovia : partial minutes timezones\nselect toDateTime(0, 'Africa/Monrovia');",
            "name": "02096_date_time_1970_saturation2.sql"
        },
        {
            "query": "\nselect toMonday(toDateTime(0, 'Africa/Monrovia'));",
            "name": "02096_date_time_1970_saturation2.sql"
        },
        {
            "query": "\nselect toStartOfWeek(toDateTime(0, 'Africa/Monrovia'));",
            "name": "02096_date_time_1970_saturation2.sql"
        },
        {
            "query": "\nselect toStartOfMonth(toDateTime(0, 'Africa/Monrovia'));",
            "name": "02096_date_time_1970_saturation2.sql"
        },
        {
            "query": "\nselect toStartOfQuarter(toDateTime(0, 'Africa/Monrovia'));",
            "name": "02096_date_time_1970_saturation2.sql"
        },
        {
            "query": "\nselect toStartOfYear(toDateTime(0, 'Africa/Monrovia'));",
            "name": "02096_date_time_1970_saturation2.sql"
        },
        {
            "query": "\nselect toTime(toDateTime(0, 'Africa/Monrovia'), 'Africa/Monrovia');",
            "name": "02096_date_time_1970_saturation2.sql"
        },
        {
            "query": "\nselect toStartOfMinute(toDateTime(0, 'Africa/Monrovia'));",
            "name": "02096_date_time_1970_saturation2.sql"
        },
        {
            "query": "\nselect toStartOfFiveMinute(toDateTime(0, 'Africa/Monrovia'));",
            "name": "02096_date_time_1970_saturation2.sql"
        },
        {
            "query": "\nselect toStartOfTenMinutes(toDateTime(0, 'Africa/Monrovia'));",
            "name": "02096_date_time_1970_saturation2.sql"
        },
        {
            "query": "\nselect toStartOfFifteenMinutes(toDateTime(0, 'Africa/Monrovia'));",
            "name": "02096_date_time_1970_saturation2.sql"
        },
        {
            "query": "\nselect toStartOfHour(toDateTime(0, 'Africa/Monrovia'));",
            "name": "02096_date_time_1970_saturation2.sql"
        }
    ]
}