{
    "name": "01319_manual_write_to_replicas_long.sql",
    "tests": [
        {
            "query": "-- Tags: long, replica\n\nDROP TABLE IF EXISTS r1;",
            "name": "01319_manual_write_to_replicas_long.sql"
        },
        {
            "query": "\nDROP TABLE IF EXISTS r2;",
            "name": "01319_manual_write_to_replicas_long.sql"
        },
        {
            "query": "\n\nCREATE TABLE r1 (x String) ENGINE = ReplicatedMergeTree('/clickhouse/tables/{database}/r', 'r1') ORDER BY x;",
            "name": "01319_manual_write_to_replicas_long.sql"
        },
        {
            "query": "\nCREATE TABLE r2 (x String) ENGINE = ReplicatedMergeTree('/clickhouse/tables/{database}/r', 'r2') ORDER BY x;",
            "name": "01319_manual_write_to_replicas_long.sql"
        },
        {
            "query": "\n\nSYSTEM STOP REPLICATED SENDS r1;",
            "name": "01319_manual_write_to_replicas_long.sql"
        },
        {
            "query": "\nSYSTEM STOP REPLICATED SENDS r2;",
            "name": "01319_manual_write_to_replicas_long.sql"
        },
        {
            "query": "\n\nINSERT INTO r1 VALUES ('Hello, world');",
            "name": "01319_manual_write_to_replicas_long.sql"
        },
        {
            "query": "\nSELECT * FROM r1;",
            "name": "01319_manual_write_to_replicas_long.sql"
        },
        {
            "query": "\nSELECT * FROM r2;",
            "name": "01319_manual_write_to_replicas_long.sql"
        },
        {
            "query": "\nINSERT INTO r2 VALUES ('Hello, world');",
            "name": "01319_manual_write_to_replicas_long.sql"
        },
        {
            "query": "\nSELECT '---';",
            "name": "01319_manual_write_to_replicas_long.sql"
        },
        {
            "query": "\nSELECT * FROM r1;",
            "name": "01319_manual_write_to_replicas_long.sql"
        },
        {
            "query": "\nSELECT * FROM r2;",
            "name": "01319_manual_write_to_replicas_long.sql"
        },
        {
            "query": "\n\nSYSTEM START REPLICATED SENDS r1;",
            "name": "01319_manual_write_to_replicas_long.sql"
        },
        {
            "query": "\nSYSTEM START REPLICATED SENDS r2;",
            "name": "01319_manual_write_to_replicas_long.sql"
        },
        {
            "query": "\nSYSTEM SYNC REPLICA r1;",
            "name": "01319_manual_write_to_replicas_long.sql"
        },
        {
            "query": "\nSYSTEM SYNC REPLICA r2;",
            "name": "01319_manual_write_to_replicas_long.sql"
        },
        {
            "query": "\n\nSELECT '---';",
            "name": "01319_manual_write_to_replicas_long.sql"
        },
        {
            "query": "\nSELECT * FROM r1;",
            "name": "01319_manual_write_to_replicas_long.sql"
        },
        {
            "query": "\nSELECT * FROM r2;",
            "name": "01319_manual_write_to_replicas_long.sql"
        },
        {
            "query": "\n\nDROP TABLE r1;",
            "name": "01319_manual_write_to_replicas_long.sql"
        },
        {
            "query": "\nDROP TABLE r2;",
            "name": "01319_manual_write_to_replicas_long.sql"
        }
    ]
}