{
    "name": "02998_primary_key_skip_columns.sql",
    "tests": [
        {
            "query": "-- Tags: no-asan, no-tsan, no-msan, no-ubsan, no-random-settings, no-debug\n\nDROP TABLE IF EXISTS test;",
            "name": "02998_primary_key_skip_columns.sql"
        },
        {
            "query": "\n\nCREATE TABLE test (a UInt64, b UInt64, c UInt64) ENGINE = MergeTree ORDER BY (a, b, c) SETTINGS index_granularity = 1, primary_key_ratio_of_unique_prefix_values_to_skip_suffix_columns = 1;",
            "name": "02998_primary_key_skip_columns.sql"
        },
        {
            "query": "\nINSERT INTO test SELECT sipHash64(number, 1), sipHash64(number, 2), sipHash64(number, 3) FROM numbers(100000);",
            "name": "02998_primary_key_skip_columns.sql"
        },
        {
            "query": "\n\nSELECT count() FROM test;",
            "name": "02998_primary_key_skip_columns.sql"
        },
        {
            "query": "\nSELECT count() FROM test WHERE a > 1849813033528774208 AND a < 4594276315503201760;",
            "name": "02998_primary_key_skip_columns.sql"
        },
        {
            "query": "\nSELECT count() FROM test WHERE b > 7898976344263989848 AND b < 8040320939819153137;",
            "name": "02998_primary_key_skip_columns.sql"
        },
        {
            "query": "\nSELECT count() FROM test WHERE c > 13239894303140990071 AND c < 16179795840886947236;",
            "name": "02998_primary_key_skip_columns.sql"
        },
        {
            "query": "\nSELECT count() FROM test WHERE a > 1849813033528774208 AND a < 4594276315503201760 AND b > 7898976344263989848 AND b < 8040320939819153137;",
            "name": "02998_primary_key_skip_columns.sql"
        },
        {
            "query": "\nSELECT count() FROM test WHERE b > 7898976344263989848 AND b < 8040320939819153137 AND c > 13239894303140990071 AND c < 16179795840886947236;",
            "name": "02998_primary_key_skip_columns.sql"
        },
        {
            "query": "\nSELECT count() FROM test WHERE a > 1849813033528774208 AND a < 4594276315503201760 AND c > 13239894303140990071 AND c < 16179795840886947236;",
            "name": "02998_primary_key_skip_columns.sql"
        },
        {
            "query": "\nSELECT count() FROM test WHERE a > 1849813033528774208 AND a < 4594276315503201760 AND b > 7898976344263989848 AND b < 8040320939819153137 AND c > 13239894303140990071 AND c < 16179795840886947236;",
            "name": "02998_primary_key_skip_columns.sql"
        },
        {
            "query": "\n\nSELECT 'Key size: ', round(sum(primary_key_bytes_in_memory), -5) FROM system.parts WHERE database = currentDatabase() AND table = 'test';",
            "name": "02998_primary_key_skip_columns.sql"
        },
        {
            "query": "\n\nALTER TABLE test MODIFY SETTING primary_key_ratio_of_unique_prefix_values_to_skip_suffix_columns = 0.9;",
            "name": "02998_primary_key_skip_columns.sql"
        },
        {
            "query": "\n\nDETACH TABLE test;",
            "name": "02998_primary_key_skip_columns.sql"
        },
        {
            "query": "\nATTACH TABLE test;",
            "name": "02998_primary_key_skip_columns.sql"
        },
        {
            "query": "\n\nSELECT count() FROM test;",
            "name": "02998_primary_key_skip_columns.sql"
        },
        {
            "query": "\nSELECT count() FROM test WHERE a > 1849813033528774208 AND a < 4594276315503201760;",
            "name": "02998_primary_key_skip_columns.sql"
        },
        {
            "query": "\nSELECT count() FROM test WHERE b > 7898976344263989848 AND b < 8040320939819153137;",
            "name": "02998_primary_key_skip_columns.sql"
        },
        {
            "query": "\nSELECT count() FROM test WHERE c > 13239894303140990071 AND c < 16179795840886947236;",
            "name": "02998_primary_key_skip_columns.sql"
        },
        {
            "query": "\nSELECT count() FROM test WHERE a > 1849813033528774208 AND a < 4594276315503201760 AND b > 7898976344263989848 AND b < 8040320939819153137;",
            "name": "02998_primary_key_skip_columns.sql"
        },
        {
            "query": "\nSELECT count() FROM test WHERE b > 7898976344263989848 AND b < 8040320939819153137 AND c > 13239894303140990071 AND c < 16179795840886947236;",
            "name": "02998_primary_key_skip_columns.sql"
        },
        {
            "query": "\nSELECT count() FROM test WHERE a > 1849813033528774208 AND a < 4594276315503201760 AND c > 13239894303140990071 AND c < 16179795840886947236;",
            "name": "02998_primary_key_skip_columns.sql"
        },
        {
            "query": "\nSELECT count() FROM test WHERE a > 1849813033528774208 AND a < 4594276315503201760 AND b > 7898976344263989848 AND b < 8040320939819153137 AND c > 13239894303140990071 AND c < 16179795840886947236;",
            "name": "02998_primary_key_skip_columns.sql"
        },
        {
            "query": "\n\nSELECT 'Key size: ', round(sum(primary_key_bytes_in_memory), -5) FROM system.parts WHERE database = currentDatabase() AND table = 'test';",
            "name": "02998_primary_key_skip_columns.sql"
        },
        {
            "query": "\n\nDROP TABLE test;",
            "name": "02998_primary_key_skip_columns.sql"
        }
    ]
}