{
    "name": "03034_recursive_cte_tree_merge_tree.sql",
    "tests": [
        {
            "query": "-- { echoOn }\n\nSET allow_experimental_analyzer = 1;",
            "name": "03034_recursive_cte_tree_merge_tree.sql"
        },
        {
            "query": "\n\nDROP TABLE IF EXISTS tree;",
            "name": "03034_recursive_cte_tree_merge_tree.sql"
        },
        {
            "query": "\nCREATE TABLE tree\n(\n    id UInt64,\n    link Nullable(UInt64),\n    data String\n) ENGINE=MergeTree ORDER BY ();",
            "name": "03034_recursive_cte_tree_merge_tree.sql"
        },
        {
            "query": "\n\nINSERT INTO tree VALUES (0, NULL, 'ROOT'), (1, 0, 'Child_1'), (2, 0, 'Child_2'), (3, 1, 'Child_1_1');",
            "name": "03034_recursive_cte_tree_merge_tree.sql"
        },
        {
            "query": "\n\nWITH RECURSIVE search_tree AS (\n    SELECT id, link, data\n    FROM tree t\n    WHERE t.id = 0\n  UNION ALL\n    SELECT t.id, t.link, t.data\n    FROM tree t, search_tree st\n    WHERE t.link = st.id\n)\nSELECT * FROM search_tree;",
            "name": "03034_recursive_cte_tree_merge_tree.sql"
        },
        {
            "query": "\n\nSELECT '--';",
            "name": "03034_recursive_cte_tree_merge_tree.sql"
        },
        {
            "query": "\n\nWITH RECURSIVE search_tree AS (\n    SELECT id, link, data, [t.id] AS path\n    FROM tree t\n    WHERE t.id = 0\n  UNION ALL\n    SELECT t.id, t.link, t.data, arrayConcat(path, [t.id])\n    FROM tree t, search_tree st\n    WHERE t.link = st.id\n)\nSELECT * FROM search_tree;",
            "name": "03034_recursive_cte_tree_merge_tree.sql"
        },
        {
            "query": "\n\nDROP TABLE tree;",
            "name": "03034_recursive_cte_tree_merge_tree.sql"
        },
        {
            "query": "\n\n/**\n  * Based on https://github.com/postgres/postgres/blob/master/src/test/regress/sql/with.sql, license:\n  *\n  * PostgreSQL Database Management System\n  * (formerly known as Postgres, then as Postgres95)\n  *\n  * Portions Copyright (c) 1996-2024, PostgreSQL Global Development Group\n  *\n  * Portions Copyright (c) 1994, The Regents of the University of California\n  *\n  * Permission to use, copy, modify, and distribute this software and its\n  * documentation for any purpose, without fee, and without a written agreement\n  * is hereby granted, provided that the above copyright notice and this\n  * paragraph and the following two paragraphs appear in all copies.\n  *\n  * IN NO EVENT SHALL THE UNIVERSITY OF CALIFORNIA BE LIABLE TO ANY PARTY FOR\n  * DIRECT, INDIRECT, SPECIAL, INCIDENTAL, OR CONSEQUENTIAL DAMAGES, INCLUDING\n  * LOST PROFITS, ARISING OUT OF THE USE OF THIS SOFTWARE AND ITS\n  * DOCUMENTATION, EVEN IF THE UNIVERSITY OF CALIFORNIA HAS BEEN ADVISED OF THE\n  * POSSIBILITY OF SUCH DAMAGE.\n  *\n  * THE UNIVERSITY OF CALIFORNIA SPECIFICALLY DISCLAIMS ANY WARRANTIES,\n  * INCLUDING, BUT NOT LIMITED TO, THE IMPLIED WARRANTIES OF MERCHANTABILITY\n  * AND FITNESS FOR A PARTICULAR PURPOSE.  THE SOFTWARE PROVIDED HEREUNDER IS\n  * ON AN \"AS IS\" BASIS, AND THE UNIVERSITY OF CALIFORNIA HAS NO OBLIGATIONS TO\n  *PROVIDE MAINTENANCE, SUPPORT, UPDATES, ENHANCEMENTS, OR MODIFICATIONS.\n  */\n\n--\n-- Tests for common table expressions (WITH query, ... SELECT ...)\n--\n\n--\n-- Some examples with a tree\n--\n-- department structure represented here is as follows:\n--\n-- ROOT-+->A-+->B-+->C\n--      |         |\n--      |         +->D-+->F\n--      +->E-+->G\n\nDROP TABLE IF EXISTS department;",
            "name": "03034_recursive_cte_tree_merge_tree.sql"
        },
        {
            "query": "\nCREATE TABLE department (\n    id UInt64,  -- department ID\n    parent_department UInt64, -- upper department ID\n    name String -- department name\n)\nENGINE=MergeTree ORDER BY ();",
            "name": "03034_recursive_cte_tree_merge_tree.sql"
        },
        {
            "query": "\n\nINSERT INTO department VALUES (0, NULL, 'ROOT');",
            "name": "03034_recursive_cte_tree_merge_tree.sql"
        },
        {
            "query": "\nINSERT INTO department VALUES (1, 0, 'A');",
            "name": "03034_recursive_cte_tree_merge_tree.sql"
        },
        {
            "query": "\nINSERT INTO department VALUES (2, 1, 'B');",
            "name": "03034_recursive_cte_tree_merge_tree.sql"
        },
        {
            "query": "\nINSERT INTO department VALUES (3, 2, 'C');",
            "name": "03034_recursive_cte_tree_merge_tree.sql"
        },
        {
            "query": "\nINSERT INTO department VALUES (4, 2, 'D');",
            "name": "03034_recursive_cte_tree_merge_tree.sql"
        },
        {
            "query": "\nINSERT INTO department VALUES (5, 0, 'E');",
            "name": "03034_recursive_cte_tree_merge_tree.sql"
        },
        {
            "query": "\nINSERT INTO department VALUES (6, 4, 'F');",
            "name": "03034_recursive_cte_tree_merge_tree.sql"
        },
        {
            "query": "\nINSERT INTO department VALUES (7, 5, 'G');",
            "name": "03034_recursive_cte_tree_merge_tree.sql"
        },
        {
            "query": "\n\n\n-- extract all departments under 'A'. Result should be A, B, C, D and F\nWITH RECURSIVE subdepartment AS\n(\n    -- non recursive term\n    SELECT name as root_name, * FROM department WHERE name = 'A'\n\n    UNION ALL\n\n    -- recursive term\n    SELECT sd.root_name, d.* FROM department AS d, subdepartment AS sd\n        WHERE d.parent_department = sd.id\n)\nSELECT * FROM subdepartment ORDER BY name;",
            "name": "03034_recursive_cte_tree_merge_tree.sql"
        },
        {
            "query": "\n\n-- extract all departments under 'A' with \"level\" number\nWITH RECURSIVE subdepartment AS\n(\n    -- non recursive term\n    SELECT 1 AS level, * FROM department WHERE name = 'A'\n\n    UNION ALL\n\n    -- recursive term\n    SELECT sd.level + 1, d.* FROM department AS d, subdepartment AS sd\n        WHERE d.parent_department = sd.id\n)\nSELECT * FROM subdepartment ORDER BY name;",
            "name": "03034_recursive_cte_tree_merge_tree.sql"
        },
        {
            "query": "\n\n-- extract all departments under 'A' with \"level\" number.\n-- Only shows level 2 or more\nWITH RECURSIVE subdepartment AS\n(\n    -- non recursive term\n    SELECT 1 AS level, * FROM department WHERE name = 'A'\n\n    UNION ALL\n\n    -- recursive term\n    SELECT sd.level + 1, d.* FROM department AS d, subdepartment AS sd\n        WHERE d.parent_department = sd.id\n)\nSELECT * FROM subdepartment WHERE level >= 2 ORDER BY name;",
            "name": "03034_recursive_cte_tree_merge_tree.sql"
        },
        {
            "query": "\n\n-- \"RECURSIVE\" is ignored if the query has no self-reference\nWITH RECURSIVE subdepartment AS\n(\n    -- note lack of recursive UNION structure\n    SELECT * FROM department WHERE name = 'A'\n)\nSELECT * FROM subdepartment ORDER BY name;",
            "name": "03034_recursive_cte_tree_merge_tree.sql"
        },
        {
            "query": "\n\n-- corner case in which sub-WITH gets initialized first\nSELECT * FROM\n(\n  WITH RECURSIVE q AS (\n        SELECT * FROM department\n      UNION ALL\n        (WITH x AS (SELECT * FROM q)\n        SELECT * FROM x)\n      )\n  SELECT * FROM q LIMIT 24\n) ORDER BY id, parent_department, name;",
            "name": "03034_recursive_cte_tree_merge_tree.sql"
        },
        {
            "query": "\n\nSELECT * FROM\n(\n  WITH RECURSIVE q AS (\n        SELECT * FROM department\n      UNION ALL\n        (WITH RECURSIVE x AS (\n            SELECT * FROM department\n          UNION ALL\n            (SELECT * FROM q UNION ALL SELECT * FROM x)\n          )\n        SELECT * FROM x)\n      )\n  SELECT * FROM q LIMIT 32\n) ORDER BY id, parent_department, name;",
            "name": "03034_recursive_cte_tree_merge_tree.sql"
        },
        {
            "query": "\n\n-- { echoOff }\n;",
            "name": "03034_recursive_cte_tree_merge_tree.sql"
        }
    ]
}