{
    "name": "00645_date_time_input_format.sql",
    "tests": [
        {
            "query": "CREATE TEMPORARY TABLE test_00645 (d DateTime) ENGINE = Memory;",
            "name": "00645_date_time_input_format.sql"
        },
        {
            "query": "\nSET date_time_input_format = 'best_effort';",
            "name": "00645_date_time_input_format.sql"
        },
        {
            "query": "\nINSERT INTO test_00645 VALUES ('2018-06-08T01:02:03.000Z');",
            "name": "00645_date_time_input_format.sql"
        },
        {
            "query": "\nSELECT toTimeZone(d, 'UTC') FROM test_00645;",
            "name": "00645_date_time_input_format.sql"
        }
    ]
}