{
    "name": "00552_logical_functions_simple.sql",
    "tests": [
        {
            "query": "\n-- Test simple logic over smaller batch of columns\nSELECT\n    -- x1, x2, x3, x4,\n    xor(x1, x2, x3, x4) AS xor1,\n    xor(xor(x1, x2), xor(x3, x4)) AS xor2,\n\n    or(x1, x2, x3, x4) AS or1,\n    or(x1 or x2, x3 or x4) AS or2,\n\n    and(x1, x2, x3, x4) AS and1,\n    and(x1 and x2, x3 and x4) AS and2\nFROM (\n    SELECT\n        toUInt8(number % 2) AS x1,\n        toUInt8(number / 2 % 2) AS x2,\n        toUInt8(number / 4 % 2) AS x3,\n        toUInt8(number / 8 % 2) AS x4\n    FROM numbers(16)\n)\nWHERE\n    xor1 != xor2 OR (and1 != and2 OR or1 != or2)\n;",
            "name": "00552_logical_functions_simple.sql"
        },
        {
            "query": "\n\n-- Test simple logic over multiple batches of columns (currently batch spans over 10 columns)\nSELECT\n    -- x1, x2, x3, x4, x5, x6, x7, x8, x9, x10, x11,\n    xor(x1, x2, x3, x4, x5, x6, x7, x8, x9, x10, x11) AS xor1,\n    xor(x1, xor(xor(xor(x2, x3), xor(x4, x5)), xor(xor(x6, x7), xor(x8, xor(x9, xor(x10, x11)))))) AS xor2,\n\n    or(x1, x2, x3, x4, x5, x6, x7, x8, x9, x10, x11) AS or1,\n    or(x1, or(or(or(x2, x3), or(x4, x5)), or(or(x6, x7), or(x8, or(x9, or(x10, x11)))))) AS or2,\n\n    and(x1, x2, x3, x4, x5, x6, x7, x8, x9, x10, x11) AS and1,\n    and(x1, and((x2 and x3) and (x4 and x5), (x6 and x7) and (x8 and (x9 and (x10 and x11))))) AS and2\nFROM (\n    SELECT\n        toUInt8(number % 2) AS x1,\n        toUInt8(number / 2 % 2) AS x2,\n        toUInt8(number / 4 % 2) AS x3,\n        toUInt8(number / 8 % 2) AS x4,\n        toUInt8(number / 16 % 2) AS x5,\n        toUInt8(number / 32 % 2) AS x6,\n        toUInt8(number / 64 % 2) AS x7,\n        toUInt8(number / 128 % 2) AS x8,\n        toUInt8(number / 256 % 2) AS x9,\n        toUInt8(number / 512 % 2) AS x10,\n        toUInt8(number / 1024 % 2) AS x11\n    FROM numbers(2048)\n)\nWHERE\n    xor1 != xor2 OR (and1 != and2 OR or1 != or2)\n;",
            "name": "00552_logical_functions_simple.sql"
        },
        {
            "query": "\n\n\nSELECT 'OK';",
            "name": "00552_logical_functions_simple.sql"
        }
    ]
}