{
    "name": "02677_analyzer_compound_expressions.sql",
    "tests": [
        {
            "query": "SET allow_experimental_analyzer = 1;",
            "name": "02677_analyzer_compound_expressions.sql"
        },
        {
            "query": "\n\nWITH ('a', 'b')::Tuple(c1 String, c2 String) AS t\nSELECT t.c1, t.c2;",
            "name": "02677_analyzer_compound_expressions.sql"
        },
        {
            "query": "\n\nWITH materialize(('a', 'b')::Tuple(c1 String, c2 String)) AS t\nSELECT t.c1, t.c2;",
            "name": "02677_analyzer_compound_expressions.sql"
        },
        {
            "query": "\n\nWITH (1, ('a', 'b'))::Tuple(c1 UInt64, t1 Tuple(c1 String, c2 String)) AS t\nSELECT t.c1, t.t1.c1, t.t1.c2;",
            "name": "02677_analyzer_compound_expressions.sql"
        },
        {
            "query": "\n\nWITH materialize((1, ('a', 'b'))::Tuple(c1 UInt64, t1 Tuple(c1 String, c2 String))) AS t\nSELECT t.c1, t.t1.c1, t.t1.c2;",
            "name": "02677_analyzer_compound_expressions.sql"
        },
        {
            "query": "\n\nWITH [1, 2, 3] AS arr SELECT arr.size0;",
            "name": "02677_analyzer_compound_expressions.sql"
        },
        {
            "query": "\nWITH materialize([1, 2, 3]) AS arr SELECT arr.size0;",
            "name": "02677_analyzer_compound_expressions.sql"
        },
        {
            "query": "\n\nWITH [1, 2, NULL] AS arr SELECT arr.null;",
            "name": "02677_analyzer_compound_expressions.sql"
        },
        {
            "query": "\nWITH materialize([1, 2, NULL]) AS arr SELECT arr.null;",
            "name": "02677_analyzer_compound_expressions.sql"
        },
        {
            "query": "\n\nWITH [[1, 2], [], [3]] AS arr SELECT arr.size0, arr.size1;",
            "name": "02677_analyzer_compound_expressions.sql"
        },
        {
            "query": "\nWITH materialize([[1, 2], [], [3]]) AS arr SELECT arr.size0, arr.size1;",
            "name": "02677_analyzer_compound_expressions.sql"
        },
        {
            "query": "\n\nWITH map('foo', 1, 'bar', 2) AS m SELECT m.keys, m.values;",
            "name": "02677_analyzer_compound_expressions.sql"
        },
        {
            "query": "\nWITH materialize(map('foo', 1, 'bar', 2)) AS m SELECT m.keys, m.values;",
            "name": "02677_analyzer_compound_expressions.sql"
        },
        {
            "query": "\nWITH map('foo', 1, 'bar', 2) AS m SELECT m.*;",
            "name": "02677_analyzer_compound_expressions.sql"
        },
        {
            "query": "\n\nWITH map('foo', (1, 2), 'bar', (3, 4))::Map(String, Tuple(a UInt64, b UInt64)) AS m\nSELECT m.keys, m.values, m.values.a, m.values.b;",
            "name": "02677_analyzer_compound_expressions.sql"
        },
        {
            "query": "\n\nWITH materialize(map('foo', (1, 2), 'bar', (3, 4))::Map(String, Tuple(a UInt64, b UInt64))) AS m\nSELECT m.keys, m.values, m.values.a, m.values.b;",
            "name": "02677_analyzer_compound_expressions.sql"
        },
        {
            "query": "\n\nWITH map('foo', (1, 2), 'bar', (3, 4))::Map(String, Tuple(a UInt64, b UInt64)) AS m\nSELECT m.keys, m.values, m.values.*;",
            "name": "02677_analyzer_compound_expressions.sql"
        },
        {
            "query": "\n\nWITH materialize(map('foo', (1, 2), 'bar', (3, 4))::Map(String, Tuple(a UInt64, b UInt64))) AS m\nSELECT m.keys, m.values, m.values.*;",
            "name": "02677_analyzer_compound_expressions.sql"
        },
        {
            "query": "\n\nWITH [1, 2, 3] AS arr SELECT arr.*;",
            "name": "02677_analyzer_compound_expressions.sql"
        },
        {
            "query": " -- { serverError UNSUPPORTED_METHOD }\n\nSELECT getSubcolumn([1, 2, 3], 'size0');",
            "name": "02677_analyzer_compound_expressions.sql"
        },
        {
            "query": "\nSELECT getSubcolumn([1, 2, 3], materialize('size0'));",
            "name": "02677_analyzer_compound_expressions.sql"
        },
        {
            "query": " -- { serverError ILLEGAL_COLUMN }\nSELECT getSubcolumn([1, 2, 3], 'aaa');",
            "name": "02677_analyzer_compound_expressions.sql"
        },
        {
            "query": " -- { serverError ILLEGAL_COLUMN }\n;",
            "name": "02677_analyzer_compound_expressions.sql"
        }
    ]
}