{
    "name": "02900_add_subtract_interval_with_string_date.sql",
    "tests": [
        {
            "query": "SELECT '-- const date, const delta';",
            "name": "02900_add_subtract_interval_with_string_date.sql"
        },
        {
            "query": "\n\nSELECT '   -- add';",
            "name": "02900_add_subtract_interval_with_string_date.sql"
        },
        {
            "query": "\nSELECT addYears('2023-10-22', 1), addYears('2023-10-22 12:34:56.123', 1);",
            "name": "02900_add_subtract_interval_with_string_date.sql"
        },
        {
            "query": "\nSELECT addQuarters('2023-10-22', 1), addQuarters('2023-10-22 12:34:56.123', 1);",
            "name": "02900_add_subtract_interval_with_string_date.sql"
        },
        {
            "query": "\nSELECT addMonths('2023-10-22', 1), addMonths('2023-10-22 12:34:56.123', 1);",
            "name": "02900_add_subtract_interval_with_string_date.sql"
        },
        {
            "query": "\nSELECT addWeeks('2023-10-22', 1), addWeeks('2023-10-22 12:34:56.123', 1);",
            "name": "02900_add_subtract_interval_with_string_date.sql"
        },
        {
            "query": "\nSELECT addDays('2023-10-22', 1), addDays('2023-10-22 12:34:56.123', 1);",
            "name": "02900_add_subtract_interval_with_string_date.sql"
        },
        {
            "query": "\nSELECT addHours('2023-10-22', 1), addHours('2023-10-22 12:34:56.123', 1);",
            "name": "02900_add_subtract_interval_with_string_date.sql"
        },
        {
            "query": "\nSELECT addMinutes('2023-10-22', 1), addMinutes('2023-10-22 12:34:56.123', 1);",
            "name": "02900_add_subtract_interval_with_string_date.sql"
        },
        {
            "query": "\nSELECT addSeconds('2023-10-22', 1), addSeconds('2023-10-22 12:34:56.123', 1);",
            "name": "02900_add_subtract_interval_with_string_date.sql"
        },
        {
            "query": "\nSELECT addMilliseconds('2023-10-22', 1), addMilliseconds('2023-10-22 12:34:56.123', 1);",
            "name": "02900_add_subtract_interval_with_string_date.sql"
        },
        {
            "query": "\nSELECT addMicroseconds('2023-10-22', 1), addMicroseconds('2023-10-22 12:34:56.123', 1);",
            "name": "02900_add_subtract_interval_with_string_date.sql"
        },
        {
            "query": "\nSELECT addNanoseconds('2023-10-22', 1), addNanoseconds('2023-10-22 12:34:56.123', 1);",
            "name": "02900_add_subtract_interval_with_string_date.sql"
        },
        {
            "query": "\n\nSELECT '   -- subtract';",
            "name": "02900_add_subtract_interval_with_string_date.sql"
        },
        {
            "query": "\nSELECT subtractYears('2023-10-22', 1), subtractYears('2023-10-22 12:34:56.123', 1);",
            "name": "02900_add_subtract_interval_with_string_date.sql"
        },
        {
            "query": "\nSELECT subtractQuarters('2023-10-22', 1), subtractQuarters('2023-10-22 12:34:56.123', 1);",
            "name": "02900_add_subtract_interval_with_string_date.sql"
        },
        {
            "query": "\nSELECT subtractMonths('2023-10-22', 1), subtractMonths('2023-10-22 12:34:56.123', 1);",
            "name": "02900_add_subtract_interval_with_string_date.sql"
        },
        {
            "query": "\nSELECT subtractWeeks('2023-10-22', 1), subtractWeeks('2023-10-22 12:34:56.123', 1);",
            "name": "02900_add_subtract_interval_with_string_date.sql"
        },
        {
            "query": "\nSELECT subtractDays('2023-10-22', 1), subtractDays('2023-10-22 12:34:56.123', 1);",
            "name": "02900_add_subtract_interval_with_string_date.sql"
        },
        {
            "query": "\nSELECT subtractHours('2023-10-22', 1), subtractHours('2023-10-22 12:34:56.123', 1);",
            "name": "02900_add_subtract_interval_with_string_date.sql"
        },
        {
            "query": "\nSELECT subtractMinutes('2023-10-22', 1), subtractMinutes('2023-10-22 12:34:56.123', 1);",
            "name": "02900_add_subtract_interval_with_string_date.sql"
        },
        {
            "query": "\nSELECT subtractSeconds('2023-10-22', 1), subtractSeconds('2023-10-22 12:34:56.123', 1);",
            "name": "02900_add_subtract_interval_with_string_date.sql"
        },
        {
            "query": "\nSELECT subtractMilliseconds('2023-10-22', 1), subtractMilliseconds('2023-10-22 12:34:56.123', 1);",
            "name": "02900_add_subtract_interval_with_string_date.sql"
        },
        {
            "query": "\nSELECT subtractMicroseconds('2023-10-22', 1), subtractMicroseconds('2023-10-22 12:34:56.123', 1);",
            "name": "02900_add_subtract_interval_with_string_date.sql"
        },
        {
            "query": "\nSELECT subtractNanoseconds('2023-10-22', 1), subtractNanoseconds('2023-10-22 12:34:56.123', 1);",
            "name": "02900_add_subtract_interval_with_string_date.sql"
        },
        {
            "query": "\n\nSELECT '-- non-const date, const delta';",
            "name": "02900_add_subtract_interval_with_string_date.sql"
        },
        {
            "query": "\n\nSELECT '   -- add';",
            "name": "02900_add_subtract_interval_with_string_date.sql"
        },
        {
            "query": "\nSELECT addYears(materialize('2023-10-22'), 1), addYears(materialize('2023-10-22 12:34:56.123'), 1);",
            "name": "02900_add_subtract_interval_with_string_date.sql"
        },
        {
            "query": "\nSELECT addQuarters(materialize('2023-10-22'), 1), addQuarters(materialize('2023-10-22 12:34:56.123'), 1);",
            "name": "02900_add_subtract_interval_with_string_date.sql"
        },
        {
            "query": "\nSELECT addMonths(materialize('2023-10-22'), 1), addMonths(materialize('2023-10-22 12:34:56.123'), 1);",
            "name": "02900_add_subtract_interval_with_string_date.sql"
        },
        {
            "query": "\nSELECT addWeeks(materialize('2023-10-22'), 1), addWeeks(materialize('2023-10-22 12:34:56.123'), 1);",
            "name": "02900_add_subtract_interval_with_string_date.sql"
        },
        {
            "query": "\nSELECT addDays(materialize('2023-10-22'), 1), addDays(materialize('2023-10-22 12:34:56.123'), 1);",
            "name": "02900_add_subtract_interval_with_string_date.sql"
        },
        {
            "query": "\nSELECT addHours(materialize('2023-10-22'), 1), addHours(materialize('2023-10-22 12:34:56.123'), 1);",
            "name": "02900_add_subtract_interval_with_string_date.sql"
        },
        {
            "query": "\nSELECT addMinutes(materialize('2023-10-22'), 1), addMinutes(materialize('2023-10-22 12:34:56.123'), 1);",
            "name": "02900_add_subtract_interval_with_string_date.sql"
        },
        {
            "query": "\nSELECT addSeconds(materialize('2023-10-22'), 1), addSeconds(materialize('2023-10-22 12:34:56.123'), 1);",
            "name": "02900_add_subtract_interval_with_string_date.sql"
        },
        {
            "query": "\nSELECT addMilliseconds(materialize('2023-10-22'), 1), addMilliseconds(materialize('2023-10-22 12:34:56.123'), 1);",
            "name": "02900_add_subtract_interval_with_string_date.sql"
        },
        {
            "query": "\nSELECT addMicroseconds(materialize('2023-10-22'), 1), addMicroseconds(materialize('2023-10-22 12:34:56.123'), 1);",
            "name": "02900_add_subtract_interval_with_string_date.sql"
        },
        {
            "query": "\nSELECT addNanoseconds(materialize('2023-10-22'), 1), addNanoseconds(materialize('2023-10-22 12:34:56.123'), 1);",
            "name": "02900_add_subtract_interval_with_string_date.sql"
        },
        {
            "query": "\n\nSELECT '   -- subtract';",
            "name": "02900_add_subtract_interval_with_string_date.sql"
        },
        {
            "query": "\nSELECT subtractYears(materialize('2023-10-22'), 1), subtractYears(materialize('2023-10-22 12:34:56.123'), 1);",
            "name": "02900_add_subtract_interval_with_string_date.sql"
        },
        {
            "query": "\nSELECT subtractQuarters(materialize('2023-10-22'), 1), subtractQuarters(materialize('2023-10-22 12:34:56.123'), 1);",
            "name": "02900_add_subtract_interval_with_string_date.sql"
        },
        {
            "query": "\nSELECT subtractMonths(materialize('2023-10-22'), 1), subtractMonths(materialize('2023-10-22 12:34:56.123'), 1);",
            "name": "02900_add_subtract_interval_with_string_date.sql"
        },
        {
            "query": "\nSELECT subtractWeeks(materialize('2023-10-22'), 1), subtractWeeks(materialize('2023-10-22 12:34:56.123'), 1);",
            "name": "02900_add_subtract_interval_with_string_date.sql"
        },
        {
            "query": "\nSELECT subtractDays(materialize('2023-10-22'), 1), subtractDays(materialize('2023-10-22 12:34:56.123'), 1);",
            "name": "02900_add_subtract_interval_with_string_date.sql"
        },
        {
            "query": "\nSELECT subtractHours(materialize('2023-10-22'), 1), subtractHours(materialize('2023-10-22 12:34:56.123'), 1);",
            "name": "02900_add_subtract_interval_with_string_date.sql"
        },
        {
            "query": "\nSELECT subtractMinutes(materialize('2023-10-22'), 1), subtractMinutes(materialize('2023-10-22 12:34:56.123'), 1);",
            "name": "02900_add_subtract_interval_with_string_date.sql"
        },
        {
            "query": "\nSELECT subtractSeconds(materialize('2023-10-22'), 1), subtractSeconds(materialize('2023-10-22 12:34:56.123'), 1);",
            "name": "02900_add_subtract_interval_with_string_date.sql"
        },
        {
            "query": "\nSELECT subtractMilliseconds(materialize('2023-10-22'), 1), subtractMilliseconds(materialize('2023-10-22 12:34:56.123'), 1);",
            "name": "02900_add_subtract_interval_with_string_date.sql"
        },
        {
            "query": "\nSELECT subtractMicroseconds(materialize('2023-10-22'), 1), subtractMicroseconds(materialize('2023-10-22 12:34:56.123'), 1);",
            "name": "02900_add_subtract_interval_with_string_date.sql"
        },
        {
            "query": "\nSELECT subtractNanoseconds(materialize('2023-10-22'), 1), subtractNanoseconds(materialize('2023-10-22 12:34:56.123'), 1);",
            "name": "02900_add_subtract_interval_with_string_date.sql"
        },
        {
            "query": "\n\nSELECT '-- const date, non-const delta';",
            "name": "02900_add_subtract_interval_with_string_date.sql"
        },
        {
            "query": "\n\nSELECT '   -- add';",
            "name": "02900_add_subtract_interval_with_string_date.sql"
        },
        {
            "query": "\nSELECT addYears('2023-10-22', materialize(1)), addYears('2023-10-22 12:34:56.123', materialize(1));",
            "name": "02900_add_subtract_interval_with_string_date.sql"
        },
        {
            "query": "\nSELECT addQuarters('2023-10-22', materialize(1)), addQuarters('2023-10-22 12:34:56.123', materialize(1));",
            "name": "02900_add_subtract_interval_with_string_date.sql"
        },
        {
            "query": "\nSELECT addMonths('2023-10-22', materialize(1)), addMonths('2023-10-22 12:34:56.123', materialize(1));",
            "name": "02900_add_subtract_interval_with_string_date.sql"
        },
        {
            "query": "\nSELECT addWeeks('2023-10-22', materialize(1)), addWeeks('2023-10-22 12:34:56.123', materialize(1));",
            "name": "02900_add_subtract_interval_with_string_date.sql"
        },
        {
            "query": "\nSELECT addDays('2023-10-22', materialize(1)), addDays('2023-10-22 12:34:56.123', materialize(1));",
            "name": "02900_add_subtract_interval_with_string_date.sql"
        },
        {
            "query": "\nSELECT addHours('2023-10-22', materialize(1)), addHours('2023-10-22 12:34:56.123', materialize(1));",
            "name": "02900_add_subtract_interval_with_string_date.sql"
        },
        {
            "query": "\nSELECT addMinutes('2023-10-22', materialize(1)), addMinutes('2023-10-22 12:34:56.123', materialize(1));",
            "name": "02900_add_subtract_interval_with_string_date.sql"
        },
        {
            "query": "\nSELECT addSeconds('2023-10-22', materialize(1)), addSeconds('2023-10-22 12:34:56.123', materialize(1));",
            "name": "02900_add_subtract_interval_with_string_date.sql"
        },
        {
            "query": "\nSELECT addMilliseconds('2023-10-22', materialize(1)), addMilliseconds('2023-10-22 12:34:56.123', materialize(1));",
            "name": "02900_add_subtract_interval_with_string_date.sql"
        },
        {
            "query": "\nSELECT addMicroseconds('2023-10-22', materialize(1)), addMicroseconds('2023-10-22 12:34:56.123', materialize(1));",
            "name": "02900_add_subtract_interval_with_string_date.sql"
        },
        {
            "query": "\nSELECT addNanoseconds('2023-10-22', materialize(1)), addNanoseconds('2023-10-22 12:34:56.123', materialize(1));",
            "name": "02900_add_subtract_interval_with_string_date.sql"
        },
        {
            "query": "\n\nSELECT '   -- subtract';",
            "name": "02900_add_subtract_interval_with_string_date.sql"
        },
        {
            "query": "\nSELECT subtractYears('2023-10-22', materialize(1)), subtractYears('2023-10-22 12:34:56.123', materialize(1));",
            "name": "02900_add_subtract_interval_with_string_date.sql"
        },
        {
            "query": "\nSELECT subtractQuarters('2023-10-22', materialize(1)), subtractQuarters('2023-10-22 12:34:56.123', materialize(1));",
            "name": "02900_add_subtract_interval_with_string_date.sql"
        },
        {
            "query": "\nSELECT subtractMonths('2023-10-22', materialize(1)), subtractMonths('2023-10-22 12:34:56.123', materialize(1));",
            "name": "02900_add_subtract_interval_with_string_date.sql"
        },
        {
            "query": "\nSELECT subtractWeeks('2023-10-22', materialize(1)), subtractWeeks('2023-10-22 12:34:56.123', materialize(1));",
            "name": "02900_add_subtract_interval_with_string_date.sql"
        },
        {
            "query": "\nSELECT subtractDays('2023-10-22', materialize(1)), subtractDays('2023-10-22 12:34:56.123', materialize(1));",
            "name": "02900_add_subtract_interval_with_string_date.sql"
        },
        {
            "query": "\nSELECT subtractHours('2023-10-22', materialize(1)), subtractHours('2023-10-22 12:34:56.123', materialize(1));",
            "name": "02900_add_subtract_interval_with_string_date.sql"
        },
        {
            "query": "\nSELECT subtractMinutes('2023-10-22', materialize(1)), subtractMinutes('2023-10-22 12:34:56.123', materialize(1));",
            "name": "02900_add_subtract_interval_with_string_date.sql"
        },
        {
            "query": "\nSELECT subtractSeconds('2023-10-22', materialize(1)), subtractSeconds('2023-10-22 12:34:56.123', materialize(1));",
            "name": "02900_add_subtract_interval_with_string_date.sql"
        },
        {
            "query": "\nSELECT subtractMilliseconds('2023-10-22', materialize(1)), subtractMilliseconds('2023-10-22 12:34:56.123', materialize(1));",
            "name": "02900_add_subtract_interval_with_string_date.sql"
        },
        {
            "query": "\nSELECT subtractMicroseconds('2023-10-22', materialize(1)), subtractMicroseconds('2023-10-22 12:34:56.123', materialize(1));",
            "name": "02900_add_subtract_interval_with_string_date.sql"
        },
        {
            "query": "\nSELECT subtractNanoseconds('2023-10-22', materialize(1)), subtractNanoseconds('2023-10-22 12:34:56.123', materialize(1));",
            "name": "02900_add_subtract_interval_with_string_date.sql"
        },
        {
            "query": "\n\nSELECT '-- non-const date, non-const delta';",
            "name": "02900_add_subtract_interval_with_string_date.sql"
        },
        {
            "query": "\n\nSELECT '   -- add';",
            "name": "02900_add_subtract_interval_with_string_date.sql"
        },
        {
            "query": "\nSELECT addYears(materialize('2023-10-22'), materialize(1)), addYears(materialize('2023-10-22 12:34:56.123'), materialize(1));",
            "name": "02900_add_subtract_interval_with_string_date.sql"
        },
        {
            "query": "\nSELECT addQuarters(materialize('2023-10-22'), materialize(1)), addQuarters(materialize('2023-10-22 12:34:56.123'), materialize(1));",
            "name": "02900_add_subtract_interval_with_string_date.sql"
        },
        {
            "query": "\nSELECT addMonths(materialize('2023-10-22'), materialize(1)), addMonths(materialize('2023-10-22 12:34:56.123'), materialize(1));",
            "name": "02900_add_subtract_interval_with_string_date.sql"
        },
        {
            "query": "\nSELECT addWeeks(materialize('2023-10-22'), materialize(1)), addWeeks(materialize('2023-10-22 12:34:56.123'), materialize(1));",
            "name": "02900_add_subtract_interval_with_string_date.sql"
        },
        {
            "query": "\nSELECT addDays(materialize('2023-10-22'), materialize(1)), addDays(materialize('2023-10-22 12:34:56.123'), materialize(1));",
            "name": "02900_add_subtract_interval_with_string_date.sql"
        },
        {
            "query": "\nSELECT addHours(materialize('2023-10-22'), materialize(1)), addHours(materialize('2023-10-22 12:34:56.123'), materialize(1));",
            "name": "02900_add_subtract_interval_with_string_date.sql"
        },
        {
            "query": "\nSELECT addMinutes(materialize('2023-10-22'), materialize(1)), addMinutes(materialize('2023-10-22 12:34:56.123'), materialize(1));",
            "name": "02900_add_subtract_interval_with_string_date.sql"
        },
        {
            "query": "\nSELECT addSeconds(materialize('2023-10-22'), materialize(1)), addSeconds(materialize('2023-10-22 12:34:56.123'), materialize(1));",
            "name": "02900_add_subtract_interval_with_string_date.sql"
        },
        {
            "query": "\nSELECT addMilliseconds(materialize('2023-10-22'), materialize(1)), addMilliseconds(materialize('2023-10-22 12:34:56.123'), materialize(1));",
            "name": "02900_add_subtract_interval_with_string_date.sql"
        },
        {
            "query": "\nSELECT addMicroseconds(materialize('2023-10-22'), materialize(1)), addMicroseconds(materialize('2023-10-22 12:34:56.123'), materialize(1));",
            "name": "02900_add_subtract_interval_with_string_date.sql"
        },
        {
            "query": "\nSELECT addNanoseconds(materialize('2023-10-22'), materialize(1)), addNanoseconds(materialize('2023-10-22 12:34:56.123'), materialize(1));",
            "name": "02900_add_subtract_interval_with_string_date.sql"
        },
        {
            "query": "\n\nSELECT '   -- subtract';",
            "name": "02900_add_subtract_interval_with_string_date.sql"
        },
        {
            "query": "\nSELECT subtractYears(materialize('2023-10-22'), materialize(1)), subtractYears(materialize('2023-10-22 12:34:56.123'), materialize(1));",
            "name": "02900_add_subtract_interval_with_string_date.sql"
        },
        {
            "query": "\nSELECT subtractQuarters(materialize('2023-10-22'), materialize(1)), subtractQuarters(materialize('2023-10-22 12:34:56.123'), materialize(1));",
            "name": "02900_add_subtract_interval_with_string_date.sql"
        },
        {
            "query": "\nSELECT subtractMonths(materialize('2023-10-22'), materialize(1)), subtractMonths(materialize('2023-10-22 12:34:56.123'), materialize(1));",
            "name": "02900_add_subtract_interval_with_string_date.sql"
        },
        {
            "query": "\nSELECT subtractWeeks(materialize('2023-10-22'), materialize(1)), subtractWeeks(materialize('2023-10-22 12:34:56.123'), materialize(1));",
            "name": "02900_add_subtract_interval_with_string_date.sql"
        },
        {
            "query": "\nSELECT subtractDays(materialize('2023-10-22'), materialize(1)), subtractDays(materialize('2023-10-22 12:34:56.123'), materialize(1));",
            "name": "02900_add_subtract_interval_with_string_date.sql"
        },
        {
            "query": "\nSELECT subtractHours(materialize('2023-10-22'), materialize(1)), subtractHours(materialize('2023-10-22 12:34:56.123'), materialize(1));",
            "name": "02900_add_subtract_interval_with_string_date.sql"
        },
        {
            "query": "\nSELECT subtractMinutes(materialize('2023-10-22'), materialize(1)), subtractMinutes(materialize('2023-10-22 12:34:56.123'), materialize(1));",
            "name": "02900_add_subtract_interval_with_string_date.sql"
        },
        {
            "query": "\nSELECT subtractSeconds(materialize('2023-10-22'), materialize(1)), subtractSeconds(materialize('2023-10-22 12:34:56.123'), materialize(1));",
            "name": "02900_add_subtract_interval_with_string_date.sql"
        },
        {
            "query": "\nSELECT subtractMilliseconds(materialize('2023-10-22'), materialize(1)), subtractMilliseconds(materialize('2023-10-22 12:34:56.123'), materialize(1));",
            "name": "02900_add_subtract_interval_with_string_date.sql"
        },
        {
            "query": "\nSELECT subtractMicroseconds(materialize('2023-10-22'), materialize(1)), subtractMicroseconds(materialize('2023-10-22 12:34:56.123'), materialize(1));",
            "name": "02900_add_subtract_interval_with_string_date.sql"
        },
        {
            "query": "\nSELECT subtractNanoseconds(materialize('2023-10-22'), materialize(1)), subtractNanoseconds(materialize('2023-10-22 12:34:56.123'), 1);",
            "name": "02900_add_subtract_interval_with_string_date.sql"
        },
        {
            "query": "\n\nSELECT '-- plus operator';",
            "name": "02900_add_subtract_interval_with_string_date.sql"
        },
        {
            "query": "\n\nSELECT '2023-10-23' + INTERVAL 1 YEAR, '2023-10-23 12:34:56.123' + INTERVAL 1 YEAR;",
            "name": "02900_add_subtract_interval_with_string_date.sql"
        },
        {
            "query": "\nSELECT '2023-10-23' + INTERVAL 1 QUARTER, '2023-10-23 12:34:56.123' + INTERVAL 1 QUARTER;",
            "name": "02900_add_subtract_interval_with_string_date.sql"
        },
        {
            "query": "\nSELECT '2023-10-23' + INTERVAL 1 MONTH,'2023-10-23 12:34:56.123' + INTERVAL 1 MONTH;",
            "name": "02900_add_subtract_interval_with_string_date.sql"
        },
        {
            "query": "\nSELECT '2023-10-23' + INTERVAL 1 WEEK, '2023-10-23 12:34:56.123' + INTERVAL 1 WEEK;",
            "name": "02900_add_subtract_interval_with_string_date.sql"
        },
        {
            "query": "\nSELECT '2023-10-23' + INTERVAL 1 DAY, '2023-10-23 12:34:56.123' + INTERVAL 1 DAY;",
            "name": "02900_add_subtract_interval_with_string_date.sql"
        },
        {
            "query": "\nSELECT '2023-10-23' + INTERVAL 1 HOUR, '2023-10-23 12:34:56.123' + INTERVAL 1 HOUR;",
            "name": "02900_add_subtract_interval_with_string_date.sql"
        },
        {
            "query": "\nSELECT '2023-10-23' + INTERVAL 1 MINUTE, '2023-10-23 12:34:56.123' + INTERVAL 1 MINUTE;",
            "name": "02900_add_subtract_interval_with_string_date.sql"
        },
        {
            "query": "\nSELECT '2023-10-23' + INTERVAL 1 SECOND, '2023-10-23 12:34:56.123' + INTERVAL 1 SECOND;",
            "name": "02900_add_subtract_interval_with_string_date.sql"
        },
        {
            "query": "\nSELECT '2023-10-23' + INTERVAL 1 MILLISECOND, '2023-10-23 12:34:56.123' + INTERVAL 1 MILLISECOND;",
            "name": "02900_add_subtract_interval_with_string_date.sql"
        },
        {
            "query": "\nSELECT '2023-10-23' + INTERVAL 1 MICROSECOND, '2023-10-23 12:34:56.123' + INTERVAL 1 MICROSECOND;",
            "name": "02900_add_subtract_interval_with_string_date.sql"
        },
        {
            "query": "\nSELECT '2023-10-23' + INTERVAL 1 NANOSECOND, '2023-10-23 12:34:56.123' + INTERVAL 1 NANOSECOND;",
            "name": "02900_add_subtract_interval_with_string_date.sql"
        },
        {
            "query": "\n\nSELECT '-- minus operator';",
            "name": "02900_add_subtract_interval_with_string_date.sql"
        },
        {
            "query": "\n\nSELECT '2023-10-23' - INTERVAL 1 YEAR, '2023-10-23 12:34:56.123' - INTERVAL 1 YEAR;",
            "name": "02900_add_subtract_interval_with_string_date.sql"
        },
        {
            "query": "\nSELECT '2023-10-23' - INTERVAL 1 QUARTER, '2023-10-23 12:34:56.123' - INTERVAL 1 QUARTER;",
            "name": "02900_add_subtract_interval_with_string_date.sql"
        },
        {
            "query": "\nSELECT '2023-10-23' - INTERVAL 1 MONTH, '2023-10-23 12:34:56.123' - INTERVAL 1 MONTH;",
            "name": "02900_add_subtract_interval_with_string_date.sql"
        },
        {
            "query": "\nSELECT '2023-10-23' - INTERVAL 1 WEEK, '2023-10-23 12:34:56.123' - INTERVAL 1 WEEK;",
            "name": "02900_add_subtract_interval_with_string_date.sql"
        },
        {
            "query": "\nSELECT '2023-10-23' - INTERVAL 1 DAY, '2023-10-23 12:34:56.123' - INTERVAL 1 DAY;",
            "name": "02900_add_subtract_interval_with_string_date.sql"
        },
        {
            "query": "\nSELECT '2023-10-23' - INTERVAL 1 HOUR, '2023-10-23 12:34:56.123' - INTERVAL 1 HOUR;",
            "name": "02900_add_subtract_interval_with_string_date.sql"
        },
        {
            "query": "\nSELECT '2023-10-23' - INTERVAL 1 MINUTE, '2023-10-23 12:34:56.123' - INTERVAL 1 MINUTE;",
            "name": "02900_add_subtract_interval_with_string_date.sql"
        },
        {
            "query": "\nSELECT '2023-10-23' - INTERVAL 1 SECOND, '2023-10-23 12:34:56.123' - INTERVAL 1 SECOND;",
            "name": "02900_add_subtract_interval_with_string_date.sql"
        },
        {
            "query": "\nSELECT '2023-10-23' - INTERVAL 1 MILLISECOND, '2023-10-23 12:34:56.123' - INTERVAL 1 MILLISECOND;",
            "name": "02900_add_subtract_interval_with_string_date.sql"
        },
        {
            "query": "\nSELECT '2023-10-23' - INTERVAL 1 MICROSECOND, '2023-10-23 12:34:56.123' - INTERVAL 1 MICROSECOND;",
            "name": "02900_add_subtract_interval_with_string_date.sql"
        },
        {
            "query": "\nSELECT '2023-10-23' - INTERVAL 1 NANOSECOND, '2023-10-23 12:34:56.123' - INTERVAL 1 NANOSECOND;",
            "name": "02900_add_subtract_interval_with_string_date.sql"
        }
    ]
}