{
    "name": "00647_multiply_aggregation_state.sql",
    "tests": [
        {
            "query": "SET send_logs_level = 'fatal';",
            "name": "00647_multiply_aggregation_state.sql"
        },
        {
            "query": "\n\nSELECT countMerge(x) AS y FROM ( SELECT countState() * 2 AS x FROM ( SELECT 1 ));",
            "name": "00647_multiply_aggregation_state.sql"
        },
        {
            "query": "\nSELECT countMerge(x) AS y FROM ( SELECT countState() * 0 AS x FROM ( SELECT 1 UNION ALL SELECT 2));",
            "name": "00647_multiply_aggregation_state.sql"
        },
        {
            "query": "\nSELECT sumMerge(y) AS z FROM ( SELECT sumState(x) * 11 AS y FROM ( SELECT 1 AS x UNION ALL SELECT 2 AS x));",
            "name": "00647_multiply_aggregation_state.sql"
        },
        {
            "query": "\nSELECT countMerge(x) AS y FROM ( SELECT 2 * countState() AS x FROM ( SELECT 1 ));",
            "name": "00647_multiply_aggregation_state.sql"
        },
        {
            "query": "\nSELECT countMerge(x) AS y FROM ( SELECT 0 * countState() AS x FROM ( SELECT 1 UNION ALL SELECT 2));",
            "name": "00647_multiply_aggregation_state.sql"
        },
        {
            "query": "\nSELECT sumMerge(y) AS z FROM ( SELECT 3 * sumState(x) * 2 AS y FROM ( SELECT 1 AS x UNION ALL SELECT 2 AS x));",
            "name": "00647_multiply_aggregation_state.sql"
        },
        {
            "query": "\n\nDROP TABLE IF EXISTS mult_aggregation;",
            "name": "00647_multiply_aggregation_state.sql"
        },
        {
            "query": "\nCREATE TABLE mult_aggregation(a UInt32, b UInt32) ENGINE = Memory;",
            "name": "00647_multiply_aggregation_state.sql"
        },
        {
            "query": "\nINSERT INTO mult_aggregation VALUES(1, 1);",
            "name": "00647_multiply_aggregation_state.sql"
        },
        {
            "query": "\nINSERT INTO mult_aggregation VALUES(1, 3);",
            "name": "00647_multiply_aggregation_state.sql"
        },
        {
            "query": "\n\nSELECT sumMerge(x * 5), sumMerge(x) FROM (SELECT sumState(b) AS x FROM mult_aggregation);",
            "name": "00647_multiply_aggregation_state.sql"
        },
        {
            "query": "\nSELECT uniqMerge(x * 10) FROM (SELECT uniqState(b) AS x FROM mult_aggregation);",
            "name": "00647_multiply_aggregation_state.sql"
        },
        {
            "query": "\nSELECT maxMerge(x * 10) FROM (SELECT maxState(b) AS x FROM mult_aggregation);",
            "name": "00647_multiply_aggregation_state.sql"
        },
        {
            "query": "\nSELECT avgMerge(x * 10) FROM (SELECT avgState(b) AS x FROM mult_aggregation);",
            "name": "00647_multiply_aggregation_state.sql"
        },
        {
            "query": "\n\nSELECT groupArrayMerge(y * 5) FROM (SELECT groupArrayState(x) AS y FROM (SELECT 1 AS x));",
            "name": "00647_multiply_aggregation_state.sql"
        },
        {
            "query": "\nSELECT groupArrayMerge(2)(y * 5) FROM (SELECT groupArrayState(2)(x) AS y FROM (SELECT 1 AS x));",
            "name": "00647_multiply_aggregation_state.sql"
        },
        {
            "query": "\nSELECT groupUniqArrayMerge(y * 5) FROM (SELECT groupUniqArrayState(x) AS y FROM (SELECT 1 AS x));",
            "name": "00647_multiply_aggregation_state.sql"
        },
        {
            "query": "\n\nSELECT sumMerge(y * a) FROM (SELECT a, sumState(b) AS y FROM mult_aggregation GROUP BY a);",
            "name": "00647_multiply_aggregation_state.sql"
        },
        {
            "query": " -- { serverError 44}\n\nDROP TABLE IF EXISTS mult_aggregation;",
            "name": "00647_multiply_aggregation_state.sql"
        }
    ]
}