{
    "name": "02890_untuple_column_names.sql",
    "tests": [
        {
            "query": "-- If the untuple() function has an alias, and if the tuple element has an explicit name, we want to use it to\n-- generate the resulting column name.\n-- Check all combinations of tuple element alias and untuple() alias. Also to avoid that we generate the same\n-- result column names and confuse query analysis (see #26179), test also two untuple() calls in one SElECT\n-- with the same types and aliases.\n\nSELECT '-- tuple element alias';",
            "name": "02890_untuple_column_names.sql"
        },
        {
            "query": "\n\nSELECT untuple(tuple(1)::Tuple(a Int)), untuple(tuple('s')::Tuple(a String)) FORMAT Vertical SETTINGS allow_experimental_analyzer = 0;",
            "name": "02890_untuple_column_names.sql"
        },
        {
            "query": "\nSELECT untuple(tuple(1)::Tuple(a Int)), untuple(tuple('s')::Tuple(a String)) FORMAT Vertical SETTINGS allow_experimental_analyzer = 1;",
            "name": "02890_untuple_column_names.sql"
        },
        {
            "query": "\n\nSELECT untuple(tuple(1)::Tuple(a Int)), untuple(tuple(1)::Tuple(a Int)) FORMAT Vertical SETTINGS allow_experimental_analyzer = 0;",
            "name": "02890_untuple_column_names.sql"
        },
        {
            "query": " -- { serverError DUPLICATE_COLUMN }\nSELECT untuple(tuple(1)::Tuple(a Int)), untuple(tuple(1)::Tuple(a Int)) FORMAT Vertical SETTINGS allow_experimental_analyzer = 1;",
            "name": "02890_untuple_column_names.sql"
        },
        {
            "query": " -- Bug: doesn't throw an exception\n\nSELECT '-- tuple element alias + untuple() alias';",
            "name": "02890_untuple_column_names.sql"
        },
        {
            "query": "\n\nSELECT untuple(tuple(1)::Tuple(a Int)) x, untuple(tuple('s')::Tuple(a String)) y FORMAT Vertical SETTINGS allow_experimental_analyzer = 0;",
            "name": "02890_untuple_column_names.sql"
        },
        {
            "query": "\nSELECT untuple(tuple(1)::Tuple(a Int)) x, untuple(tuple('s')::Tuple(a String)) y FORMAT Vertical SETTINGS allow_experimental_analyzer = 1;",
            "name": "02890_untuple_column_names.sql"
        },
        {
            "query": "\n\nSELECT untuple(tuple(1)::Tuple(a Int)) x, untuple(tuple(1)::Tuple(a Int)) x FORMAT Vertical SETTINGS allow_experimental_analyzer = 0;",
            "name": "02890_untuple_column_names.sql"
        },
        {
            "query": " -- { serverError DUPLICATE_COLUMN }\nSELECT untuple(tuple(1)::Tuple(a Int)) x, untuple(tuple(1)::Tuple(a Int)) x FORMAT Vertical SETTINGS allow_experimental_analyzer = 1;",
            "name": "02890_untuple_column_names.sql"
        },
        {
            "query": " -- Bug: doesn't throw an exception\n\nSELECT '-- untuple() alias';",
            "name": "02890_untuple_column_names.sql"
        },
        {
            "query": "\n\nSELECT untuple(tuple(1)::Tuple(Int)) x, untuple(tuple('s')::Tuple(String)) y FORMAT Vertical SETTINGS allow_experimental_analyzer = 0;",
            "name": "02890_untuple_column_names.sql"
        },
        {
            "query": "\nSELECT untuple(tuple(1)::Tuple(Int)) x, untuple(tuple('s')::Tuple(String)) y FORMAT Vertical SETTINGS allow_experimental_analyzer = 1;",
            "name": "02890_untuple_column_names.sql"
        },
        {
            "query": "\n\nSELECT untuple(tuple(1)::Tuple(Int)) x, untuple(tuple(1)::Tuple(Int)) x FORMAT Vertical SETTINGS allow_experimental_analyzer = 0;",
            "name": "02890_untuple_column_names.sql"
        },
        {
            "query": " -- { serverError DUPLICATE_COLUMN }\nSELECT untuple(tuple(1)::Tuple(Int)) x, untuple(tuple(1)::Tuple(Int)) x FORMAT Vertical SETTINGS allow_experimental_analyzer = 1;",
            "name": "02890_untuple_column_names.sql"
        },
        {
            "query": " -- Bug: doesn't throw an exception\n\nSELECT '-- no aliases';",
            "name": "02890_untuple_column_names.sql"
        },
        {
            "query": "\n\nSELECT untuple(tuple(1)::Tuple(Int)), untuple(tuple('s')::Tuple(String)) FORMAT Vertical SETTINGS allow_experimental_analyzer = 0;",
            "name": "02890_untuple_column_names.sql"
        },
        {
            "query": "\nSELECT untuple(tuple(1)::Tuple(Int)), untuple(tuple('s')::Tuple(String)) FORMAT Vertical SETTINGS allow_experimental_analyzer = 1;",
            "name": "02890_untuple_column_names.sql"
        },
        {
            "query": "\n\nSELECT untuple(tuple(1)::Tuple(Int)), untuple(tuple(1)::Tuple(Int)) FORMAT Vertical SETTINGS allow_experimental_analyzer = 0;",
            "name": "02890_untuple_column_names.sql"
        },
        {
            "query": " -- { serverError DUPLICATE_COLUMN }\nSELECT untuple(tuple(1)::Tuple(Int)), untuple(tuple(1)::Tuple(Int)) FORMAT Vertical SETTINGS allow_experimental_analyzer = 1;",
            "name": "02890_untuple_column_names.sql"
        },
        {
            "query": " -- Bug: doesn't throw an exception\n\nSELECT '-- tuple() loses the column names (would be good to fix, see #36773)';",
            "name": "02890_untuple_column_names.sql"
        },
        {
            "query": "\nSELECT untuple(tuple(1 as a)) as t FORMAT Vertical SETTINGS allow_experimental_analyzer = 0;",
            "name": "02890_untuple_column_names.sql"
        },
        {
            "query": "\nSELECT untuple(tuple(1 as a)) as t FORMAT Vertical SETTINGS allow_experimental_analyzer = 1;",
            "name": "02890_untuple_column_names.sql"
        },
        {
            "query": "\n\nSELECT '-- thankfully JSONExtract() keeps them';",
            "name": "02890_untuple_column_names.sql"
        },
        {
            "query": "\nSELECT untuple(JSONExtract('{\"key\": \"value\"}', 'Tuple(key String)')) x FORMAT Vertical SETTINGS allow_experimental_analyzer = 0;",
            "name": "02890_untuple_column_names.sql"
        },
        {
            "query": "\nSELECT untuple(JSONExtract('{\"key\": \"value\"}', 'Tuple(key String)')) x FORMAT Vertical SETTINGS allow_experimental_analyzer = 1;",
            "name": "02890_untuple_column_names.sql"
        }
    ]
}