{
    "name": "02096_sample_by_tuple.sql",
    "tests": [
        {
            "query": "DROP TABLE IF EXISTS t;",
            "name": "02096_sample_by_tuple.sql"
        },
        {
            "query": "\n\nCREATE TABLE t (n UInt8) ENGINE=MergeTree ORDER BY n SAMPLE BY tuple();",
            "name": "02096_sample_by_tuple.sql"
        },
        {
            "query": " -- { serverError 80 }\n\nCREATE TABLE t (n UInt8) ENGINE=MergeTree ORDER BY tuple();",
            "name": "02096_sample_by_tuple.sql"
        },
        {
            "query": "\n\nALTER TABLE t MODIFY SAMPLE BY tuple();",
            "name": "02096_sample_by_tuple.sql"
        },
        {
            "query": " -- { serverError 80 }\n;",
            "name": "02096_sample_by_tuple.sql"
        }
    ]
}