{
    "name": "02001_shard_num_shard_count.sql",
    "tests": [
        {
            "query": "-- Tags: shard\n\nselect shardNum() n, shardCount() c;",
            "name": "02001_shard_num_shard_count.sql"
        },
        {
            "query": "\nselect shardNum() n, shardCount() c from remote('127.0.0.{1,2,3}', system.one) order by n settings prefer_localhost_replica = 0;",
            "name": "02001_shard_num_shard_count.sql"
        },
        {
            "query": "\nselect shardNum() n, shardCount() c from remote('127.0.0.{1,2,3}', system.one) order by n settings prefer_localhost_replica = 1;",
            "name": "02001_shard_num_shard_count.sql"
        }
    ]
}