{
    "name": "01478_not_equi-join_on.sql",
    "tests": [
        {
            "query": "SELECT * FROM (SELECT NULL AS a, 1 AS b) AS foo\nRIGHT JOIN (SELECT 1024 AS b) AS bar\nON 1 = foo.b;",
            "name": "01478_not_equi-join_on.sql"
        },
        {
            "query": " -- { serverError 403 }\n\nSELECT * FROM (SELECT NULL AS a, 1 AS b) AS foo\nRIGHT JOIN (SELECT 1024 AS b) AS bar\nON 1 = bar.b;",
            "name": "01478_not_equi-join_on.sql"
        },
        {
            "query": " -- { serverError 403 }\n;",
            "name": "01478_not_equi-join_on.sql"
        }
    ]
}