{
    "name": "00340_squashing_insert_select.sql",
    "tests": [
        {
            "query": "DROP TABLE IF EXISTS numbers_squashed;",
            "name": "00340_squashing_insert_select.sql"
        },
        {
            "query": "\nCREATE TABLE numbers_squashed AS system.numbers ENGINE = StripeLog;",
            "name": "00340_squashing_insert_select.sql"
        },
        {
            "query": "\n\nSET optimize_trivial_insert_select = 'false';",
            "name": "00340_squashing_insert_select.sql"
        },
        {
            "query": "\nSET max_block_size = 10000;",
            "name": "00340_squashing_insert_select.sql"
        },
        {
            "query": "\n\nSET min_insert_block_size_rows = 1000000;",
            "name": "00340_squashing_insert_select.sql"
        },
        {
            "query": "\nSET min_insert_block_size_bytes = 0;",
            "name": "00340_squashing_insert_select.sql"
        },
        {
            "query": "\n\nset max_insert_threads = 1;",
            "name": "00340_squashing_insert_select.sql"
        },
        {
            "query": "\n\nINSERT INTO numbers_squashed SELECT * FROM system.numbers LIMIT 10000000;",
            "name": "00340_squashing_insert_select.sql"
        },
        {
            "query": "\nSELECT blockSize() AS b, count() / b AS c FROM numbers_squashed GROUP BY blockSize() ORDER BY c DESC;",
            "name": "00340_squashing_insert_select.sql"
        },
        {
            "query": "\n\nSET min_insert_block_size_bytes = 1000000;",
            "name": "00340_squashing_insert_select.sql"
        },
        {
            "query": "\nINSERT INTO numbers_squashed SELECT * FROM system.numbers LIMIT 10000000;",
            "name": "00340_squashing_insert_select.sql"
        },
        {
            "query": "\nSELECT blockSize() AS b, count() / b AS c FROM numbers_squashed GROUP BY blockSize() ORDER BY c DESC;",
            "name": "00340_squashing_insert_select.sql"
        },
        {
            "query": "\n\nSELECT count() FROM numbers_squashed;",
            "name": "00340_squashing_insert_select.sql"
        },
        {
            "query": "\n\nDROP TABLE numbers_squashed;",
            "name": "00340_squashing_insert_select.sql"
        }
    ]
}