{
    "name": "01053_drop_database_mat_view.sql",
    "tests": [
        {
            "query": "SET send_logs_level = 'fatal';",
            "name": "01053_drop_database_mat_view.sql"
        },
        {
            "query": "\n\nDROP DATABASE IF EXISTS {CLICKHOUSE_DATABASE:Identifier};",
            "name": "01053_drop_database_mat_view.sql"
        },
        {
            "query": "\nset allow_deprecated_database_ordinary=1;",
            "name": "01053_drop_database_mat_view.sql"
        },
        {
            "query": "\n-- Creation of a database with Ordinary engine emits a warning.\nCREATE DATABASE {CLICKHOUSE_DATABASE:Identifier} ENGINE=Ordinary;",
            "name": "01053_drop_database_mat_view.sql"
        },
        {
            "query": " -- Different inner table name with Atomic\n\nset allow_deprecated_syntax_for_merge_tree=1;",
            "name": "01053_drop_database_mat_view.sql"
        },
        {
            "query": "\ncreate table {CLICKHOUSE_DATABASE:Identifier}.my_table ENGINE = MergeTree(day, (day), 8192) as select today() as day, 'mystring' as str;",
            "name": "01053_drop_database_mat_view.sql"
        },
        {
            "query": "\nshow tables from {CLICKHOUSE_DATABASE:Identifier};",
            "name": "01053_drop_database_mat_view.sql"
        },
        {
            "query": "\ncreate materialized view {CLICKHOUSE_DATABASE:Identifier}.my_materialized_view ENGINE = MergeTree(day, (day), 8192) as select * from {CLICKHOUSE_DATABASE:Identifier}.my_table;",
            "name": "01053_drop_database_mat_view.sql"
        },
        {
            "query": "\nshow tables from {CLICKHOUSE_DATABASE:Identifier};",
            "name": "01053_drop_database_mat_view.sql"
        },
        {
            "query": "\nselect * from {CLICKHOUSE_DATABASE:Identifier}.my_materialized_view;",
            "name": "01053_drop_database_mat_view.sql"
        },
        {
            "query": "\n\nDROP DATABASE {CLICKHOUSE_DATABASE:Identifier};",
            "name": "01053_drop_database_mat_view.sql"
        }
    ]
}