{
    "name": "01517_select_final_distributed.sql",
    "tests": [
        {
            "query": "-- Tags: distributed\n\nSET allow_experimental_parallel_reading_from_replicas = 0;",
            "name": "01517_select_final_distributed.sql"
        },
        {
            "query": "\n\nDROP TABLE IF EXISTS test5346;",
            "name": "01517_select_final_distributed.sql"
        },
        {
            "query": "\n\nCREATE TABLE test5346 (`Id` String, `Timestamp` DateTime, `updated` DateTime) \nENGINE = ReplacingMergeTree(updated) PARTITION BY tuple() ORDER BY (Timestamp, Id);",
            "name": "01517_select_final_distributed.sql"
        },
        {
            "query": "\n\nINSERT INTO test5346 VALUES('1',toDateTime('2020-01-01 00:00:00'),toDateTime('2020-01-01 00:00:00'));",
            "name": "01517_select_final_distributed.sql"
        },
        {
            "query": "\n\nSELECT Id, Timestamp \nFROM remote('localhost,127.0.0.1,127.0.0.2',currentDatabase(),'test5346') FINAL \nORDER BY Timestamp;",
            "name": "01517_select_final_distributed.sql"
        },
        {
            "query": "\n\nSELECT Id, Timestamp\nFROM remote('localhost,127.0.0.1,127.0.0.2',currentDatabase(),'test5346') FINAL\nORDER BY identity(Timestamp);",
            "name": "01517_select_final_distributed.sql"
        },
        {
            "query": "\n\nDROP TABLE test5346;",
            "name": "01517_select_final_distributed.sql"
        }
    ]
}