{
    "name": "02794_pushdown_invalid_get.sql",
    "tests": [
        {
            "query": "SELECT * FROM (SELECT toInt128(NULL) AS x UNION ALL SELECT materialize(toInt128(-2))) WHERE x;",
            "name": "02794_pushdown_invalid_get.sql"
        },
        {
            "query": " -- { serverError ILLEGAL_TYPE_OF_COLUMN_FOR_FILTER }\nSELECT * FROM (SELECT toInt128(NULL) AS x UNION ALL SELECT materialize(toInt128(-2))) WHERE x != 0;",
            "name": "02794_pushdown_invalid_get.sql"
        }
    ]
}