{
    "name": "01630_simple_aggregate_all_functions_in_summing_merge_tree.sql",
    "tests": [
        {
            "query": "DROP TABLE IF EXISTS simple_agf_aggregating_mt;",
            "name": "01630_simple_aggregate_all_functions_in_summing_merge_tree.sql"
        },
        {
            "query": "\n\nCREATE TABLE simple_agf_aggregating_mt\n(\n    a Int64,\n    min_aggreg AggregateFunction(min, UInt64),\n    min_simple SimpleAggregateFunction(min, UInt64),\n    max_aggreg AggregateFunction(max, UInt64),\n    max_simple SimpleAggregateFunction(max, UInt64),\n    sum_aggreg AggregateFunction(sum, UInt64),\n    sum_simple SimpleAggregateFunction(sum, UInt64),\n    sumov_aggreg AggregateFunction(sumWithOverflow, UInt64),\n    sumov_simple SimpleAggregateFunction(sumWithOverflow, UInt64),\n    gbitand_aggreg AggregateFunction(groupBitAnd, UInt64),\n    gbitand_simple SimpleAggregateFunction(groupBitAnd, UInt64),\n    gbitor_aggreg AggregateFunction(groupBitOr, UInt64),\n    gbitor_simple SimpleAggregateFunction(groupBitOr, UInt64),\n    gbitxor_aggreg AggregateFunction(groupBitXor, UInt64),\n    gbitxor_simple SimpleAggregateFunction(groupBitXor, UInt64),\n    gra_aggreg AggregateFunction(groupArrayArray, Array(UInt64)),\n    gra_simple SimpleAggregateFunction(groupArrayArray, Array(UInt64)),\n    grp_aggreg AggregateFunction(groupUniqArrayArray, Array(UInt64)),\n    grp_simple SimpleAggregateFunction(groupUniqArrayArray, Array(UInt64)),\n    aggreg_map AggregateFunction(sumMap, Tuple(Array(String), Array(UInt64))),\n    simple_map SimpleAggregateFunction(sumMap, Tuple(Array(String), Array(UInt64))),\n    aggreg_map_min AggregateFunction(minMap, Tuple(Array(String), Array(UInt64))),\n    simple_map_min SimpleAggregateFunction(minMap, Tuple(Array(String), Array(UInt64))),\n    aggreg_map_max AggregateFunction(maxMap, Tuple(Array(String), Array(UInt64))),\n    simple_map_max SimpleAggregateFunction(maxMap, Tuple(Array(String), Array(UInt64)))\n)\nENGINE = AggregatingMergeTree\nORDER BY a;",
            "name": "01630_simple_aggregate_all_functions_in_summing_merge_tree.sql"
        },
        {
            "query": "\n\nINSERT INTO simple_agf_aggregating_mt SELECT\n    number % 51 AS a,\n    minState(number),\n    min(number),\n    maxState(number),\n    max(number),\n    sumState(number),\n    sum(number),\n    sumWithOverflowState(number),\n    sumWithOverflow(number),\n    groupBitAndState(number + 111111111),\n    groupBitAnd(number + 111111111),\n    groupBitOrState(number + 111111111),\n    groupBitOr(number + 111111111),\n    groupBitXorState(number + 111111111),\n    groupBitXor(number + 111111111),\n    groupArrayArrayState([toUInt64(number % 1000)]),\n    groupArrayArray([toUInt64(number % 1000)]),\n    groupUniqArrayArrayState([toUInt64(number % 500)]),\n    groupUniqArrayArray([toUInt64(number % 500)]),\n    sumMapState((arrayMap(i -> toString(i), range(13)), arrayMap(i -> (number + i), range(13)))),\n    sumMap((arrayMap(i -> toString(i), range(13)), arrayMap(i -> (number + i), range(13)))),\n    minMapState((arrayMap(i -> toString(i), range(13)), arrayMap(i -> (number + i), range(13)))),\n    minMap((arrayMap(i -> toString(i), range(13)), arrayMap(i -> (number + i), range(13)))),\n    maxMapState((arrayMap(i -> toString(i), range(13)), arrayMap(i -> (number + i), range(13)))),\n    maxMap((arrayMap(i -> toString(i), range(13)), arrayMap(i -> (number + i), range(13))))\nFROM numbers(10000)\nGROUP BY a;",
            "name": "01630_simple_aggregate_all_functions_in_summing_merge_tree.sql"
        },
        {
            "query": "\n\nINSERT INTO simple_agf_aggregating_mt SELECT\n    number % 1151 AS a,\n    minState(number),\n    min(number),\n    maxState(number),\n    max(number),\n    sumState(number),\n    sum(number),\n    sumWithOverflowState(number),\n    sumWithOverflow(number),\n    groupBitAndState(number + 111111111),\n    groupBitAnd(number + 111111111),\n    groupBitOrState(number + 111111111),\n    groupBitOr(number + 111111111),\n    groupBitXorState(number + 111111111),\n    groupBitXor(number + 111111111),\n    groupArrayArrayState([toUInt64(number % 1000)]),\n    groupArrayArray([toUInt64(number % 1000)]),\n    groupUniqArrayArrayState([toUInt64(number % 500)]),\n    groupUniqArrayArray([toUInt64(number % 500)]),\n    sumMapState((arrayMap(i -> toString(i), range(13)), arrayMap(i -> (number + i), range(13)))),\n    sumMap((arrayMap(i -> toString(i), range(13)), arrayMap(i -> (number + i), range(13)))),\n    minMapState((arrayMap(i -> toString(i), range(13)), arrayMap(i -> (number + i), range(13)))),\n    minMap((arrayMap(i -> toString(i), range(13)), arrayMap(i -> (number + i), range(13)))),\n    maxMapState((arrayMap(i -> toString(i), range(13)), arrayMap(i -> (number + i), range(13)))),\n    maxMap((arrayMap(i -> toString(i), range(13)), arrayMap(i -> (number + i), range(13))))\nFROM numbers(10000)\nGROUP BY a;",
            "name": "01630_simple_aggregate_all_functions_in_summing_merge_tree.sql"
        },
        {
            "query": "\n\nOPTIMIZE TABLE simple_agf_aggregating_mt FINAL;",
            "name": "01630_simple_aggregate_all_functions_in_summing_merge_tree.sql"
        },
        {
            "query": "\n\nSELECT cityHash64(groupArray(cityHash64(*))) FROM (\n  SELECT\n    a % 31 AS g,\n    minMerge(min_aggreg) AS minagg,\n    min(min_simple) AS mins,\n    minagg = mins AS M,\n    maxMerge(max_aggreg) AS maxagg,\n    max(max_simple) AS maxs,\n    maxagg = maxs AS MX,\n    sumMerge(sum_aggreg) AS sumagg,\n    sum(sum_simple) AS sums,\n    sumagg = sums AS S,\n    sumWithOverflowMerge(sumov_aggreg) AS sumaggov,\n    sumWithOverflow(sumov_simple) AS sumsov,\n    sumaggov = sumsov AS SO,\n    groupBitAndMerge(gbitand_aggreg) AS gbitandaggreg,\n    groupBitAnd(gbitand_simple) AS gbitandsimple,\n    gbitandaggreg = gbitandsimple AS BIT_AND,\n    groupBitOrMerge(gbitor_aggreg) AS gbitoraggreg,\n    groupBitOr(gbitor_simple) AS gbitorsimple,\n    gbitoraggreg = gbitorsimple AS BIT_OR,\n    groupBitXorMerge(gbitxor_aggreg) AS gbitxoraggreg,\n    groupBitXor(gbitxor_simple) AS gbitxorsimple,\n    gbitxoraggreg = gbitxorsimple AS BITXOR,\n    arraySort(groupArrayArrayMerge(gra_aggreg)) AS graa,\n    arraySort(groupArrayArray(gra_simple)) AS gras,\n    graa = gras AS GAA,\n    arraySort(groupUniqArrayArrayMerge(grp_aggreg)) AS gra,\n    arraySort(groupUniqArrayArray(grp_simple)) AS grs,\n    gra = grs AS T,\n    sumMapMerge(aggreg_map) AS smmapagg,\n    sumMap(simple_map) AS smmaps,\n    smmapagg = smmaps AS SM,\n    minMapMerge(aggreg_map_min) AS minmapapagg,\n    minMap(simple_map_min) AS minmaps,\n    minmapapagg = minmaps AS SMIN,\n    maxMapMerge(aggreg_map_max) AS maxmapapagg,\n    maxMap(simple_map_max) AS maxmaps,\n    maxmapapagg = maxmaps AS SMAX\n  FROM simple_agf_aggregating_mt\n  GROUP BY g\n  ORDER BY g\n);",
            "name": "01630_simple_aggregate_all_functions_in_summing_merge_tree.sql"
        },
        {
            "query": "\n\nSELECT '---mutation---';",
            "name": "01630_simple_aggregate_all_functions_in_summing_merge_tree.sql"
        },
        {
            "query": "\n\nALTER TABLE simple_agf_aggregating_mt\n    DELETE WHERE (a % 3) = 0\nSETTINGS mutations_sync = 1;",
            "name": "01630_simple_aggregate_all_functions_in_summing_merge_tree.sql"
        },
        {
            "query": "\n\nINSERT INTO simple_agf_aggregating_mt SELECT\n    number % 11151 AS a,\n    minState(number),\n    min(number),\n    maxState(number),\n    max(number),\n    sumState(number),\n    sum(number),\n    sumWithOverflowState(number),\n    sumWithOverflow(number),\n    groupBitAndState((number % 3) + 111111110),\n    groupBitAnd((number % 3) + 111111110),\n    groupBitOrState(number + 111111111),\n    groupBitOr(number + 111111111),\n    groupBitXorState(number + 111111111),\n    groupBitXor(number + 111111111),\n    groupArrayArrayState([toUInt64(number % 100)]),\n    groupArrayArray([toUInt64(number % 100)]),\n    groupUniqArrayArrayState([toUInt64(number % 50)]),\n    groupUniqArrayArray([toUInt64(number % 50)]),\n    sumMapState((arrayMap(i -> toString(i), range(13)), arrayMap(i -> (number + i), range(13)))),\n    sumMap((arrayMap(i -> toString(i), range(13)), arrayMap(i -> (number + i), range(13)))),\n    minMapState((arrayMap(i -> toString(i), range(13)), arrayMap(i -> (number + i), range(13)))),\n    minMap((arrayMap(i -> toString(i), range(13)), arrayMap(i -> (number + i), range(13)))),\n    maxMapState((arrayMap(i -> toString(i), range(13)), arrayMap(i -> (number + i), range(13)))),\n    maxMap((arrayMap(i -> toString(i), range(13)), arrayMap(i -> (number + i), range(13))))\nFROM numbers(10000)\nGROUP BY a;",
            "name": "01630_simple_aggregate_all_functions_in_summing_merge_tree.sql"
        },
        {
            "query": "\n\nOPTIMIZE TABLE simple_agf_aggregating_mt FINAL;",
            "name": "01630_simple_aggregate_all_functions_in_summing_merge_tree.sql"
        },
        {
            "query": "\n\nSELECT cityHash64(groupArray(cityHash64(*))) FROM (\nSELECT\n    a % 31 AS g,\n    minMerge(min_aggreg) AS minagg,\n    min(min_simple) AS mins,\n    minagg = mins AS M,\n    maxMerge(max_aggreg) AS maxagg,\n    max(max_simple) AS maxs,\n    maxagg = maxs AS MX,\n    sumMerge(sum_aggreg) AS sumagg,\n    sum(sum_simple) AS sums,\n    sumagg = sums AS S,\n    sumWithOverflowMerge(sumov_aggreg) AS sumaggov,\n    sumWithOverflow(sumov_simple) AS sumsov,\n    sumaggov = sumsov AS SO,\n    groupBitAndMerge(gbitand_aggreg) AS gbitandaggreg,\n    groupBitAnd(gbitand_simple) AS gbitandsimple,\n    gbitandaggreg = gbitandsimple AS BIT_AND,\n    groupBitOrMerge(gbitor_aggreg) AS gbitoraggreg,\n    groupBitOr(gbitor_simple) AS gbitorsimple,\n    gbitoraggreg = gbitorsimple AS BIT_OR,\n    groupBitXorMerge(gbitxor_aggreg) AS gbitxoraggreg,\n    groupBitXor(gbitxor_simple) AS gbitxorsimple,\n    gbitxoraggreg = gbitxorsimple AS BITXOR,\n    arraySort(groupArrayArrayMerge(gra_aggreg)) AS graa,\n    arraySort(groupArrayArray(gra_simple)) AS gras,\n    graa = gras AS GAA,\n    arraySort(groupUniqArrayArrayMerge(grp_aggreg)) AS gra,\n    arraySort(groupUniqArrayArray(grp_simple)) AS grs,\n    gra = grs AS T,\n    sumMapMerge(aggreg_map) AS smmapagg,\n    sumMap(simple_map) AS smmaps,\n    smmapagg = smmaps AS SM,\n    minMapMerge(aggreg_map_min) AS minmapapagg,\n    minMap(simple_map_min) AS minmaps,\n    minmapapagg = minmaps AS SMIN,\n    maxMapMerge(aggreg_map_max) AS maxmapapagg,\n    maxMap(simple_map_max) AS maxmaps,\n    maxmapapagg = maxmaps AS SMAX\n  FROM simple_agf_aggregating_mt\n  GROUP BY g\n  ORDER BY g\n);",
            "name": "01630_simple_aggregate_all_functions_in_summing_merge_tree.sql"
        },
        {
            "query": "\n\nDROP TABLE simple_agf_aggregating_mt;",
            "name": "01630_simple_aggregate_all_functions_in_summing_merge_tree.sql"
        }
    ]
}