{
    "name": "02460_prewhere_row_level_policy.sql",
    "tests": [
        {
            "query": "-- https://github.com/ClickHouse/ClickHouse/issues/40956#issuecomment-1262096612\nDROP TABLE IF EXISTS row_level_policy_prewhere;",
            "name": "02460_prewhere_row_level_policy.sql"
        },
        {
            "query": "\nDROP ROW POLICY IF EXISTS row_level_policy_prewhere_policy0 ON row_level_policy_prewhere;",
            "name": "02460_prewhere_row_level_policy.sql"
        },
        {
            "query": "\n\nCREATE TABLE row_level_policy_prewhere (x Int16, y String) ENGINE = MergeTree ORDER BY x;",
            "name": "02460_prewhere_row_level_policy.sql"
        },
        {
            "query": "\nINSERT INTO row_level_policy_prewhere(y, x) VALUES ('A',1), ('B',2), ('C',3);",
            "name": "02460_prewhere_row_level_policy.sql"
        },
        {
            "query": "\nCREATE ROW POLICY row_level_policy_prewhere_policy0 ON row_level_policy_prewhere FOR SELECT USING x >= 0 TO default;",
            "name": "02460_prewhere_row_level_policy.sql"
        },
        {
            "query": "\nSELECT * FROM row_level_policy_prewhere PREWHERE y = 'foo';",
            "name": "02460_prewhere_row_level_policy.sql"
        },
        {
            "query": "\nDROP TABLE row_level_policy_prewhere;",
            "name": "02460_prewhere_row_level_policy.sql"
        }
    ]
}