{
    "name": "00200_shard_distinct_order_by_limit_distributed.sql",
    "tests": [
        {
            "query": "-- Tags: distributed\n\nDROP TABLE IF EXISTS numbers_memory;",
            "name": "00200_shard_distinct_order_by_limit_distributed.sql"
        },
        {
            "query": "\nCREATE TABLE numbers_memory AS system.numbers ENGINE = Memory;",
            "name": "00200_shard_distinct_order_by_limit_distributed.sql"
        },
        {
            "query": "\nINSERT INTO numbers_memory SELECT number FROM system.numbers LIMIT 100;",
            "name": "00200_shard_distinct_order_by_limit_distributed.sql"
        },
        {
            "query": "\nSELECT DISTINCT number FROM remote('127.0.0.{2,3}', currentDatabase(), numbers_memory) ORDER BY number LIMIT 10;",
            "name": "00200_shard_distinct_order_by_limit_distributed.sql"
        },
        {
            "query": "\nDROP TABLE numbers_memory;",
            "name": "00200_shard_distinct_order_by_limit_distributed.sql"
        }
    ]
}