{
    "name": "02207_key_condition_floats.sql",
    "tests": [
        {
            "query": "DROP TABLE IF EXISTS t_key_condition_float;",
            "name": "02207_key_condition_floats.sql"
        },
        {
            "query": "\n\nCREATE TABLE t_key_condition_float (a Float32)\nENGINE = MergeTree ORDER BY a;",
            "name": "02207_key_condition_floats.sql"
        },
        {
            "query": "\n\nINSERT INTO t_key_condition_float VALUES (0.1), (0.2);",
            "name": "02207_key_condition_floats.sql"
        },
        {
            "query": "\n\nSELECT count() FROM t_key_condition_float WHERE a > 0;",
            "name": "02207_key_condition_floats.sql"
        },
        {
            "query": "\nSELECT count() FROM t_key_condition_float WHERE a > 0.0;",
            "name": "02207_key_condition_floats.sql"
        },
        {
            "query": "\nSELECT count() FROM t_key_condition_float WHERE a > 0::Float32;",
            "name": "02207_key_condition_floats.sql"
        },
        {
            "query": "\nSELECT count() FROM t_key_condition_float WHERE a > 0::Float64;",
            "name": "02207_key_condition_floats.sql"
        },
        {
            "query": "\n\nDROP TABLE t_key_condition_float;",
            "name": "02207_key_condition_floats.sql"
        },
        {
            "query": "\n\nCREATE TABLE t_key_condition_float (a Float64)\nENGINE = MergeTree ORDER BY a;",
            "name": "02207_key_condition_floats.sql"
        },
        {
            "query": "\n\nINSERT INTO t_key_condition_float VALUES (0.1), (0.2);",
            "name": "02207_key_condition_floats.sql"
        },
        {
            "query": "\n\nSELECT count() FROM t_key_condition_float WHERE a > 0;",
            "name": "02207_key_condition_floats.sql"
        },
        {
            "query": "\nSELECT count() FROM t_key_condition_float WHERE a > 0.0;",
            "name": "02207_key_condition_floats.sql"
        },
        {
            "query": "\nSELECT count() FROM t_key_condition_float WHERE a > 0::Float32;",
            "name": "02207_key_condition_floats.sql"
        },
        {
            "query": "\nSELECT count() FROM t_key_condition_float WHERE a > 0::Float64;",
            "name": "02207_key_condition_floats.sql"
        },
        {
            "query": "\n\nDROP TABLE t_key_condition_float;",
            "name": "02207_key_condition_floats.sql"
        },
        {
            "query": "\n\nCREATE TABLE t_key_condition_float (a UInt64)\nENGINE = MergeTree ORDER BY a;",
            "name": "02207_key_condition_floats.sql"
        },
        {
            "query": "\n\nINSERT INTO t_key_condition_float VALUES (1), (2);",
            "name": "02207_key_condition_floats.sql"
        },
        {
            "query": "\n\nSELECT count() FROM t_key_condition_float WHERE a > 1.5;",
            "name": "02207_key_condition_floats.sql"
        },
        {
            "query": "\n\nDROP TABLE t_key_condition_float;",
            "name": "02207_key_condition_floats.sql"
        }
    ]
}