{
    "name": "03032_redundant_equals.sql",
    "tests": [
        {
            "query": "DROP TABLE IF EXISTS test_table;",
            "name": "03032_redundant_equals.sql"
        },
        {
            "query": "\n\nCREATE TABLE test_table\n(\n    k UInt64,\n)\nENGINE = MergeTree\nORDER BY k;",
            "name": "03032_redundant_equals.sql"
        },
        {
            "query": "\n\nINSERT INTO test_table SELECT number FROM numbers(10000000);",
            "name": "03032_redundant_equals.sql"
        },
        {
            "query": "\n\nSET allow_experimental_analyzer = 1;",
            "name": "03032_redundant_equals.sql"
        },
        {
            "query": "\n\nSELECT * FROM test_table WHERE k in (100) = 1;",
            "name": "03032_redundant_equals.sql"
        },
        {
            "query": "\nSELECT * FROM test_table WHERE k = (100) = 1;",
            "name": "03032_redundant_equals.sql"
        },
        {
            "query": "\nSELECT * FROM test_table WHERE k not in (100) = 0;",
            "name": "03032_redundant_equals.sql"
        },
        {
            "query": "\nSELECT * FROM test_table WHERE k != (100) = 0;",
            "name": "03032_redundant_equals.sql"
        },
        {
            "query": "\nSELECT * FROM test_table WHERE 1 = (k = 100);",
            "name": "03032_redundant_equals.sql"
        },
        {
            "query": "\nSELECT * FROM test_table WHERE 0 = (k not in (100));",
            "name": "03032_redundant_equals.sql"
        },
        {
            "query": "\nSELECT * FROM test_table WHERE k < 1 = 1;",
            "name": "03032_redundant_equals.sql"
        },
        {
            "query": "\nSELECT * FROM test_table WHERE k >= 1 = 0;",
            "name": "03032_redundant_equals.sql"
        },
        {
            "query": "\nSELECT * FROM test_table WHERE k > 1 = 0;",
            "name": "03032_redundant_equals.sql"
        },
        {
            "query": "\nSELECT * FROM test_table WHERE ((k not in (101) = 0) OR (k in (100) = 1)) = 1;",
            "name": "03032_redundant_equals.sql"
        },
        {
            "query": "\nSELECT * FROM test_table WHERE (NOT ((k not in (100) = 0) OR (k in (100) = 1))) = 0;",
            "name": "03032_redundant_equals.sql"
        },
        {
            "query": "\nSELECT * FROM test_table WHERE (NOT ((k in (101) = 0) OR (k in (100) = 1))) = 1;",
            "name": "03032_redundant_equals.sql"
        },
        {
            "query": "\nSELECT * FROM test_table WHERE ((k not in (101) = 0) OR (k in (100) = 1)) = 1;",
            "name": "03032_redundant_equals.sql"
        },
        {
            "query": "\nSELECT * FROM test_table WHERE ((k not in (99) = 1) AND (k in (100) = 1)) = 1;",
            "name": "03032_redundant_equals.sql"
        },
        {
            "query": "\n-- we skip optimizing queries with toNullable(0 or 1) but lets make sure they still work \nSELECT * FROM test_table WHERE (k = 101) = toLowCardinality(toNullable(1));",
            "name": "03032_redundant_equals.sql"
        },
        {
            "query": "\nSELECT * FROM test_table WHERE (k = 101) = toNullable(1);",
            "name": "03032_redundant_equals.sql"
        },
        {
            "query": "\nSELECT * FROM test_table WHERE (k = 101) = toLowCardinality(1);",
            "name": "03032_redundant_equals.sql"
        },
        {
            "query": "\nSELECT * FROM test_table WHERE ((k not in (101) = toNullable(0)) OR (k in (100) = toNullable(1))) = toNullable(1);",
            "name": "03032_redundant_equals.sql"
        },
        {
            "query": "\nSELECT * FROM test_table WHERE (((k NOT IN toLowCardinality(toNullable(101))) = toLowCardinality(toNullable(0))) OR ((k IN (toLowCardinality(100))) = toNullable(1)));",
            "name": "03032_redundant_equals.sql"
        },
        {
            "query": "\nSELECT * FROM test_table WHERE (((k IN toLowCardinality(toNullable(101))) = toLowCardinality(toNullable(0))) AND ((k NOT IN (toLowCardinality(100))) = toNullable(1))) = toNullable(toLowCardinality(0));",
            "name": "03032_redundant_equals.sql"
        },
        {
            "query": "\n\nSELECT count()\nFROM\n(\n    EXPLAIN PLAN indexes=1\n    SELECT * FROM test_table WHERE k in (100) = 1\n)\nWHERE\n    explain LIKE '%Granules: 1/%';",
            "name": "03032_redundant_equals.sql"
        },
        {
            "query": "\n\nSELECT count()\nFROM\n(\n    EXPLAIN PLAN indexes=1\n    SELECT * FROM test_table WHERE k >= 1 = 0\n)\nWHERE\n    explain LIKE '%Granules: 1/%';",
            "name": "03032_redundant_equals.sql"
        },
        {
            "query": "\n\nSELECT count()\nFROM\n(\n    EXPLAIN PLAN indexes=1\n    SELECT * FROM test_table WHERE k not in (100) = 0\n)\nWHERE\n    explain LIKE '%Granules: 1/%';",
            "name": "03032_redundant_equals.sql"
        },
        {
            "query": "\n\nSELECT count()\nFROM\n(\n    EXPLAIN PLAN indexes=1\n    SELECT * FROM test_table WHERE k > 1 = 0\n)\nWHERE\n    explain LIKE '%Granules: 1/%';",
            "name": "03032_redundant_equals.sql"
        },
        {
            "query": "\n\nSELECT count()\nFROM\n(\n    EXPLAIN PLAN indexes=1\n    SELECT * FROM test_table WHERE (NOT ((k not in (100) = 0) OR (k in (100) = 1))) = 0\n)\nWHERE\n    explain LIKE '%Granules: 1/%';",
            "name": "03032_redundant_equals.sql"
        },
        {
            "query": "\n\n\nSELECT count()\nFROM\n(\n    EXPLAIN PLAN indexes=1\n    SELECT * FROM test_table WHERE (NOT ((k in (101) = 0) OR (k in (100) = 1))) = 1\n)\nWHERE\n    explain LIKE '%Granules: 1/%';",
            "name": "03032_redundant_equals.sql"
        },
        {
            "query": "\n\n\nDROP TABLE test_table;",
            "name": "03032_redundant_equals.sql"
        }
    ]
}