{
    "name": "02023_transform_or_to_in.sql",
    "tests": [
        {
            "query": "DROP TABLE IF EXISTS t_transform_or;",
            "name": "02023_transform_or_to_in.sql"
        },
        {
            "query": "\n\nCREATE TABLE t_transform_or(B AggregateFunction(uniq, String), A String) Engine=MergeTree ORDER BY (A);",
            "name": "02023_transform_or_to_in.sql"
        },
        {
            "query": "\n\nINSERT INTO t_transform_or SELECT uniqState(''), '0';",
            "name": "02023_transform_or_to_in.sql"
        },
        {
            "query": "\n\nSELECT uniqMergeIf(B, (A = '1') OR (A = '2') OR (A = '3'))\nFROM cluster(test_cluster_two_shards, currentDatabase(), t_transform_or)\nSETTINGS legacy_column_name_of_tuple_literal = 0;",
            "name": "02023_transform_or_to_in.sql"
        },
        {
            "query": "\n\nSELECT uniqMergeIf(B, (A = '1') OR (A = '2') OR (A = '3'))\nFROM cluster(test_cluster_two_shards, currentDatabase(), t_transform_or)\nSETTINGS legacy_column_name_of_tuple_literal = 1;",
            "name": "02023_transform_or_to_in.sql"
        },
        {
            "query": "\n\nDROP TABLE t_transform_or;",
            "name": "02023_transform_or_to_in.sql"
        }
    ]
}