{
    "name": "00974_low_cardinality_cast.sql",
    "tests": [
        {
            "query": "SET cast_keep_nullable = 0;",
            "name": "00974_low_cardinality_cast.sql"
        },
        {
            "query": "\n\nSELECT CAST('Hello' AS LowCardinality(Nullable(String)));",
            "name": "00974_low_cardinality_cast.sql"
        },
        {
            "query": "\nSELECT CAST(Null AS LowCardinality(Nullable(String)));",
            "name": "00974_low_cardinality_cast.sql"
        },
        {
            "query": "\nSELECT CAST(CAST('Hello' AS LowCardinality(Nullable(String))) AS String);",
            "name": "00974_low_cardinality_cast.sql"
        },
        {
            "query": "\nSELECT CAST(CAST(Null AS LowCardinality(Nullable(String))) AS String);",
            "name": "00974_low_cardinality_cast.sql"
        },
        {
            "query": " -- { serverError 349 }\nSELECT CAST(CAST('Hello' AS Nullable(String)) AS String);",
            "name": "00974_low_cardinality_cast.sql"
        },
        {
            "query": "\nSELECT CAST(CAST(Null AS Nullable(String)) AS String);",
            "name": "00974_low_cardinality_cast.sql"
        },
        {
            "query": " -- { serverError 349 }\n;",
            "name": "00974_low_cardinality_cast.sql"
        }
    ]
}