{
    "name": "00680_duplicate_columns_inside_union_all.sql",
    "tests": [
        {
            "query": "SELECT x, y FROM (SELECT x, y FROM (SELECT 1 AS x, 2 AS y) UNION ALL SELECT x, x FROM (SELECT 3 AS x, 4 AS y)) ORDER BY x, y;",
            "name": "00680_duplicate_columns_inside_union_all.sql"
        },
        {
            "query": "\nSELECT x, y FROM (SELECT x, y FROM (SELECT 1 AS x, 2 AS y) UNION ALL SELECT y, y FROM (SELECT 3 AS x, 4 AS y)) ORDER BY x, y;",
            "name": "00680_duplicate_columns_inside_union_all.sql"
        },
        {
            "query": "\nSELECT x, y FROM (SELECT x, x, y FROM (SELECT 1 AS x, 2 AS y) UNION ALL SELECT x, y, y FROM (SELECT 3 AS x, 4 AS y)) ORDER BY x, y;",
            "name": "00680_duplicate_columns_inside_union_all.sql"
        },
        {
            "query": "\nSELECT x, y FROM (SELECT x, y, y FROM (SELECT 1 AS x, 2 AS y) UNION ALL SELECT x, x, y FROM (SELECT 3 AS x, 4 AS y)) ORDER BY x, y;",
            "name": "00680_duplicate_columns_inside_union_all.sql"
        }
    ]
}