{
    "name": "01702_rewrite_avg_for_algebraic_optimization.sql",
    "tests": [
        {
            "query": "SELECT 'SELECT avg(number + 2) FROM numbers(10)';",
            "name": "01702_rewrite_avg_for_algebraic_optimization.sql"
        },
        {
            "query": "\nSELECT 'value: ', avg(number + 2) FROM numbers(10);",
            "name": "01702_rewrite_avg_for_algebraic_optimization.sql"
        },
        {
            "query": "\nSELECT 'EXPLAIN syntax:';",
            "name": "01702_rewrite_avg_for_algebraic_optimization.sql"
        },
        {
            "query": "\nEXPLAIN SYNTAX SELECT avg(number + 2) FROM numbers(10);",
            "name": "01702_rewrite_avg_for_algebraic_optimization.sql"
        },
        {
            "query": "\n\nSELECT '';",
            "name": "01702_rewrite_avg_for_algebraic_optimization.sql"
        },
        {
            "query": "\nSELECT 'SELECT avg(number - 2) FROM numbers(10)';",
            "name": "01702_rewrite_avg_for_algebraic_optimization.sql"
        },
        {
            "query": "\nSELECT 'value: ', avg(number - 2) FROM numbers(10);",
            "name": "01702_rewrite_avg_for_algebraic_optimization.sql"
        },
        {
            "query": "\nSELECT 'EXPLAIN syntax:';",
            "name": "01702_rewrite_avg_for_algebraic_optimization.sql"
        },
        {
            "query": "\nEXPLAIN SYNTAX SELECT avg(number - 2) FROM numbers(10);",
            "name": "01702_rewrite_avg_for_algebraic_optimization.sql"
        },
        {
            "query": "\n\nSELECT '';",
            "name": "01702_rewrite_avg_for_algebraic_optimization.sql"
        },
        {
            "query": "\nSELECT 'SELECT avg(number * 2) FROM numbers(10)';",
            "name": "01702_rewrite_avg_for_algebraic_optimization.sql"
        },
        {
            "query": "\nSELECT 'value: ', avg(number * 2) FROM numbers(10);",
            "name": "01702_rewrite_avg_for_algebraic_optimization.sql"
        },
        {
            "query": "\nSELECT 'EXPLAIN syntax:';",
            "name": "01702_rewrite_avg_for_algebraic_optimization.sql"
        },
        {
            "query": "\nEXPLAIN SYNTAX SELECT avg(number * 2) FROM numbers(10);",
            "name": "01702_rewrite_avg_for_algebraic_optimization.sql"
        },
        {
            "query": "\n\nSELECT '';",
            "name": "01702_rewrite_avg_for_algebraic_optimization.sql"
        },
        {
            "query": "\nSELECT 'SELECT avg(number / 2) FROM numbers(10)';",
            "name": "01702_rewrite_avg_for_algebraic_optimization.sql"
        },
        {
            "query": "\nSELECT 'value: ', avg(number / 2) FROM numbers(10);",
            "name": "01702_rewrite_avg_for_algebraic_optimization.sql"
        },
        {
            "query": "\nSELECT 'EXPLAIN syntax:';",
            "name": "01702_rewrite_avg_for_algebraic_optimization.sql"
        },
        {
            "query": "\nEXPLAIN SYNTAX SELECT avg(number / 2) FROM numbers(10);",
            "name": "01702_rewrite_avg_for_algebraic_optimization.sql"
        }
    ]
}