{
    "name": "00571_non_exist_database_when_create_materializ_view.sql",
    "tests": [
        {
            "query": "\nDROP DATABASE IF EXISTS {CLICKHOUSE_DATABASE_1:Identifier};",
            "name": "00571_non_exist_database_when_create_materializ_view.sql"
        },
        {
            "query": "\nDROP TABLE IF EXISTS {CLICKHOUSE_DATABASE:Identifier};",
            "name": "00571_non_exist_database_when_create_materializ_view.sql"
        },
        {
            "query": "\nDROP TABLE IF EXISTS test_materialized_00571;",
            "name": "00571_non_exist_database_when_create_materializ_view.sql"
        },
        {
            "query": "\n\nset allow_deprecated_syntax_for_merge_tree=1;",
            "name": "00571_non_exist_database_when_create_materializ_view.sql"
        },
        {
            "query": "\nCREATE DATABASE {CLICKHOUSE_DATABASE_1:Identifier};",
            "name": "00571_non_exist_database_when_create_materializ_view.sql"
        },
        {
            "query": "\nCREATE TABLE test_00571 ( date Date, platform Enum8('a' = 0, 'b' = 1, 'c' = 2), app Enum8('a' = 0, 'b' = 1) ) ENGINE = MergeTree(date, (platform, app), 8192);",
            "name": "00571_non_exist_database_when_create_materializ_view.sql"
        },
        {
            "query": "\nCREATE MATERIALIZED VIEW test_materialized_00571 ENGINE = MergeTree(date, (platform, app), 8192) POPULATE AS SELECT date, platform, app FROM (SELECT * FROM test_00571);",
            "name": "00571_non_exist_database_when_create_materializ_view.sql"
        },
        {
            "query": "\n\nUSE {CLICKHOUSE_DATABASE_1:Identifier};",
            "name": "00571_non_exist_database_when_create_materializ_view.sql"
        },
        {
            "query": "\n\nINSERT INTO {CLICKHOUSE_DATABASE:Identifier}.test_00571 VALUES('2018-02-16', 'a', 'a');",
            "name": "00571_non_exist_database_when_create_materializ_view.sql"
        },
        {
            "query": "\n\nSELECT * FROM {CLICKHOUSE_DATABASE:Identifier}.test_00571;",
            "name": "00571_non_exist_database_when_create_materializ_view.sql"
        },
        {
            "query": "\nSELECT * FROM {CLICKHOUSE_DATABASE:Identifier}.test_materialized_00571;",
            "name": "00571_non_exist_database_when_create_materializ_view.sql"
        },
        {
            "query": "\n\nDETACH TABLE {CLICKHOUSE_DATABASE:Identifier}.test_materialized_00571;",
            "name": "00571_non_exist_database_when_create_materializ_view.sql"
        },
        {
            "query": "\nATTACH TABLE {CLICKHOUSE_DATABASE:Identifier}.test_materialized_00571;",
            "name": "00571_non_exist_database_when_create_materializ_view.sql"
        },
        {
            "query": "\n\nSELECT * FROM {CLICKHOUSE_DATABASE:Identifier}.test_materialized_00571;",
            "name": "00571_non_exist_database_when_create_materializ_view.sql"
        },
        {
            "query": "\n\nDROP DATABASE IF EXISTS {CLICKHOUSE_DATABASE_1:Identifier};",
            "name": "00571_non_exist_database_when_create_materializ_view.sql"
        },
        {
            "query": "\nDROP TABLE IF EXISTS {CLICKHOUSE_DATABASE:Identifier}.test_00571;",
            "name": "00571_non_exist_database_when_create_materializ_view.sql"
        },
        {
            "query": "\nDROP TABLE IF EXISTS {CLICKHOUSE_DATABASE:Identifier}.test_materialized_00571;",
            "name": "00571_non_exist_database_when_create_materializ_view.sql"
        }
    ]
}