{
    "name": "03130_abs_in_key_condition_bug.sql",
    "tests": [
        {
            "query": "DROP TABLE IF EXISTS t;",
            "name": "03130_abs_in_key_condition_bug.sql"
        },
        {
            "query": "\n\nCREATE TABLE t (id UInt64, ts DateTime) ENGINE = MergeTree() ORDER BY (id, ts) SETTINGS index_granularity = 2;",
            "name": "03130_abs_in_key_condition_bug.sql"
        },
        {
            "query": "\n\nINSERT INTO t VALUES\n    (1, toDateTime('2023-05-04 21:17:23', 'UTC')), (1, toDateTime('2023-05-04 22:17:23', 'UTC')), (2, toDateTime('2023-05-04 22:17:23', 'UTC')), (2, toDateTime('2023-05-04 23:17:23', 'UTC'));",
            "name": "03130_abs_in_key_condition_bug.sql"
        },
        {
            "query": "\n\nSELECT  count(abs(toUnixTimestamp(ts, 'UTC') - toUnixTimestamp('2023-05-04 22:17:23', 'UTC')) AS error) FROM t WHERE error < 3600;",
            "name": "03130_abs_in_key_condition_bug.sql"
        },
        {
            "query": "\n\nDROP TABLE IF EXISTS t;",
            "name": "03130_abs_in_key_condition_bug.sql"
        }
    ]
}