{
    "name": "00990_hasToken_and_tokenbf.sql",
    "tests": [
        {
            "query": "DROP TABLE IF EXISTS bloom_filter;",
            "name": "00990_hasToken_and_tokenbf.sql"
        },
        {
            "query": "\n\nCREATE TABLE bloom_filter\n(\n    id UInt64,\n    s String,\n    INDEX tok_bf (s, lower(s)) TYPE tokenbf_v1(512, 3, 0) GRANULARITY 1\n) ENGINE = MergeTree() ORDER BY id SETTINGS index_granularity = 8, index_granularity_bytes = '10Mi';",
            "name": "00990_hasToken_and_tokenbf.sql"
        },
        {
            "query": "\n\ninsert into bloom_filter select number, 'yyy,uuu' from numbers(1024);",
            "name": "00990_hasToken_and_tokenbf.sql"
        },
        {
            "query": "\ninsert into bloom_filter select number+2000, 'abc,def,zzz' from numbers(8);",
            "name": "00990_hasToken_and_tokenbf.sql"
        },
        {
            "query": "\ninsert into bloom_filter select number+3000, 'yyy,uuu' from numbers(1024);",
            "name": "00990_hasToken_and_tokenbf.sql"
        },
        {
            "query": "\ninsert into bloom_filter select number+3000, 'abcdefzzz' from numbers(1024);",
            "name": "00990_hasToken_and_tokenbf.sql"
        },
        {
            "query": "\n\nSELECT max(id) FROM bloom_filter WHERE hasToken(s, 'abc,def,zzz');",
            "name": "00990_hasToken_and_tokenbf.sql"
        },
        {
            "query": " -- { serverError BAD_ARGUMENTS }\nSELECT max(id) FROM bloom_filter WHERE hasTokenCaseInsensitive(s, 'abc,def,zzz');",
            "name": "00990_hasToken_and_tokenbf.sql"
        },
        {
            "query": " -- { serverError BAD_ARGUMENTS }\n\nSELECT max(id) FROM bloom_filter WHERE hasTokenOrNull(s, 'abc,def,zzz');",
            "name": "00990_hasToken_and_tokenbf.sql"
        },
        {
            "query": "\nSELECT max(id) FROM bloom_filter WHERE hasTokenCaseInsensitiveOrNull(s, 'abc,def,zzz');",
            "name": "00990_hasToken_and_tokenbf.sql"
        },
        {
            "query": "\n\n-- as table \"bloom_filter\" but w/o index_granularity_bytes\ndrop table if exists bloom_filter2;",
            "name": "00990_hasToken_and_tokenbf.sql"
        },
        {
            "query": "\ncreate table bloom_filter2\n(\n    id UInt64,\n    s String,\n    index tok_bf3 (s, lower(s)) type tokenbf_v1(512, 3, 0) GRANULARITY 1\n) engine = MergeTree() order by id settings index_granularity = 8;",
            "name": "00990_hasToken_and_tokenbf.sql"
        },
        {
            "query": "\n\ninsert into bloom_filter2 select number, 'yyy,uuu' from numbers(1024);",
            "name": "00990_hasToken_and_tokenbf.sql"
        },
        {
            "query": "\ninsert into bloom_filter2 select number+2000, 'ABC,def,zzz' from numbers(8);",
            "name": "00990_hasToken_and_tokenbf.sql"
        },
        {
            "query": "\ninsert into bloom_filter2 select number+3000, 'yyy,uuu' from numbers(1024);",
            "name": "00990_hasToken_and_tokenbf.sql"
        },
        {
            "query": "\ninsert into bloom_filter2 select number+3000, 'abcdefzzz' from numbers(1024);",
            "name": "00990_hasToken_and_tokenbf.sql"
        },
        {
            "query": "\n\nset max_rows_to_read = 16;",
            "name": "00990_hasToken_and_tokenbf.sql"
        },
        {
            "query": "\n\nSELECT max(id) FROM bloom_filter WHERE hasToken(s, 'abc');",
            "name": "00990_hasToken_and_tokenbf.sql"
        },
        {
            "query": "\nSELECT max(id) FROM bloom_filter WHERE hasTokenOrNull(s, 'abc');",
            "name": "00990_hasToken_and_tokenbf.sql"
        },
        {
            "query": "\nSELECT max(id) FROM bloom_filter WHERE hasToken(s, 'ABC');",
            "name": "00990_hasToken_and_tokenbf.sql"
        },
        {
            "query": "\nselect max(id) from bloom_filter where hasTokenCaseInsensitive(s, 'ABC');",
            "name": "00990_hasToken_and_tokenbf.sql"
        },
        {
            "query": "\nselect max(id) from bloom_filter where hasTokenCaseInsensitiveOrNull(s, 'ABC');",
            "name": "00990_hasToken_and_tokenbf.sql"
        },
        {
            "query": "\nSELECT max(id) FROM bloom_filter WHERE hasToken(s, 'def');",
            "name": "00990_hasToken_and_tokenbf.sql"
        },
        {
            "query": "\nSELECT max(id) FROM bloom_filter WHERE hasToken(s, 'zzz');",
            "name": "00990_hasToken_and_tokenbf.sql"
        },
        {
            "query": "\nselect max(id) from bloom_filter where hasTokenCaseInsensitive(s, 'zZz');",
            "name": "00990_hasToken_and_tokenbf.sql"
        },
        {
            "query": "\n\nselect max(id) from bloom_filter2 where hasToken(s, 'ABC');",
            "name": "00990_hasToken_and_tokenbf.sql"
        },
        {
            "query": "\nselect max(id) from bloom_filter2 where hasToken(s, 'abc');",
            "name": "00990_hasToken_and_tokenbf.sql"
        },
        {
            "query": "\nselect max(id) from bloom_filter2 where hasTokenCaseInsensitive(s, 'abc');",
            "name": "00990_hasToken_and_tokenbf.sql"
        },
        {
            "query": "\nselect max(id) from bloom_filter2 where hasTokenCaseInsensitive(s, 'ABC');",
            "name": "00990_hasToken_and_tokenbf.sql"
        },
        {
            "query": "\n\n-- invert result\n-- this does not work as expected, reading more rows that it should\n-- SELECT max(id) FROM bloom_filter WHERE NOT hasToken(s, 'yyy');",
            "name": "00990_hasToken_and_tokenbf.sql"
        },
        {
            "query": "\n\n-- accessing to many rows\nSELECT max(id) FROM bloom_filter WHERE hasToken(s, 'yyy');",
            "name": "00990_hasToken_and_tokenbf.sql"
        },
        {
            "query": " -- { serverError 158 }\n\n-- this syntax is not supported by tokenbf\nSELECT max(id) FROM bloom_filter WHERE hasToken(s, 'zzz') == 1;",
            "name": "00990_hasToken_and_tokenbf.sql"
        },
        {
            "query": " -- { serverError 158 }\n\nDROP TABLE bloom_filter;",
            "name": "00990_hasToken_and_tokenbf.sql"
        },
        {
            "query": "\n\n-- AST fuzzer crash, issue #54541\nCREATE TABLE tab (row_id UInt32, str String, INDEX idx str TYPE tokenbf_v1(256, 2, 0)) ENGINE = MergeTree ORDER BY row_id;",
            "name": "00990_hasToken_and_tokenbf.sql"
        },
        {
            "query": "\nINSERT INTO tab VALUES (0, 'a');",
            "name": "00990_hasToken_and_tokenbf.sql"
        },
        {
            "query": "\nSELECT * FROM tab WHERE str == 'else' AND 1.0;",
            "name": "00990_hasToken_and_tokenbf.sql"
        },
        {
            "query": "\nDROP TABLE tab;",
            "name": "00990_hasToken_and_tokenbf.sql"
        }
    ]
}