{
    "name": "02677_analyzer_bitmap_has_any.sql",
    "tests": [
        {
            "query": "SELECT\n    bitmapHasAny(bitmapBuild([toUInt8(1)]), (\n        SELECT groupBitmapState(toUInt8(1))\n    )) has1,\n    bitmapHasAny(bitmapBuild([toUInt64(1)]), (\n        SELECT groupBitmapState(toUInt64(2))\n    )) has2;",
            "name": "02677_analyzer_bitmap_has_any.sql"
        },
        {
            "query": "\n\nSELECT '--------------';",
            "name": "02677_analyzer_bitmap_has_any.sql"
        },
        {
            "query": "\n\nSELECT *\nFROM\n(\n    SELECT\n        bitmapHasAny(bitmapBuild([toUInt8(1)]), (\n            SELECT groupBitmapState(toUInt8(1))\n        )) has1,\n        bitmapHasAny(bitmapBuild([toUInt64(1)]), (\n            SELECT groupBitmapState(toUInt64(2))\n        )) has2\n) SETTINGS allow_experimental_analyzer = 0;",
            "name": "02677_analyzer_bitmap_has_any.sql"
        },
        {
            "query": " -- { serverError 43 }\n\nSELECT '--------------';",
            "name": "02677_analyzer_bitmap_has_any.sql"
        },
        {
            "query": "\n\nSELECT *\nFROM\n(\n    SELECT\n        bitmapHasAny(bitmapBuild([toUInt8(1)]), (\n            SELECT groupBitmapState(toUInt8(1))\n        )) has1,\n        bitmapHasAny(bitmapBuild([toUInt64(1)]), (\n            SELECT groupBitmapState(toUInt64(2))\n        )) has2\n) SETTINGS allow_experimental_analyzer = 1;",
            "name": "02677_analyzer_bitmap_has_any.sql"
        }
    ]
}