{
    "name": "02807_default_date_time_nullable.sql",
    "tests": [
        {
            "query": "create temporary table test (\n    data int,\n    default Nullable(DateTime) DEFAULT '1977-01-01 00:00:00'\n) engine  = Memory();",
            "name": "02807_default_date_time_nullable.sql"
        },
        {
            "query": "\n\ninsert into test (data) select 1;",
            "name": "02807_default_date_time_nullable.sql"
        },
        {
            "query": "\n\nselect * from test;",
            "name": "02807_default_date_time_nullable.sql"
        },
        {
            "query": "\n\ndrop temporary table test;",
            "name": "02807_default_date_time_nullable.sql"
        },
        {
            "query": "\n\ncreate temporary table test (\n    data int,\n    default DateTime DEFAULT '1977-01-01 00:00:00'\n) engine  = Memory();",
            "name": "02807_default_date_time_nullable.sql"
        },
        {
            "query": "\ninsert into test (data) select 1;",
            "name": "02807_default_date_time_nullable.sql"
        },
        {
            "query": "\n\nselect * from test;",
            "name": "02807_default_date_time_nullable.sql"
        }
    ]
}