{
    "name": "01048_window_view_parser.sql",
    "tests": [
        {
            "query": "-- Tags: no-parallel\n\nSET send_logs_level = 'fatal';",
            "name": "01048_window_view_parser.sql"
        },
        {
            "query": "\nSET allow_experimental_analyzer = 0;",
            "name": "01048_window_view_parser.sql"
        },
        {
            "query": "\nSET allow_experimental_window_view = 1;",
            "name": "01048_window_view_parser.sql"
        },
        {
            "query": "\nDROP DATABASE IF EXISTS test_01048;",
            "name": "01048_window_view_parser.sql"
        },
        {
            "query": "\nset allow_deprecated_database_ordinary=1;",
            "name": "01048_window_view_parser.sql"
        },
        {
            "query": "\n-- Creation of a database with Ordinary engine emits a warning.\nCREATE DATABASE test_01048 ENGINE=Ordinary;",
            "name": "01048_window_view_parser.sql"
        },
        {
            "query": "\n\nDROP TABLE IF EXISTS test_01048.mt;",
            "name": "01048_window_view_parser.sql"
        },
        {
            "query": "\nDROP TABLE IF EXISTS test_01048.mt_2;",
            "name": "01048_window_view_parser.sql"
        },
        {
            "query": "\n\nCREATE TABLE test_01048.mt(a Int32, b Int32, timestamp DateTime) ENGINE=MergeTree ORDER BY tuple();",
            "name": "01048_window_view_parser.sql"
        },
        {
            "query": "\nCREATE TABLE test_01048.mt_2(a Int32, b Int32, timestamp DateTime) ENGINE=MergeTree ORDER BY tuple();",
            "name": "01048_window_view_parser.sql"
        },
        {
            "query": "\n\nSELECT '---TUMBLE---';",
            "name": "01048_window_view_parser.sql"
        },
        {
            "query": "\nSELECT '||---WINDOW COLUMN NAME---';",
            "name": "01048_window_view_parser.sql"
        },
        {
            "query": "\nDROP TABLE IF EXISTS test_01048.wv;",
            "name": "01048_window_view_parser.sql"
        },
        {
            "query": "\nCREATE WINDOW VIEW test_01048.wv ENGINE Memory AS SELECT count(a) AS count, tumbleEnd(wid) as wend FROM test_01048.mt GROUP BY tumble(timestamp, INTERVAL 1 SECOND) as wid;",
            "name": "01048_window_view_parser.sql"
        },
        {
            "query": "\nSHOW CREATE TABLE test_01048.`.inner.wv`;",
            "name": "01048_window_view_parser.sql"
        },
        {
            "query": "\n\nSELECT '||---WINDOW COLUMN ALIAS---';",
            "name": "01048_window_view_parser.sql"
        },
        {
            "query": "\nDROP TABLE IF EXISTS test_01048.wv;",
            "name": "01048_window_view_parser.sql"
        },
        {
            "query": "\nCREATE WINDOW VIEW test_01048.wv ENGINE Memory AS SELECT count(a) AS count, tumble(timestamp, INTERVAL '1' SECOND) AS wid FROM test_01048.mt GROUP BY wid;",
            "name": "01048_window_view_parser.sql"
        },
        {
            "query": "\nSHOW CREATE TABLE test_01048.`.inner.wv`;",
            "name": "01048_window_view_parser.sql"
        },
        {
            "query": "\n\nSELECT '||---IDENTIFIER---';",
            "name": "01048_window_view_parser.sql"
        },
        {
            "query": "\nDROP TABLE IF EXISTS test_01048.wv;",
            "name": "01048_window_view_parser.sql"
        },
        {
            "query": "\nCREATE WINDOW VIEW test_01048.wv ENGINE Memory AS SELECT count(a) AS count FROM test_01048.mt GROUP BY b, tumble(timestamp, INTERVAL '1' SECOND) AS wid;",
            "name": "01048_window_view_parser.sql"
        },
        {
            "query": "\nSHOW CREATE TABLE test_01048.`.inner.wv`;",
            "name": "01048_window_view_parser.sql"
        },
        {
            "query": "\n\nDROP TABLE IF EXISTS test_01048.wv;",
            "name": "01048_window_view_parser.sql"
        },
        {
            "query": "\nCREATE WINDOW VIEW test_01048.wv ENGINE Memory AS SELECT count(a) AS count FROM test_01048.mt GROUP BY tumble(timestamp, INTERVAL '1' SECOND) AS wid, b;",
            "name": "01048_window_view_parser.sql"
        },
        {
            "query": "\nSHOW CREATE TABLE test_01048.`.inner.wv`;",
            "name": "01048_window_view_parser.sql"
        },
        {
            "query": "\n\nSELECT '||---FUNCTION---';",
            "name": "01048_window_view_parser.sql"
        },
        {
            "query": "\nDROP TABLE IF EXISTS test_01048.wv;",
            "name": "01048_window_view_parser.sql"
        },
        {
            "query": "\nCREATE WINDOW VIEW test_01048.wv ENGINE Memory AS SELECT count(a) AS count FROM test_01048.mt GROUP BY plus(a, b) as _type, tumble(timestamp, INTERVAL '1' SECOND) AS wid;",
            "name": "01048_window_view_parser.sql"
        },
        {
            "query": "\nSHOW CREATE TABLE test_01048.`.inner.wv`;",
            "name": "01048_window_view_parser.sql"
        },
        {
            "query": "\n\nDROP TABLE IF EXISTS test_01048.wv;",
            "name": "01048_window_view_parser.sql"
        },
        {
            "query": "\nCREATE WINDOW VIEW test_01048.wv ENGINE Memory AS SELECT count(a) AS count FROM test_01048.mt GROUP BY tumble(timestamp, INTERVAL '1' SECOND) AS wid, plus(a, b);",
            "name": "01048_window_view_parser.sql"
        },
        {
            "query": "\nSHOW CREATE TABLE test_01048.`.inner.wv`;",
            "name": "01048_window_view_parser.sql"
        },
        {
            "query": "\n\nSELECT '||---TimeZone---';",
            "name": "01048_window_view_parser.sql"
        },
        {
            "query": "\nDROP TABLE IF EXISTS test_01048.wv;",
            "name": "01048_window_view_parser.sql"
        },
        {
            "query": "\nCREATE WINDOW VIEW test_01048.wv ENGINE Memory AS SELECT count(a) AS count, tumble(timestamp, INTERVAL '1' SECOND, 'Asia/Shanghai') AS wid FROM test_01048.mt GROUP BY wid;",
            "name": "01048_window_view_parser.sql"
        },
        {
            "query": "\nSHOW CREATE TABLE test_01048.`.inner.wv`;",
            "name": "01048_window_view_parser.sql"
        },
        {
            "query": "\n\nSELECT '||---DATA COLUMN ALIAS---';",
            "name": "01048_window_view_parser.sql"
        },
        {
            "query": "\nDROP TABLE IF EXISTS test_01048.wv;",
            "name": "01048_window_view_parser.sql"
        },
        {
            "query": "\nCREATE WINDOW VIEW test_01048.wv ENGINE Memory AS SELECT count(a) AS count, b as id FROM test_01048.mt GROUP BY id, tumble(timestamp, INTERVAL '1' SECOND);",
            "name": "01048_window_view_parser.sql"
        },
        {
            "query": "\nSHOW CREATE TABLE test_01048.`.inner.wv`;",
            "name": "01048_window_view_parser.sql"
        },
        {
            "query": "\n\nSELECT '||---JOIN---';",
            "name": "01048_window_view_parser.sql"
        },
        {
            "query": "\nDROP TABLE IF EXISTS test_01048.wv;",
            "name": "01048_window_view_parser.sql"
        },
        {
            "query": "\nCREATE WINDOW VIEW test_01048.wv ENGINE Memory AS SELECT count(test_01048.mt.a), count(test_01048.mt_2.b), wid FROM test_01048.mt JOIN test_01048.mt_2 ON test_01048.mt.timestamp = test_01048.mt_2.timestamp GROUP BY tumble(test_01048.mt.timestamp, INTERVAL '1' SECOND) AS wid;",
            "name": "01048_window_view_parser.sql"
        },
        {
            "query": "\nSHOW CREATE TABLE test_01048.`.inner.wv`;",
            "name": "01048_window_view_parser.sql"
        },
        {
            "query": "\n\nSELECT '||---POPULATE JOIN---';",
            "name": "01048_window_view_parser.sql"
        },
        {
            "query": "\nDROP TABLE IF EXISTS test_01048.wv;",
            "name": "01048_window_view_parser.sql"
        },
        {
            "query": "\nCREATE WINDOW VIEW test_01048.wv ENGINE Memory POPULATE AS SELECT count(test_01048.mt.a), count(test_01048.mt_2.b), wid FROM test_01048.mt JOIN test_01048.mt_2 ON test_01048.mt.timestamp = test_01048.mt_2.timestamp GROUP BY tumble(test_01048.mt.timestamp, INTERVAL '1' SECOND) AS wid;",
            "name": "01048_window_view_parser.sql"
        },
        {
            "query": "\nSHOW CREATE TABLE test_01048.`.inner.wv`;",
            "name": "01048_window_view_parser.sql"
        },
        {
            "query": "\n\n\nSELECT '---HOP---';",
            "name": "01048_window_view_parser.sql"
        },
        {
            "query": "\nSELECT '||---WINDOW COLUMN NAME---';",
            "name": "01048_window_view_parser.sql"
        },
        {
            "query": "\nDROP TABLE IF EXISTS test_01048.wv;",
            "name": "01048_window_view_parser.sql"
        },
        {
            "query": "\nCREATE WINDOW VIEW test_01048.wv ENGINE Memory AS SELECT count(a) AS count, hopEnd(wid) as wend FROM test_01048.mt GROUP BY hop(timestamp, INTERVAL 1 SECOND, INTERVAL 3 SECOND) as wid;",
            "name": "01048_window_view_parser.sql"
        },
        {
            "query": "\nSHOW CREATE TABLE test_01048.`.inner.wv`;",
            "name": "01048_window_view_parser.sql"
        },
        {
            "query": "\n\nSELECT '||---WINDOW COLUMN ALIAS---';",
            "name": "01048_window_view_parser.sql"
        },
        {
            "query": "\nDROP TABLE IF EXISTS test_01048.wv;",
            "name": "01048_window_view_parser.sql"
        },
        {
            "query": "\nCREATE WINDOW VIEW test_01048.wv ENGINE Memory AS SELECT count(a) AS count, hop(timestamp, INTERVAL '1' SECOND, INTERVAL '3' SECOND) AS wid FROM test_01048.mt GROUP BY wid;",
            "name": "01048_window_view_parser.sql"
        },
        {
            "query": "\nSHOW CREATE TABLE test_01048.`.inner.wv`;",
            "name": "01048_window_view_parser.sql"
        },
        {
            "query": "\n\nSELECT '||---IDENTIFIER---';",
            "name": "01048_window_view_parser.sql"
        },
        {
            "query": "\nDROP TABLE IF EXISTS test_01048.wv;",
            "name": "01048_window_view_parser.sql"
        },
        {
            "query": "\nCREATE WINDOW VIEW test_01048.wv ENGINE Memory AS SELECT count(a) AS count FROM test_01048.mt GROUP BY b, hop(timestamp, INTERVAL '1' SECOND, INTERVAL '3' SECOND) AS wid;",
            "name": "01048_window_view_parser.sql"
        },
        {
            "query": "\nSHOW CREATE TABLE test_01048.`.inner.wv`;",
            "name": "01048_window_view_parser.sql"
        },
        {
            "query": "\n\nDROP TABLE IF EXISTS test_01048.wv;",
            "name": "01048_window_view_parser.sql"
        },
        {
            "query": "\nCREATE WINDOW VIEW test_01048.wv ENGINE Memory AS SELECT count(a) AS count FROM test_01048.mt GROUP BY hop(timestamp, INTERVAL '1' SECOND, INTERVAL '3' SECOND) AS wid, b;",
            "name": "01048_window_view_parser.sql"
        },
        {
            "query": "\nSHOW CREATE TABLE test_01048.`.inner.wv`;",
            "name": "01048_window_view_parser.sql"
        },
        {
            "query": "\n\nSELECT '||---FUNCTION---';",
            "name": "01048_window_view_parser.sql"
        },
        {
            "query": "\nDROP TABLE IF EXISTS test_01048.wv;",
            "name": "01048_window_view_parser.sql"
        },
        {
            "query": "\nCREATE WINDOW VIEW test_01048.wv ENGINE Memory AS SELECT count(a) AS count FROM test_01048.mt GROUP BY plus(a, b) as _type, hop(timestamp, INTERVAL '1' SECOND, INTERVAL '3' SECOND) AS wid;",
            "name": "01048_window_view_parser.sql"
        },
        {
            "query": "\nSHOW CREATE TABLE test_01048.`.inner.wv`;",
            "name": "01048_window_view_parser.sql"
        },
        {
            "query": "\n\nDROP TABLE IF EXISTS test_01048.wv;",
            "name": "01048_window_view_parser.sql"
        },
        {
            "query": "\nCREATE WINDOW VIEW test_01048.wv ENGINE Memory AS SELECT count(a) AS count FROM test_01048.mt GROUP BY hop(timestamp, INTERVAL '1' SECOND, INTERVAL '3' SECOND) AS wid, plus(a, b);",
            "name": "01048_window_view_parser.sql"
        },
        {
            "query": "\nSHOW CREATE TABLE test_01048.`.inner.wv`;",
            "name": "01048_window_view_parser.sql"
        },
        {
            "query": "\n\nSELECT '||---TimeZone---';",
            "name": "01048_window_view_parser.sql"
        },
        {
            "query": "\nDROP TABLE IF EXISTS test_01048.wv;",
            "name": "01048_window_view_parser.sql"
        },
        {
            "query": "\nCREATE WINDOW VIEW test_01048.wv ENGINE Memory AS SELECT count(a) AS count, hopEnd(wid) as wend FROM test_01048.mt GROUP BY hop(timestamp, INTERVAL 1 SECOND, INTERVAL 3 SECOND, 'Asia/Shanghai') as wid;",
            "name": "01048_window_view_parser.sql"
        },
        {
            "query": "\nSHOW CREATE TABLE test_01048.`.inner.wv`;",
            "name": "01048_window_view_parser.sql"
        },
        {
            "query": "\n\nSELECT '||---DATA COLUMN ALIAS---';",
            "name": "01048_window_view_parser.sql"
        },
        {
            "query": "\nDROP TABLE IF EXISTS test_01048.wv;",
            "name": "01048_window_view_parser.sql"
        },
        {
            "query": "\nCREATE WINDOW VIEW test_01048.wv ENGINE Memory AS SELECT count(a) AS count, b as id FROM test_01048.mt GROUP BY id, hop(timestamp, INTERVAL '1' SECOND, INTERVAL '3' SECOND);",
            "name": "01048_window_view_parser.sql"
        },
        {
            "query": "\nSHOW CREATE TABLE test_01048.`.inner.wv`;",
            "name": "01048_window_view_parser.sql"
        },
        {
            "query": "\n\nSELECT '||---JOIN---';",
            "name": "01048_window_view_parser.sql"
        },
        {
            "query": "\nDROP TABLE IF EXISTS test_01048.wv;",
            "name": "01048_window_view_parser.sql"
        },
        {
            "query": "\nCREATE WINDOW VIEW test_01048.wv ENGINE Memory AS SELECT count(test_01048.mt.a), count(test_01048.mt_2.b), wid FROM test_01048.mt JOIN test_01048.mt_2 ON test_01048.mt.timestamp = test_01048.mt_2.timestamp GROUP BY hop(test_01048.mt.timestamp, INTERVAL '1' SECOND, INTERVAL '3' SECOND) AS wid;",
            "name": "01048_window_view_parser.sql"
        },
        {
            "query": "\nSHOW CREATE TABLE test_01048.`.inner.wv`;",
            "name": "01048_window_view_parser.sql"
        },
        {
            "query": "\n\nSELECT '||---POPULATE JOIN---';",
            "name": "01048_window_view_parser.sql"
        },
        {
            "query": "\nDROP TABLE IF EXISTS test_01048.wv;",
            "name": "01048_window_view_parser.sql"
        },
        {
            "query": "\nCREATE WINDOW VIEW test_01048.wv ENGINE Memory POPULATE AS SELECT count(test_01048.mt.a), count(test_01048.mt_2.b), wid FROM test_01048.mt JOIN test_01048.mt_2 ON test_01048.mt.timestamp = test_01048.mt_2.timestamp GROUP BY hop(test_01048.mt.timestamp, INTERVAL '1' SECOND, INTERVAL '3' SECOND) AS wid;",
            "name": "01048_window_view_parser.sql"
        },
        {
            "query": "\nSHOW CREATE TABLE test_01048.`.inner.wv`;",
            "name": "01048_window_view_parser.sql"
        },
        {
            "query": "\n\nDROP TABLE test_01048.wv;",
            "name": "01048_window_view_parser.sql"
        },
        {
            "query": "\nDROP TABLE test_01048.mt;",
            "name": "01048_window_view_parser.sql"
        },
        {
            "query": "\nDROP TABLE test_01048.mt_2;",
            "name": "01048_window_view_parser.sql"
        }
    ]
}