{
    "name": "00106_totals_after_having.sql",
    "tests": [
        {
            "query": "SET max_rows_to_group_by = 100000;",
            "name": "00106_totals_after_having.sql"
        },
        {
            "query": "\nSET group_by_overflow_mode = 'any';",
            "name": "00106_totals_after_having.sql"
        },
        {
            "query": "\n\n-- 'any' overflow mode might select different values for two-level and\n-- single-level GROUP BY, so we set a big enough threshold here to ensure that\n-- the switch doesn't happen, we only use single-level GROUP BY and get a\n-- predictable result.\nSET group_by_two_level_threshold_bytes = 100000000;",
            "name": "00106_totals_after_having.sql"
        },
        {
            "query": "\nSET group_by_two_level_threshold = 1000000;",
            "name": "00106_totals_after_having.sql"
        },
        {
            "query": "\n\nSET totals_mode = 'after_having_auto';",
            "name": "00106_totals_after_having.sql"
        },
        {
            "query": "\nSELECT dummy, count() GROUP BY dummy WITH TOTALS;",
            "name": "00106_totals_after_having.sql"
        },
        {
            "query": "\n\nSET totals_mode = 'after_having_inclusive';",
            "name": "00106_totals_after_having.sql"
        },
        {
            "query": "\nSELECT dummy, count() GROUP BY dummy WITH TOTALS;",
            "name": "00106_totals_after_having.sql"
        },
        {
            "query": "\n\nSET totals_mode = 'after_having_exclusive';",
            "name": "00106_totals_after_having.sql"
        },
        {
            "query": "\nSELECT dummy, count() GROUP BY dummy WITH TOTALS;",
            "name": "00106_totals_after_having.sql"
        },
        {
            "query": "\n\nSET totals_mode = 'before_having';",
            "name": "00106_totals_after_having.sql"
        },
        {
            "query": "\nSELECT dummy, count() GROUP BY dummy WITH TOTALS;",
            "name": "00106_totals_after_having.sql"
        }
    ]
}