{
    "name": "01158_zookeeper_log_long.sql",
    "tests": [
        {
            "query": "-- Tags: long, zookeeper, no-replicated-database, no-polymorphic-parts, no-random-merge-tree-settings\n-- Tag no-replicated-database: Fails due to additional replicas or shards\n\nSET insert_keeper_fault_injection_probability=0;",
            "name": "01158_zookeeper_log_long.sql"
        },
        {
            "query": " -- disable fault injection;",
            "name": "01158_zookeeper_log_long.sql"
        },
        {
            "query": " part ids are non-deterministic in case of insert retries\n\ndrop table if exists rmt sync;",
            "name": "01158_zookeeper_log_long.sql"
        },
        {
            "query": "\n-- cleanup code will perform extra Exists\n-- (so the .reference will not match)\ncreate table rmt (n int) engine=ReplicatedMergeTree('/test/01158/{database}/rmt', '1')\n    order by n\n    settings\n        cleanup_delay_period=86400,\n        max_cleanup_delay_period=86400,\n        replicated_can_become_leader=0,\n        allow_remote_fs_zero_copy_replication=0;",
            "name": "01158_zookeeper_log_long.sql"
        },
        {
            "query": "\nsystem sync replica rmt;",
            "name": "01158_zookeeper_log_long.sql"
        },
        {
            "query": "\ninsert into rmt values (1);",
            "name": "01158_zookeeper_log_long.sql"
        },
        {
            "query": "\ninsert into rmt values (1);",
            "name": "01158_zookeeper_log_long.sql"
        },
        {
            "query": "\nsystem sync replica rmt;",
            "name": "01158_zookeeper_log_long.sql"
        },
        {
            "query": "\nsystem flush logs;",
            "name": "01158_zookeeper_log_long.sql"
        },
        {
            "query": "\n\nselect 'log';",
            "name": "01158_zookeeper_log_long.sql"
        },
        {
            "query": "\nselect address, type, has_watch, op_num, path, is_ephemeral, is_sequential, version, requests_size, request_idx, error, watch_type,\n       watch_state, path_created, stat_version, stat_cversion, stat_dataLength, stat_numChildren\nfrom system.zookeeper_log where path like '/test/01158/' || currentDatabase() || '/rmt/log%' and op_num not in (3, 4, 12, 500)\norder by xid, type, request_idx;",
            "name": "01158_zookeeper_log_long.sql"
        },
        {
            "query": "\n\nselect 'parts';",
            "name": "01158_zookeeper_log_long.sql"
        },
        {
            "query": "\nselect type, has_watch, op_num, replace(path, toString(serverUUID()), '<uuid>'), is_ephemeral, is_sequential, if(startsWith(path, '/clickhouse/sessions'), 1, version), requests_size, request_idx, error, watch_type,\n       watch_state, path_created, stat_version, stat_cversion, stat_dataLength, stat_numChildren\nfrom system.zookeeper_log\nwhere (session_id, xid) in (select session_id, xid from system.zookeeper_log where path='/test/01158/' || currentDatabase() || '/rmt/replicas/1/parts/all_0_0_0')\norder by xid, type, request_idx;",
            "name": "01158_zookeeper_log_long.sql"
        },
        {
            "query": "\n\nselect 'blocks';",
            "name": "01158_zookeeper_log_long.sql"
        },
        {
            "query": "\nselect type, has_watch, op_num, path, is_ephemeral, is_sequential, version, requests_size, request_idx, error, watch_type,\n       watch_state, path_created, stat_version, stat_cversion, stat_dataLength, stat_numChildren\nfrom system.zookeeper_log\nwhere (session_id, xid) in (select session_id, xid from system.zookeeper_log where path like '/test/01158/' || currentDatabase() || '/rmt/blocks/%' and op_num not in (1, 12, 500))\norder by xid, type, request_idx;",
            "name": "01158_zookeeper_log_long.sql"
        },
        {
            "query": "\n\ndrop table rmt sync;",
            "name": "01158_zookeeper_log_long.sql"
        },
        {
            "query": "\n\nsystem flush logs;",
            "name": "01158_zookeeper_log_long.sql"
        },
        {
            "query": "\nselect 'duration_microseconds';",
            "name": "01158_zookeeper_log_long.sql"
        },
        {
            "query": "\nselect count()>0 from system.zookeeper_log where path like '/test/01158/' || currentDatabase() || '/rmt%' and duration_microseconds > 0;",
            "name": "01158_zookeeper_log_long.sql"
        }
    ]
}