{
    "name": "00715_bounding_ratio.sql",
    "tests": [
        {
            "query": "drop table if exists rate_test;",
            "name": "00715_bounding_ratio.sql"
        },
        {
            "query": "\n\ncreate table rate_test (timestamp UInt32, event UInt32) engine=Memory;",
            "name": "00715_bounding_ratio.sql"
        },
        {
            "query": "\ninsert into rate_test values (0,1000),(1,1001),(2,1002),(3,1003),(4,1004),(5,1005),(6,1006),(7,1007),(8,1008);",
            "name": "00715_bounding_ratio.sql"
        },
        {
            "query": "\n\nselect 1.0 = boundingRatio(timestamp, event) from rate_test;",
            "name": "00715_bounding_ratio.sql"
        },
        {
            "query": "\n\ndrop table if exists rate_test2;",
            "name": "00715_bounding_ratio.sql"
        },
        {
            "query": "\ncreate table rate_test2 (uid UInt32 default 1,timestamp DateTime, event UInt32) engine=Memory;",
            "name": "00715_bounding_ratio.sql"
        },
        {
            "query": "\ninsert into rate_test2(timestamp, event) values ('2018-01-01 01:01:01',1001),('2018-01-01 01:01:02',1002),('2018-01-01 01:01:03',1003),('2018-01-01 01:01:04',1004),('2018-01-01 01:01:05',1005),('2018-01-01 01:01:06',1006),('2018-01-01 01:01:07',1007),('2018-01-01 01:01:08',1008);",
            "name": "00715_bounding_ratio.sql"
        },
        {
            "query": "\n\nselect 1.0 = boundingRatio(timestamp, event) from rate_test2;",
            "name": "00715_bounding_ratio.sql"
        },
        {
            "query": "\n\ndrop table rate_test;",
            "name": "00715_bounding_ratio.sql"
        },
        {
            "query": "\ndrop table rate_test2;",
            "name": "00715_bounding_ratio.sql"
        },
        {
            "query": "\n\n\nSELECT boundingRatio(number, number * 1.5) FROM numbers(10);",
            "name": "00715_bounding_ratio.sql"
        },
        {
            "query": "\nSELECT boundingRatio(1000 + number, number * 1.5) FROM numbers(10);",
            "name": "00715_bounding_ratio.sql"
        },
        {
            "query": "\nSELECT boundingRatio(1000 + number, number * 1.5 - 111) FROM numbers(10);",
            "name": "00715_bounding_ratio.sql"
        },
        {
            "query": "\nSELECT number % 10 AS k, boundingRatio(1000 + number, number * 1.5 - 111) FROM numbers(100) GROUP BY k WITH TOTALS ORDER BY k;",
            "name": "00715_bounding_ratio.sql"
        },
        {
            "query": "\n\nSELECT boundingRatio(1000 + number, number * 1.5 - 111) FROM numbers(2);",
            "name": "00715_bounding_ratio.sql"
        },
        {
            "query": "\nSELECT boundingRatio(1000 + number, number * 1.5 - 111) FROM numbers(1);",
            "name": "00715_bounding_ratio.sql"
        },
        {
            "query": "\nSELECT boundingRatio(1000 + number, number * 1.5 - 111) FROM numbers(1) WHERE 0;",
            "name": "00715_bounding_ratio.sql"
        },
        {
            "query": "\nSELECT boundingRatio(number, exp(number)) = exp(1) - 1 FROM numbers(2);",
            "name": "00715_bounding_ratio.sql"
        }
    ]
}