{
    "name": "01951_distributed_push_down_limit.sql",
    "tests": [
        {
            "query": "-- Tags: distributed\n\nset prefer_localhost_replica = 1;",
            "name": "01951_distributed_push_down_limit.sql"
        },
        {
            "query": "\n\n-- { echo }\nexplain description=0 select * from remote('127.{1,2}', view(select * from numbers(1e6))) order by number limit 10 settings distributed_push_down_limit=0;",
            "name": "01951_distributed_push_down_limit.sql"
        },
        {
            "query": "\nexplain description=0 select * from remote('127.{1,2}', view(select * from numbers(1e6))) order by number limit 10 settings distributed_push_down_limit=1;",
            "name": "01951_distributed_push_down_limit.sql"
        }
    ]
}