{
    "name": "02734_sparse_columns_short_circuit.sql",
    "tests": [
        {
            "query": "DROP TABLE IF EXISTS t_sparse_short_circuit;",
            "name": "02734_sparse_columns_short_circuit.sql"
        },
        {
            "query": "\n\nSET short_circuit_function_evaluation = 'force_enable';",
            "name": "02734_sparse_columns_short_circuit.sql"
        },
        {
            "query": "\n\nCREATE TABLE t_sparse_short_circuit (a UInt64, b UInt64)\nENGINE = MergeTree ORDER BY tuple()\nSETTINGS ratio_of_defaults_for_sparse_serialization = 0.9;",
            "name": "02734_sparse_columns_short_circuit.sql"
        },
        {
            "query": "\n\nINSERT INTO t_sparse_short_circuit select number, if (number % 21 = 0, number % 10 + 1, 0) FROM numbers(100000);",
            "name": "02734_sparse_columns_short_circuit.sql"
        },
        {
            "query": "\n\nSELECT sum(if(a % 10 = 0, CAST(b, 'UInt8'), 0)) FROM t_sparse_short_circuit;",
            "name": "02734_sparse_columns_short_circuit.sql"
        },
        {
            "query": "\n\nDROP TABLE t_sparse_short_circuit;",
            "name": "02734_sparse_columns_short_circuit.sql"
        }
    ]
}