{
    "name": "02798_substring_index.sql",
    "tests": [
        {
            "query": "-- { echoOn }\nselect substringIndex('www.clickhouse.com', '.', -4);",
            "name": "02798_substring_index.sql"
        },
        {
            "query": "\nselect substringIndex('www.clickhouse.com', '.', -3);",
            "name": "02798_substring_index.sql"
        },
        {
            "query": "\nselect substringIndex('www.clickhouse.com', '.', -2);",
            "name": "02798_substring_index.sql"
        },
        {
            "query": "\nselect substringIndex('www.clickhouse.com', '.', -1);",
            "name": "02798_substring_index.sql"
        },
        {
            "query": "\nselect substringIndex('www.clickhouse.com', '.', 0);",
            "name": "02798_substring_index.sql"
        },
        {
            "query": "\nselect substringIndex('www.clickhouse.com', '.', 1);",
            "name": "02798_substring_index.sql"
        },
        {
            "query": "\nselect substringIndex('www.clickhouse.com', '.', 2);",
            "name": "02798_substring_index.sql"
        },
        {
            "query": "\nselect substringIndex('www.clickhouse.com', '.', 3);",
            "name": "02798_substring_index.sql"
        },
        {
            "query": "\nselect substringIndex('www.clickhouse.com', '.', 4);",
            "name": "02798_substring_index.sql"
        },
        {
            "query": "\n\nselect substringIndex(materialize('www.clickhouse.com'), '.', -4);",
            "name": "02798_substring_index.sql"
        },
        {
            "query": "\nselect substringIndex(materialize('www.clickhouse.com'), '.', -3);",
            "name": "02798_substring_index.sql"
        },
        {
            "query": "\nselect substringIndex(materialize('www.clickhouse.com'), '.', -2);",
            "name": "02798_substring_index.sql"
        },
        {
            "query": "\nselect substringIndex(materialize('www.clickhouse.com'), '.', -1);",
            "name": "02798_substring_index.sql"
        },
        {
            "query": "\nselect substringIndex(materialize('www.clickhouse.com'), '.', 0);",
            "name": "02798_substring_index.sql"
        },
        {
            "query": "\nselect substringIndex(materialize('www.clickhouse.com'), '.', 1);",
            "name": "02798_substring_index.sql"
        },
        {
            "query": "\nselect substringIndex(materialize('www.clickhouse.com'), '.', 2);",
            "name": "02798_substring_index.sql"
        },
        {
            "query": "\nselect substringIndex(materialize('www.clickhouse.com'), '.', 3);",
            "name": "02798_substring_index.sql"
        },
        {
            "query": "\nselect substringIndex(materialize('www.clickhouse.com'), '.', 4);",
            "name": "02798_substring_index.sql"
        },
        {
            "query": "\n\nselect substringIndex(materialize('www.clickhouse.com'), '.', materialize(-4));",
            "name": "02798_substring_index.sql"
        },
        {
            "query": "\nselect substringIndex(materialize('www.clickhouse.com'), '.', materialize(-3));",
            "name": "02798_substring_index.sql"
        },
        {
            "query": "\nselect substringIndex(materialize('www.clickhouse.com'), '.', materialize(-2));",
            "name": "02798_substring_index.sql"
        },
        {
            "query": "\nselect substringIndex(materialize('www.clickhouse.com'), '.', materialize(-1));",
            "name": "02798_substring_index.sql"
        },
        {
            "query": "\nselect substringIndex(materialize('www.clickhouse.com'), '.', materialize(0));",
            "name": "02798_substring_index.sql"
        },
        {
            "query": "\nselect substringIndex(materialize('www.clickhouse.com'), '.', materialize(1));",
            "name": "02798_substring_index.sql"
        },
        {
            "query": "\nselect substringIndex(materialize('www.clickhouse.com'), '.', materialize(2));",
            "name": "02798_substring_index.sql"
        },
        {
            "query": "\nselect substringIndex(materialize('www.clickhouse.com'), '.', materialize(3));",
            "name": "02798_substring_index.sql"
        },
        {
            "query": "\nselect substringIndex(materialize('www.clickhouse.com'), '.', materialize(4));",
            "name": "02798_substring_index.sql"
        },
        {
            "query": "\n\nselect substringIndex('www.clickhouse.com', '.', materialize(-4));",
            "name": "02798_substring_index.sql"
        },
        {
            "query": "\nselect substringIndex('www.clickhouse.com', '.', materialize(-3));",
            "name": "02798_substring_index.sql"
        },
        {
            "query": "\nselect substringIndex('www.clickhouse.com', '.', materialize(-2));",
            "name": "02798_substring_index.sql"
        },
        {
            "query": "\nselect substringIndex('www.clickhouse.com', '.', materialize(-1));",
            "name": "02798_substring_index.sql"
        },
        {
            "query": "\nselect substringIndex('www.clickhouse.com', '.', materialize(0));",
            "name": "02798_substring_index.sql"
        },
        {
            "query": "\nselect substringIndex('www.clickhouse.com', '.', materialize(1));",
            "name": "02798_substring_index.sql"
        },
        {
            "query": "\nselect substringIndex('www.clickhouse.com', '.', materialize(2));",
            "name": "02798_substring_index.sql"
        },
        {
            "query": "\nselect substringIndex('www.clickhouse.com', '.', materialize(3));",
            "name": "02798_substring_index.sql"
        },
        {
            "query": "\nselect substringIndex('www.clickhouse.com', '.', materialize(4));",
            "name": "02798_substring_index.sql"
        },
        {
            "query": "\n\nselect SUBSTRING_INDEX('www.clickhouse.com', '.', 2);",
            "name": "02798_substring_index.sql"
        },
        {
            "query": "\n\nselect substringIndex('www.clickhouse.com', '..', 2);",
            "name": "02798_substring_index.sql"
        },
        {
            "query": " -- { serverError BAD_ARGUMENTS }\nselect substringIndex('www.clickhouse.com', '', 2);",
            "name": "02798_substring_index.sql"
        },
        {
            "query": " -- { serverError BAD_ARGUMENTS }\nselect substringIndex('www.clickhouse.com', materialize('.'), 2);",
            "name": "02798_substring_index.sql"
        },
        {
            "query": " -- { serverError ILLEGAL_COLUMN }\nselect substringIndex('www.clickhouse.com', '.', cast(2 as Int128));",
            "name": "02798_substring_index.sql"
        },
        {
            "query": " -- { serverError ILLEGAL_TYPE_OF_ARGUMENT }\n\nselect substringIndexUTF8('\u5bcc\u5f3a\uff0c\u6c11\u4e3b\uff0c\u6587\u660e', '\uff0c', -4);",
            "name": "02798_substring_index.sql"
        },
        {
            "query": "\nselect substringIndexUTF8('\u5bcc\u5f3a\uff0c\u6c11\u4e3b\uff0c\u6587\u660e', '\uff0c', -3);",
            "name": "02798_substring_index.sql"
        },
        {
            "query": "\nselect substringIndexUTF8('\u5bcc\u5f3a\uff0c\u6c11\u4e3b\uff0c\u6587\u660e', '\uff0c', -2);",
            "name": "02798_substring_index.sql"
        },
        {
            "query": "\nselect substringIndexUTF8('\u5bcc\u5f3a\uff0c\u6c11\u4e3b\uff0c\u6587\u660e', '\uff0c', -1);",
            "name": "02798_substring_index.sql"
        },
        {
            "query": "\nselect substringIndexUTF8('\u5bcc\u5f3a\uff0c\u6c11\u4e3b\uff0c\u6587\u660e', '\uff0c', 0);",
            "name": "02798_substring_index.sql"
        },
        {
            "query": "\nselect substringIndexUTF8('\u5bcc\u5f3a\uff0c\u6c11\u4e3b\uff0c\u6587\u660e', '\uff0c', 1);",
            "name": "02798_substring_index.sql"
        },
        {
            "query": "\nselect substringIndexUTF8('\u5bcc\u5f3a\uff0c\u6c11\u4e3b\uff0c\u6587\u660e', '\uff0c', 2);",
            "name": "02798_substring_index.sql"
        },
        {
            "query": "\nselect substringIndexUTF8('\u5bcc\u5f3a\uff0c\u6c11\u4e3b\uff0c\u6587\u660e', '\uff0c', 3);",
            "name": "02798_substring_index.sql"
        },
        {
            "query": "\nselect substringIndexUTF8('\u5bcc\u5f3a\uff0c\u6c11\u4e3b\uff0c\u6587\u660e', '\uff0c', 4);",
            "name": "02798_substring_index.sql"
        },
        {
            "query": "\n\nselect substringIndexUTF8(materialize('\u5bcc\u5f3a\uff0c\u6c11\u4e3b\uff0c\u6587\u660e'), '\uff0c', -4);",
            "name": "02798_substring_index.sql"
        },
        {
            "query": "\nselect substringIndexUTF8(materialize('\u5bcc\u5f3a\uff0c\u6c11\u4e3b\uff0c\u6587\u660e'), '\uff0c', -3);",
            "name": "02798_substring_index.sql"
        },
        {
            "query": "\nselect substringIndexUTF8(materialize('\u5bcc\u5f3a\uff0c\u6c11\u4e3b\uff0c\u6587\u660e'), '\uff0c', -2);",
            "name": "02798_substring_index.sql"
        },
        {
            "query": "\nselect substringIndexUTF8(materialize('\u5bcc\u5f3a\uff0c\u6c11\u4e3b\uff0c\u6587\u660e'), '\uff0c', -1);",
            "name": "02798_substring_index.sql"
        },
        {
            "query": "\nselect substringIndexUTF8(materialize('\u5bcc\u5f3a\uff0c\u6c11\u4e3b\uff0c\u6587\u660e'), '\uff0c', 0);",
            "name": "02798_substring_index.sql"
        },
        {
            "query": "\nselect substringIndexUTF8(materialize('\u5bcc\u5f3a\uff0c\u6c11\u4e3b\uff0c\u6587\u660e'), '\uff0c', 1);",
            "name": "02798_substring_index.sql"
        },
        {
            "query": "\nselect substringIndexUTF8(materialize('\u5bcc\u5f3a\uff0c\u6c11\u4e3b\uff0c\u6587\u660e'), '\uff0c', 2);",
            "name": "02798_substring_index.sql"
        },
        {
            "query": "\nselect substringIndexUTF8(materialize('\u5bcc\u5f3a\uff0c\u6c11\u4e3b\uff0c\u6587\u660e'), '\uff0c', 3);",
            "name": "02798_substring_index.sql"
        },
        {
            "query": "\nselect substringIndexUTF8(materialize('\u5bcc\u5f3a\uff0c\u6c11\u4e3b\uff0c\u6587\u660e'), '\uff0c', 4);",
            "name": "02798_substring_index.sql"
        },
        {
            "query": "\n\nselect substringIndexUTF8('\u5bcc\u5f3a\uff0c\u6c11\u4e3b\uff0c\u6587\u660e', '\uff0c', materialize(-4));",
            "name": "02798_substring_index.sql"
        },
        {
            "query": "\nselect substringIndexUTF8('\u5bcc\u5f3a\uff0c\u6c11\u4e3b\uff0c\u6587\u660e', '\uff0c', materialize(-3));",
            "name": "02798_substring_index.sql"
        },
        {
            "query": "\nselect substringIndexUTF8('\u5bcc\u5f3a\uff0c\u6c11\u4e3b\uff0c\u6587\u660e', '\uff0c', materialize(-2));",
            "name": "02798_substring_index.sql"
        },
        {
            "query": "\nselect substringIndexUTF8('\u5bcc\u5f3a\uff0c\u6c11\u4e3b\uff0c\u6587\u660e', '\uff0c', materialize(-1));",
            "name": "02798_substring_index.sql"
        },
        {
            "query": "\nselect substringIndexUTF8('\u5bcc\u5f3a\uff0c\u6c11\u4e3b\uff0c\u6587\u660e', '\uff0c', materialize(0));",
            "name": "02798_substring_index.sql"
        },
        {
            "query": "\nselect substringIndexUTF8('\u5bcc\u5f3a\uff0c\u6c11\u4e3b\uff0c\u6587\u660e', '\uff0c', materialize(1));",
            "name": "02798_substring_index.sql"
        },
        {
            "query": "\nselect substringIndexUTF8('\u5bcc\u5f3a\uff0c\u6c11\u4e3b\uff0c\u6587\u660e', '\uff0c', materialize(2));",
            "name": "02798_substring_index.sql"
        },
        {
            "query": "\nselect substringIndexUTF8('\u5bcc\u5f3a\uff0c\u6c11\u4e3b\uff0c\u6587\u660e', '\uff0c', materialize(3));",
            "name": "02798_substring_index.sql"
        },
        {
            "query": "\nselect substringIndexUTF8('\u5bcc\u5f3a\uff0c\u6c11\u4e3b\uff0c\u6587\u660e', '\uff0c', materialize(4));",
            "name": "02798_substring_index.sql"
        },
        {
            "query": "\n\nselect substringIndexUTF8(materialize('\u5bcc\u5f3a\uff0c\u6c11\u4e3b\uff0c\u6587\u660e'), '\uff0c', materialize(-4));",
            "name": "02798_substring_index.sql"
        },
        {
            "query": "\nselect substringIndexUTF8(materialize('\u5bcc\u5f3a\uff0c\u6c11\u4e3b\uff0c\u6587\u660e'), '\uff0c', materialize(-3));",
            "name": "02798_substring_index.sql"
        },
        {
            "query": "\nselect substringIndexUTF8(materialize('\u5bcc\u5f3a\uff0c\u6c11\u4e3b\uff0c\u6587\u660e'), '\uff0c', materialize(-2));",
            "name": "02798_substring_index.sql"
        },
        {
            "query": "\nselect substringIndexUTF8(materialize('\u5bcc\u5f3a\uff0c\u6c11\u4e3b\uff0c\u6587\u660e'), '\uff0c', materialize(-1));",
            "name": "02798_substring_index.sql"
        },
        {
            "query": "\nselect substringIndexUTF8(materialize('\u5bcc\u5f3a\uff0c\u6c11\u4e3b\uff0c\u6587\u660e'), '\uff0c', materialize(0));",
            "name": "02798_substring_index.sql"
        },
        {
            "query": "\nselect substringIndexUTF8(materialize('\u5bcc\u5f3a\uff0c\u6c11\u4e3b\uff0c\u6587\u660e'), '\uff0c', materialize(1));",
            "name": "02798_substring_index.sql"
        },
        {
            "query": "\nselect substringIndexUTF8(materialize('\u5bcc\u5f3a\uff0c\u6c11\u4e3b\uff0c\u6587\u660e'), '\uff0c', materialize(2));",
            "name": "02798_substring_index.sql"
        },
        {
            "query": "\nselect substringIndexUTF8(materialize('\u5bcc\u5f3a\uff0c\u6c11\u4e3b\uff0c\u6587\u660e'), '\uff0c', materialize(3));",
            "name": "02798_substring_index.sql"
        },
        {
            "query": "\nselect substringIndexUTF8(materialize('\u5bcc\u5f3a\uff0c\u6c11\u4e3b\uff0c\u6587\u660e'), '\uff0c', materialize(4));",
            "name": "02798_substring_index.sql"
        },
        {
            "query": "\n\nselect substringIndexUTF8('\u5bcc\u5f3a\uff0c\u6c11\u4e3b\uff0c\u6587\u660e', '\uff0c\uff0c', 2);",
            "name": "02798_substring_index.sql"
        },
        {
            "query": " -- { serverError BAD_ARGUMENTS }\nselect substringIndexUTF8('\u5bcc\u5f3a\uff0c\u6c11\u4e3b\uff0c\u6587\u660e', '', 2);",
            "name": "02798_substring_index.sql"
        },
        {
            "query": " -- { serverError BAD_ARGUMENTS }\nselect substringIndexUTF8('\u5bcc\u5f3a\uff0c\u6c11\u4e3b\uff0c\u6587\u660e', materialize('\uff0c'), 2);",
            "name": "02798_substring_index.sql"
        },
        {
            "query": " -- { serverError ILLEGAL_COLUMN }\nselect substringIndexUTF8('\u5bcc\u5f3a\uff0c\u6c11\u4e3b\uff0c\u6587\u660e', '\uff0c', cast(2 as Int128));",
            "name": "02798_substring_index.sql"
        },
        {
            "query": " -- { serverError ILLEGAL_TYPE_OF_ARGUMENT }\n-- { echoOff }\n;",
            "name": "02798_substring_index.sql"
        }
    ]
}