{
    "name": "02017_columns_with_dot.sql",
    "tests": [
        {
            "query": "DROP TABLE IF EXISTS t_with_dots;",
            "name": "02017_columns_with_dot.sql"
        },
        {
            "query": "\nCREATE TABLE t_with_dots (id UInt32, arr Array(UInt32), `b.id` UInt32, `b.arr` Array(UInt32)) ENGINE = Log;",
            "name": "02017_columns_with_dot.sql"
        },
        {
            "query": "\n\nINSERT INTO t_with_dots VALUES (1, [0, 0], 2, [1, 1, 3]);",
            "name": "02017_columns_with_dot.sql"
        },
        {
            "query": "\nSELECT * FROM t_with_dots;",
            "name": "02017_columns_with_dot.sql"
        },
        {
            "query": "\n\nDROP TABLE t_with_dots;",
            "name": "02017_columns_with_dot.sql"
        },
        {
            "query": "\n\nCREATE TABLE t_with_dots (id UInt32, arr Array(UInt32), `b.id` UInt32, `b.arr` Array(UInt32))\nENGINE = MergeTree ORDER BY id;",
            "name": "02017_columns_with_dot.sql"
        },
        {
            "query": "\n\nINSERT INTO t_with_dots VALUES (1, [0, 0], 2, [1, 1, 3]);",
            "name": "02017_columns_with_dot.sql"
        },
        {
            "query": "\nSELECT * FROM t_with_dots;",
            "name": "02017_columns_with_dot.sql"
        },
        {
            "query": "\n\nDROP TABLE t_with_dots;",
            "name": "02017_columns_with_dot.sql"
        },
        {
            "query": "\n\nCREATE TABLE t_with_dots (id UInt32, arr Array(UInt32), `b.id` UInt32, `b.arr` Array(UInt32))\nENGINE = MergeTree ORDER BY id\nSETTINGS min_bytes_for_wide_part = 0;",
            "name": "02017_columns_with_dot.sql"
        },
        {
            "query": "\n\nINSERT INTO t_with_dots VALUES (1, [0, 0], 2, [1, 1, 3]);",
            "name": "02017_columns_with_dot.sql"
        },
        {
            "query": "\nSELECT * FROM t_with_dots;",
            "name": "02017_columns_with_dot.sql"
        },
        {
            "query": "\n\nDROP TABLE t_with_dots;",
            "name": "02017_columns_with_dot.sql"
        }
    ]
}