{
    "name": "01496_signedness_conversion_monotonicity.sql",
    "tests": [
        {
            "query": "drop table if exists test1;",
            "name": "01496_signedness_conversion_monotonicity.sql"
        },
        {
            "query": "\n\ncreate table test1 (i Int64) engine MergeTree order by i;",
            "name": "01496_signedness_conversion_monotonicity.sql"
        },
        {
            "query": "\n\ninsert into test1 values (53), (1777), (53284);",
            "name": "01496_signedness_conversion_monotonicity.sql"
        },
        {
            "query": "\n\nselect count() from test1 where toInt16(i) = 1777;",
            "name": "01496_signedness_conversion_monotonicity.sql"
        },
        {
            "query": "\n\ndrop table if exists test1;",
            "name": "01496_signedness_conversion_monotonicity.sql"
        }
    ]
}