{
    "name": "00907_set_index_with_nullable_and_low_cardinality_bug.sql",
    "tests": [
        {
            "query": "\ndrop table if exists null_lc_set_index;",
            "name": "00907_set_index_with_nullable_and_low_cardinality_bug.sql"
        },
        {
            "query": "\n\nCREATE TABLE null_lc_set_index (\n  timestamp         DateTime,\n  action            LowCardinality(Nullable(String)),\n  user              LowCardinality(Nullable(String)),\n  INDEX test_user_idx (user) TYPE set(0) GRANULARITY 8192\n) ENGINE=MergeTree\n  PARTITION BY toYYYYMMDD(timestamp)\n  ORDER BY (timestamp, action, cityHash64(user)) SETTINGS allow_nullable_key = 1;",
            "name": "00907_set_index_with_nullable_and_low_cardinality_bug.sql"
        },
        {
            "query": "\nINSERT INTO null_lc_set_index VALUES (1550883010, 'subscribe', 'alice');",
            "name": "00907_set_index_with_nullable_and_low_cardinality_bug.sql"
        },
        {
            "query": "\nINSERT INTO null_lc_set_index VALUES (1550883020, 'follow', 'bob');",
            "name": "00907_set_index_with_nullable_and_low_cardinality_bug.sql"
        },
        {
            "query": "\n\nSELECT action, user FROM null_lc_set_index WHERE user = 'alice';",
            "name": "00907_set_index_with_nullable_and_low_cardinality_bug.sql"
        },
        {
            "query": "\n\ndrop table if exists null_lc_set_index;",
            "name": "00907_set_index_with_nullable_and_low_cardinality_bug.sql"
        }
    ]
}