{
    "name": "00264_uniq_many_args.sql",
    "tests": [
        {
            "query": "SELECT\n    uniq(x), uniq((x)), uniq(x, y), uniq((x, y)), uniq(x, y, z), uniq((x, y, z)),\n    uniqCombined(x), uniqCombined((x)), uniqCombined(x, y), uniqCombined((x, y)), uniqCombined(x, y, z), uniqCombined((x, y, z)),\n    uniqCombined(17)(x), uniqCombined(17)((x)), uniqCombined(17)(x, y), uniqCombined(17)((x, y)), uniqCombined(17)(x, y, z), uniqCombined(17)((x, y, z)),\n    uniqHLL12(x), uniqHLL12((x)), uniqHLL12(x, y), uniqHLL12((x, y)), uniqHLL12(x, y, z), uniqHLL12((x, y, z)),\n    uniqExact(x), uniqExact((x)), uniqExact(x, y), uniqExact((x, y)), uniqExact(x, y, z), uniqExact((x, y, z)),\n    uniqUpTo(5)(x), uniqUpTo(5)((x)), uniqUpTo(5)(x, y), uniqUpTo(5)((x, y)), uniqUpTo(5)(x, y, z), uniqUpTo(5)((x, y, z))\nFROM\n(\n    SELECT\n        number % 10 AS x,\n        intDiv(number, 10) % 10 AS y,\n        toString(intDiv(number, 100) % 10) AS z\n    FROM system.numbers LIMIT 1000\n);",
            "name": "00264_uniq_many_args.sql"
        },
        {
            "query": "\n\n\nSELECT k,\n    uniq(x), uniq((x)), uniq(x, y), uniq((x, y)), uniq(x, y, z), uniq((x, y, z)),\n    uniqCombined(x), uniqCombined((x)), uniqCombined(x, y), uniqCombined((x, y)), uniqCombined(x, y, z), uniqCombined((x, y, z)),\n    uniqCombined(17)(x), uniqCombined(17)((x)), uniqCombined(17)(x, y), uniqCombined(17)((x, y)), uniqCombined(17)(x, y, z), uniqCombined(17)((x, y, z)),\n    uniqHLL12(x), uniqHLL12((x)), uniqHLL12(x, y), uniqHLL12((x, y)), uniqHLL12(x, y, z), uniqHLL12((x, y, z)),\n    uniqExact(x), uniqExact((x)), uniqExact(x, y), uniqExact((x, y)), uniqExact(x, y, z), uniqExact((x, y, z)),\n    uniqUpTo(5)(x), uniqUpTo(5)((x)), uniqUpTo(5)(x, y), uniqUpTo(5)((x, y)), uniqUpTo(5)(x, y, z), uniqUpTo(5)((x, y, z)),\n    count() AS c\nFROM\n(\n    SELECT\n        (number + 0x8ffcbd8257219a26) * 0x66bb3430c06d2353 % 131 AS k,\n        number % 10 AS x,\n        intDiv(number, 10) % 10 AS y,\n        toString(intDiv(number, 100) % 10) AS z\n    FROM system.numbers LIMIT 100000\n)\nGROUP BY k\nORDER BY c DESC, k ASC\nLIMIT 10;",
            "name": "00264_uniq_many_args.sql"
        }
    ]
}