{
    "name": "02477_age_date32.sql",
    "tests": [
        {
            "query": "-- { echo }\n\n-- Date32 vs Date32\nSELECT age('second', toDate32('1927-01-01', 'UTC'), toDate32('1927-01-02', 'UTC'), 'UTC');",
            "name": "02477_age_date32.sql"
        },
        {
            "query": "\nSELECT age('minute', toDate32('1927-01-01', 'UTC'), toDate32('1927-01-02', 'UTC'), 'UTC');",
            "name": "02477_age_date32.sql"
        },
        {
            "query": "\nSELECT age('hour', toDate32('1927-01-01', 'UTC'), toDate32('1927-01-02', 'UTC'), 'UTC');",
            "name": "02477_age_date32.sql"
        },
        {
            "query": "\nSELECT age('day', toDate32('1927-01-01', 'UTC'), toDate32('1927-01-02', 'UTC'), 'UTC');",
            "name": "02477_age_date32.sql"
        },
        {
            "query": "\nSELECT age('week', toDate32('1927-01-01', 'UTC'), toDate32('1927-01-08', 'UTC'), 'UTC');",
            "name": "02477_age_date32.sql"
        },
        {
            "query": "\nSELECT age('month', toDate32('1927-01-01', 'UTC'), toDate32('1927-02-01', 'UTC'), 'UTC');",
            "name": "02477_age_date32.sql"
        },
        {
            "query": "\nSELECT age('quarter', toDate32('1927-01-01', 'UTC'), toDate32('1927-04-01', 'UTC'), 'UTC');",
            "name": "02477_age_date32.sql"
        },
        {
            "query": "\nSELECT age('year', toDate32('1927-01-01', 'UTC'), toDate32('1928-01-01', 'UTC'), 'UTC');",
            "name": "02477_age_date32.sql"
        },
        {
            "query": "\n\n-- With DateTime64\n-- Date32 vs DateTime64\nSELECT age('second', toDate32('1927-01-01', 'UTC'), toDateTime64('1927-01-02 00:00:00', 3, 'UTC'), 'UTC');",
            "name": "02477_age_date32.sql"
        },
        {
            "query": "\nSELECT age('minute', toDate32('1927-01-01', 'UTC'), toDateTime64('1927-01-02 00:00:00', 3, 'UTC'), 'UTC');",
            "name": "02477_age_date32.sql"
        },
        {
            "query": "\nSELECT age('hour', toDate32('1927-01-01', 'UTC'), toDateTime64('1927-01-02 00:00:00', 3, 'UTC'), 'UTC');",
            "name": "02477_age_date32.sql"
        },
        {
            "query": "\nSELECT age('day', toDate32('1927-01-01', 'UTC'), toDateTime64('1927-01-02 00:00:00', 3, 'UTC'), 'UTC');",
            "name": "02477_age_date32.sql"
        },
        {
            "query": "\nSELECT age('week', toDate32('1927-01-01', 'UTC'), toDateTime64('1927-01-08 00:00:00', 3, 'UTC'), 'UTC');",
            "name": "02477_age_date32.sql"
        },
        {
            "query": "\nSELECT age('month', toDate32('1927-01-01', 'UTC'), toDateTime64('1927-02-01 00:00:00', 3, 'UTC'), 'UTC');",
            "name": "02477_age_date32.sql"
        },
        {
            "query": "\nSELECT age('quarter', toDate32('1927-01-01', 'UTC'), toDateTime64('1927-04-01 00:00:00', 3, 'UTC'), 'UTC');",
            "name": "02477_age_date32.sql"
        },
        {
            "query": "\nSELECT age('year', toDate32('1927-01-01', 'UTC'), toDateTime64('1928-01-01 00:00:00', 3, 'UTC'), 'UTC');",
            "name": "02477_age_date32.sql"
        },
        {
            "query": "\n\n-- DateTime64 vs Date32\nSELECT age('second', toDateTime64('1927-01-01 00:00:00', 3, 'UTC'), toDate32('1927-01-02', 'UTC'), 'UTC');",
            "name": "02477_age_date32.sql"
        },
        {
            "query": "\nSELECT age('minute', toDateTime64('1927-01-01 00:00:00', 3, 'UTC'), toDate32('1927-01-02', 'UTC'), 'UTC');",
            "name": "02477_age_date32.sql"
        },
        {
            "query": "\nSELECT age('hour', toDateTime64('1927-01-01 00:00:00', 3, 'UTC'), toDate32('1927-01-02', 'UTC'), 'UTC');",
            "name": "02477_age_date32.sql"
        },
        {
            "query": "\nSELECT age('day', toDateTime64('1927-01-01 00:00:00', 3, 'UTC'), toDate32('1927-01-02', 'UTC'), 'UTC');",
            "name": "02477_age_date32.sql"
        },
        {
            "query": "\nSELECT age('week', toDateTime64('1927-01-01 00:00:00', 3, 'UTC'), toDate32('1927-01-08', 'UTC'), 'UTC');",
            "name": "02477_age_date32.sql"
        },
        {
            "query": "\nSELECT age('month', toDateTime64('1927-01-01 00:00:00', 3, 'UTC'), toDate32('1927-02-01', 'UTC'), 'UTC');",
            "name": "02477_age_date32.sql"
        },
        {
            "query": "\nSELECT age('quarter', toDateTime64('1927-01-01 00:00:00', 3, 'UTC'), toDate32('1927-04-01', 'UTC'), 'UTC');",
            "name": "02477_age_date32.sql"
        },
        {
            "query": "\nSELECT age('year', toDateTime64('1927-01-01 00:00:00', 3, 'UTC'), toDate32('1928-01-01', 'UTC'), 'UTC');",
            "name": "02477_age_date32.sql"
        },
        {
            "query": "\n\n-- With DateTime\n-- Date32 vs DateTime\nSELECT age('second', toDate32('2015-08-18', 'UTC'), toDateTime('2015-08-19 00:00:00', 'UTC'), 'UTC');",
            "name": "02477_age_date32.sql"
        },
        {
            "query": "\nSELECT age('minute', toDate32('2015-08-18', 'UTC'), toDateTime('2015-08-19 00:00:00', 'UTC'), 'UTC');",
            "name": "02477_age_date32.sql"
        },
        {
            "query": "\nSELECT age('hour', toDate32('2015-08-18', 'UTC'), toDateTime('2015-08-19 00:00:00', 'UTC'), 'UTC');",
            "name": "02477_age_date32.sql"
        },
        {
            "query": "\nSELECT age('day', toDate32('2015-08-18', 'UTC'), toDateTime('2015-08-19 00:00:00', 'UTC'), 'UTC');",
            "name": "02477_age_date32.sql"
        },
        {
            "query": "\nSELECT age('week', toDate32('2015-08-18', 'UTC'), toDateTime('2015-08-25 00:00:00', 'UTC'), 'UTC');",
            "name": "02477_age_date32.sql"
        },
        {
            "query": "\nSELECT age('month', toDate32('2015-08-18', 'UTC'), toDateTime('2015-09-18 00:00:00', 'UTC'), 'UTC');",
            "name": "02477_age_date32.sql"
        },
        {
            "query": "\nSELECT age('quarter', toDate32('2015-08-18', 'UTC'), toDateTime('2015-11-18 00:00:00', 'UTC'), 'UTC');",
            "name": "02477_age_date32.sql"
        },
        {
            "query": "\nSELECT age('year', toDate32('2015-08-18', 'UTC'), toDateTime('2016-08-18 00:00:00', 'UTC'), 'UTC');",
            "name": "02477_age_date32.sql"
        },
        {
            "query": "\n\n-- DateTime vs Date32\nSELECT age('second', toDateTime('2015-08-18 00:00:00', 'UTC'), toDate32('2015-08-19', 'UTC'), 'UTC');",
            "name": "02477_age_date32.sql"
        },
        {
            "query": "\nSELECT age('minute', toDateTime('2015-08-18 00:00:00', 'UTC'), toDate32('2015-08-19', 'UTC'), 'UTC');",
            "name": "02477_age_date32.sql"
        },
        {
            "query": "\nSELECT age('hour', toDateTime('2015-08-18 00:00:00', 'UTC'), toDate32('2015-08-19', 'UTC'), 'UTC');",
            "name": "02477_age_date32.sql"
        },
        {
            "query": "\nSELECT age('day', toDateTime('2015-08-18 00:00:00', 'UTC'), toDate32('2015-08-19', 'UTC'), 'UTC');",
            "name": "02477_age_date32.sql"
        },
        {
            "query": "\nSELECT age('week', toDateTime('2015-08-18 00:00:00', 'UTC'), toDate32('2015-08-25', 'UTC'), 'UTC');",
            "name": "02477_age_date32.sql"
        },
        {
            "query": "\nSELECT age('month', toDateTime('2015-08-18 00:00:00', 'UTC'), toDate32('2015-09-18', 'UTC'), 'UTC');",
            "name": "02477_age_date32.sql"
        },
        {
            "query": "\nSELECT age('quarter', toDateTime('2015-08-18 00:00:00', 'UTC'), toDate32('2015-11-18', 'UTC'), 'UTC');",
            "name": "02477_age_date32.sql"
        },
        {
            "query": "\nSELECT age('year', toDateTime('2015-08-18 00:00:00', 'UTC'), toDate32('2016-08-18', 'UTC'), 'UTC');",
            "name": "02477_age_date32.sql"
        },
        {
            "query": "\n\n-- With Date\n-- Date32 vs Date\nSELECT age('second', toDate32('2015-08-18', 'UTC'), toDate('2015-08-19', 'UTC'), 'UTC');",
            "name": "02477_age_date32.sql"
        },
        {
            "query": "\nSELECT age('minute', toDate32('2015-08-18', 'UTC'), toDate('2015-08-19', 'UTC'), 'UTC');",
            "name": "02477_age_date32.sql"
        },
        {
            "query": "\nSELECT age('hour', toDate32('2015-08-18', 'UTC'), toDate('2015-08-19', 'UTC'), 'UTC');",
            "name": "02477_age_date32.sql"
        },
        {
            "query": "\nSELECT age('day', toDate32('2015-08-18', 'UTC'), toDate('2015-08-19', 'UTC'), 'UTC');",
            "name": "02477_age_date32.sql"
        },
        {
            "query": "\nSELECT age('week', toDate32('2015-08-18', 'UTC'), toDate('2015-08-25', 'UTC'), 'UTC');",
            "name": "02477_age_date32.sql"
        },
        {
            "query": "\nSELECT age('month', toDate32('2015-08-18', 'UTC'), toDate('2015-09-18', 'UTC'), 'UTC');",
            "name": "02477_age_date32.sql"
        },
        {
            "query": "\nSELECT age('quarter', toDate32('2015-08-18', 'UTC'), toDate('2015-11-18', 'UTC'), 'UTC');",
            "name": "02477_age_date32.sql"
        },
        {
            "query": "\nSELECT age('year', toDate32('2015-08-18', 'UTC'), toDate('2016-08-18', 'UTC'), 'UTC');",
            "name": "02477_age_date32.sql"
        },
        {
            "query": "\n\n-- Date vs Date32\nSELECT age('second', toDate('2015-08-18', 'UTC'), toDate32('2015-08-19', 'UTC'), 'UTC');",
            "name": "02477_age_date32.sql"
        },
        {
            "query": "\nSELECT age('minute', toDate('2015-08-18', 'UTC'), toDate32('2015-08-19', 'UTC'), 'UTC');",
            "name": "02477_age_date32.sql"
        },
        {
            "query": "\nSELECT age('hour', toDate('2015-08-18', 'UTC'), toDate32('2015-08-19', 'UTC'), 'UTC');",
            "name": "02477_age_date32.sql"
        },
        {
            "query": "\nSELECT age('day', toDate('2015-08-18', 'UTC'), toDate32('2015-08-19', 'UTC'), 'UTC');",
            "name": "02477_age_date32.sql"
        },
        {
            "query": "\nSELECT age('week', toDate('2015-08-18', 'UTC'), toDate32('2015-08-25', 'UTC'), 'UTC');",
            "name": "02477_age_date32.sql"
        },
        {
            "query": "\nSELECT age('month', toDate('2015-08-18', 'UTC'), toDate32('2015-09-18', 'UTC'), 'UTC');",
            "name": "02477_age_date32.sql"
        },
        {
            "query": "\nSELECT age('quarter', toDate('2015-08-18', 'UTC'), toDate32('2015-11-18', 'UTC'), 'UTC');",
            "name": "02477_age_date32.sql"
        },
        {
            "query": "\nSELECT age('year', toDate('2015-08-18', 'UTC'), toDate32('2016-08-18', 'UTC'), 'UTC');",
            "name": "02477_age_date32.sql"
        },
        {
            "query": "\n\n-- Const vs non-const columns\nSELECT age('day', toDate32('1927-01-01', 'UTC'), materialize(toDate32('1927-01-02', 'UTC')), 'UTC');",
            "name": "02477_age_date32.sql"
        },
        {
            "query": "\nSELECT age('day', toDate32('1927-01-01', 'UTC'), materialize(toDateTime64('1927-01-02 00:00:00', 3, 'UTC')), 'UTC');",
            "name": "02477_age_date32.sql"
        },
        {
            "query": "\nSELECT age('day', toDateTime64('1927-01-01 00:00:00', 3, 'UTC'), materialize(toDate32('1927-01-02', 'UTC')), 'UTC');",
            "name": "02477_age_date32.sql"
        },
        {
            "query": "\nSELECT age('day', toDate32('2015-08-18', 'UTC'), materialize(toDateTime('2015-08-19 00:00:00', 'UTC')), 'UTC');",
            "name": "02477_age_date32.sql"
        },
        {
            "query": "\nSELECT age('day', toDateTime('2015-08-18 00:00:00', 'UTC'), materialize(toDate32('2015-08-19', 'UTC')), 'UTC');",
            "name": "02477_age_date32.sql"
        },
        {
            "query": "\nSELECT age('day', toDate32('2015-08-18', 'UTC'), materialize(toDate('2015-08-19', 'UTC')), 'UTC');",
            "name": "02477_age_date32.sql"
        },
        {
            "query": "\nSELECT age('day', toDate('2015-08-18', 'UTC'), materialize(toDate32('2015-08-19', 'UTC')), 'UTC');",
            "name": "02477_age_date32.sql"
        },
        {
            "query": "\n\n-- Non-const vs const columns\nSELECT age('day', materialize(toDate32('1927-01-01', 'UTC')), toDate32('1927-01-02', 'UTC'), 'UTC');",
            "name": "02477_age_date32.sql"
        },
        {
            "query": "\nSELECT age('day', materialize(toDate32('1927-01-01', 'UTC')), toDateTime64('1927-01-02 00:00:00', 3, 'UTC'), 'UTC');",
            "name": "02477_age_date32.sql"
        },
        {
            "query": "\nSELECT age('day', materialize(toDateTime64('1927-01-01 00:00:00', 3, 'UTC')), toDate32('1927-01-02', 'UTC'), 'UTC');",
            "name": "02477_age_date32.sql"
        },
        {
            "query": "\nSELECT age('day', materialize(toDate32('2015-08-18', 'UTC')), toDateTime('2015-08-19 00:00:00', 'UTC'), 'UTC');",
            "name": "02477_age_date32.sql"
        },
        {
            "query": "\nSELECT age('day', materialize(toDateTime('2015-08-18 00:00:00', 'UTC')), toDate32('2015-08-19', 'UTC'), 'UTC');",
            "name": "02477_age_date32.sql"
        },
        {
            "query": "\nSELECT age('day', materialize(toDate32('2015-08-18', 'UTC')), toDate('2015-08-19', 'UTC'), 'UTC');",
            "name": "02477_age_date32.sql"
        },
        {
            "query": "\nSELECT age('day', materialize(toDate('2015-08-18', 'UTC')), toDate32('2015-08-19', 'UTC'), 'UTC');",
            "name": "02477_age_date32.sql"
        },
        {
            "query": "\n\n-- Non-const vs non-const columns\nSELECT age('day', materialize(toDate32('1927-01-01', 'UTC')), materialize(toDate32('1927-01-02', 'UTC')), 'UTC');",
            "name": "02477_age_date32.sql"
        },
        {
            "query": "\nSELECT age('day', materialize(toDate32('1927-01-01', 'UTC')), materialize(toDateTime64('1927-01-02 00:00:00', 3, 'UTC')), 'UTC');",
            "name": "02477_age_date32.sql"
        },
        {
            "query": "\nSELECT age('day', materialize(toDateTime64('1927-01-01 00:00:00', 3, 'UTC')), materialize(toDate32('1927-01-02', 'UTC')), 'UTC');",
            "name": "02477_age_date32.sql"
        },
        {
            "query": "\nSELECT age('day', materialize(toDate32('2015-08-18', 'UTC')), materialize(toDateTime('2015-08-19 00:00:00', 'UTC')), 'UTC');",
            "name": "02477_age_date32.sql"
        },
        {
            "query": "\nSELECT age('day', materialize(toDateTime('2015-08-18 00:00:00', 'UTC')), materialize(toDate32('2015-08-19', 'UTC')), 'UTC');",
            "name": "02477_age_date32.sql"
        },
        {
            "query": "\nSELECT age('day', materialize(toDate32('2015-08-18', 'UTC')), materialize(toDate('2015-08-19', 'UTC')), 'UTC');",
            "name": "02477_age_date32.sql"
        },
        {
            "query": "\nSELECT age('day', materialize(toDate('2015-08-18', 'UTC')), materialize(toDate32('2015-08-19', 'UTC')), 'UTC');",
            "name": "02477_age_date32.sql"
        }
    ]
}