{
    "name": "02100_replaceRegexpAll_bug.sql",
    "tests": [
        {
            "query": "SELECT 'aaaabb ' == trim(leading 'b ' FROM 'b aaaabb ') x;",
            "name": "02100_replaceRegexpAll_bug.sql"
        },
        {
            "query": "\nSELECT 'b aaaa' == trim(trailing 'b ' FROM 'b aaaabb ') x;",
            "name": "02100_replaceRegexpAll_bug.sql"
        },
        {
            "query": "\nSELECT 'aaaa' == trim(both 'b ' FROM 'b aaaabb ') x;",
            "name": "02100_replaceRegexpAll_bug.sql"
        },
        {
            "query": "\n\nSELECT '1' == replaceRegexpAll(',,1,,', '^[,]*|[,]*$', '') x;",
            "name": "02100_replaceRegexpAll_bug.sql"
        },
        {
            "query": "\nSELECT '1' == replaceRegexpAll(',,1', '^[,]*|[,]*$', '') x;",
            "name": "02100_replaceRegexpAll_bug.sql"
        },
        {
            "query": "\nSELECT '1' == replaceRegexpAll('1,,', '^[,]*|[,]*$', '') x;",
            "name": "02100_replaceRegexpAll_bug.sql"
        },
        {
            "query": "\n\nSELECT '1,,' == replaceRegexpOne(',,1,,', '^[,]*|[,]*$', '') x;",
            "name": "02100_replaceRegexpAll_bug.sql"
        },
        {
            "query": "\nSELECT '1' == replaceRegexpOne(',,1', '^[,]*|[,]*$', '') x;",
            "name": "02100_replaceRegexpAll_bug.sql"
        },
        {
            "query": "\nSELECT '1,,' == replaceRegexpOne('1,,', '^[,]*|[,]*$', '') x;",
            "name": "02100_replaceRegexpAll_bug.sql"
        },
        {
            "query": "\n\nSELECT '5935,5998,6014' == trim(BOTH ', ' FROM '5935,5998,6014, ') x;",
            "name": "02100_replaceRegexpAll_bug.sql"
        },
        {
            "query": "\nSELECT '5935,5998,6014' == replaceRegexpAll('5935,5998,6014, ', concat('^[', regexpQuoteMeta(', '), ']*|[', regexpQuoteMeta(', '), ']*$'), '') AS x;",
            "name": "02100_replaceRegexpAll_bug.sql"
        },
        {
            "query": "\n\nSELECT trim(BOTH '\"' FROM '2') == '2'\n;",
            "name": "02100_replaceRegexpAll_bug.sql"
        }
    ]
}