{
    "name": "02841_with_clause_resolve.sql",
    "tests": [
        {
            "query": "set allow_experimental_analyzer = 1;",
            "name": "02841_with_clause_resolve.sql"
        },
        {
            "query": "\n\nWITH\n    -- Input\n    44100 AS sample_frequency\n    , number AS tick\n    , tick / sample_frequency AS time\n    \n    -- Delay\n    , (time, wave, delay_, decay, count) -> arraySum(n1 -> wave(time - delay_ * n1), range(count)) AS delay\n\n    , delay(time, (time -> 0.5), 0.2, 0.5, 5) AS kick\n    \nSELECT\n\n    kick\n\nFROM system.numbers\nLIMIT 5;",
            "name": "02841_with_clause_resolve.sql"
        },
        {
            "query": "\n\nWITH\n    -- Input\n    44100 AS sample_frequency\n    , number AS tick\n    , tick / sample_frequency AS time\n    \n    -- Output control\n    , 1 AS master_volume\n    , level -> least(1.0, greatest(-1.0, level)) AS clamp\n    , level -> (clamp(level) * 0x7FFF * master_volume)::Int16 AS output\n    , x -> (x, x) AS mono\n    \n    -- Basic waves\n    , time -> sin(time * 2 * pi()) AS sine_wave\n    , time -> time::UInt64 % 2 * 2 - 1 AS square_wave\n    , time -> (time - floor(time)) * 2 - 1 AS sawtooth_wave\n    , time -> abs(sawtooth_wave(time)) * 2 - 1 AS triangle_wave\n    \n    -- Helpers\n    , (from, to, wave, time) -> from + ((wave(time) + 1) / 2) * (to - from) AS lfo\n    , (from, to, steps, time) -> from + floor((time - floor(time)) * steps) / steps * (to - from) AS step_lfo\n    , (from, to, steps, time) -> exp(step_lfo(log(from), log(to), steps, time)) AS exp_step_lfo\n    \n    -- Noise\n    , time -> cityHash64(time) / 0xFFFFFFFFFFFFFFFF AS uniform_noise\n    , time -> erf(uniform_noise(time)) AS white_noise\n    , time -> cityHash64(time) % 2 ? 1 : -1 AS bernoulli_noise\n    \n    -- Distortion\n    , (x, amount) -> clamp(x * amount) AS clipping\n    , (x, amount) -> clamp(x > 0 ? pow(x, amount) : -pow(-x, amount)) AS power_distortion\n    , (x, amount) -> round(x * exp2(amount)) / exp2(amount) AS bitcrush\n    , (time, sample_frequency) -> round(time * sample_frequency) / sample_frequency AS desample\n    , (time, wave, amount) -> (time - floor(time) < (1 - amount)) ? wave(time * (1 - amount)) : 0 AS thin\n    , (time, wave, amount) -> wave(floor(time) + pow(time - floor(time), amount)) AS skew\n    \n    -- Combining\n    , (a, b, weight) -> a * (1 - weight) + b * weight AS combine\n    \n    -- Envelopes\n    , (time, offset, attack, hold, release) ->\n        time < offset ? 0\n        : (time < offset + attack                  ? ((time - offset) / attack)\n        : (time < offset + attack + hold           ? 1\n        : (time < offset + attack + hold + release ? (offset + attack + hold + release - time) / release\n        : 0))) AS envelope\n    \n    , (bpm, time, offset, attack, hold, release) ->\n        envelope(\n            time * (bpm / 60) - floor(time * (bpm / 60)),\n            offset,\n            attack,\n            hold,\n            release) AS running_envelope\n    \n    -- Sequencers\n    , (sequence, time) -> sequence[1 + time::UInt64 % length(sequence)] AS sequencer\n    \n    -- Delay\n    , (time, wave, delay, decay, count) -> arraySum(n -> wave(time - delay * n) * pow(decay, n), range(count)) AS delay\n    \n    \n    , delay(time, (time -> power_distortion(sine_wave(time * 80 + sine_wave(time * 2)), lfo(0.5, 1, sine_wave, time / 16))\n            * running_envelope(60, time, 0, 0.0, 0.01, 0.1)),\n            0.2, 0.5, 5) AS kick\n    \nSELECT\n    \n    (output(\n        kick +\n        delay(time, (time ->\n            power_distortion(\n                sine_wave(time * 50 + 1 * sine_wave(time * 100 + 1/4))\n                    * running_envelope(60, time, 0, 0.01, 0.01, 0.1),\n                lfo(1, 0.75, triangle_wave, time / 8))),\n            0.2, 0.5, 10)\n        * lfo(0.5, 1, triangle_wave, time / 7)\n    \n        + delay(time, (time ->\n            power_distortion(\n                sine_wave(time * sequencer([50, 100, 200, 400], time / 2) + 1 * sine_wave(time * sequencer([50, 100, 200], time / 4) + 1/4))\n                    * running_envelope(60, time, 0.5, 0.01, 0.01, 0.1),\n                lfo(1, 0.75, triangle_wave, time / 8))),\n            0.2, 0.5, 10)\n        * lfo(0.5, 1, triangle_wave, 16 + time / 11)\n    \n        + delay(time, (time ->\n            white_noise(time) * running_envelope(60, time, 0.75, 0.01, 0.01, 0.1)),\n            0.2, 0.5, 10)\n        * lfo(0.5, 1, triangle_wave, 24 + time / 13)\n    \n        + sine_wave(time * 100 + 1 * sine_wave(time * 10 + 1/4))\n            * running_envelope(120, time, 0, 0.01, 0.01, 0.1)\n    ),\n    \n    output(\n        kick +\n        delay(time + 0.01, (time ->\n            power_distortion(\n                sine_wave(time * 50 + 1 * sine_wave(time * 100 + 1/4))\n                    * running_envelope(60, time, 0, 0.01, 0.01, 0.1),\n                lfo(1, 0.75, triangle_wave, time / 8))),\n            0.2, 0.5, 10)\n        * lfo(0.5, 1, triangle_wave, time / 7)\n    \n        + delay(time - 0.01, (time ->\n            power_distortion(\n                sine_wave(time * sequencer([50, 100, 200, 400], time / 2) + 1 * sine_wave(time * sequencer([50, 100, 200], time / 4) + 1/4))\n                    * running_envelope(60, time, 0.5, 0.01, 0.01, 0.1),\n                lfo(1, 0.75, triangle_wave, time / 8))),\n            0.2, 0.5, 10)\n        * lfo(0.5, 1, triangle_wave, 16 + time / 11)\n    \n        + delay(time + 0.005, (time ->\n            white_noise(time) * running_envelope(60, time, 0.75, 0.01, 0.01, 0.1)),\n            0.2, 0.5, 10)\n        * lfo(0.5, 1, triangle_wave, 24 + time / 13)\n    ))\n    \nFROM system.numbers\nLIMIT 10;",
            "name": "02841_with_clause_resolve.sql"
        }
    ]
}