{
    "name": "00807_regexp_quote_meta.sql",
    "tests": [
        {
            "query": "SELECT regexpQuoteMeta('hello');",
            "name": "00807_regexp_quote_meta.sql"
        },
        {
            "query": "\nSELECT regexpQuoteMeta('hel\\\\lo');",
            "name": "00807_regexp_quote_meta.sql"
        },
        {
            "query": "\nSELECT regexpQuoteMeta('h{ell}o');",
            "name": "00807_regexp_quote_meta.sql"
        },
        {
            "query": "\nSELECT regexpQuoteMeta('(h{ell}o)');",
            "name": "00807_regexp_quote_meta.sql"
        },
        {
            "query": "\nSELECT regexpQuoteMeta('');",
            "name": "00807_regexp_quote_meta.sql"
        },
        {
            "query": "\nSELECT regexpQuoteMeta('(');",
            "name": "00807_regexp_quote_meta.sql"
        },
        {
            "query": "\nSELECT regexpQuoteMeta('Hello(');",
            "name": "00807_regexp_quote_meta.sql"
        },
        {
            "query": "\nSELECT regexpQuoteMeta('(Hello');",
            "name": "00807_regexp_quote_meta.sql"
        },
        {
            "query": "\nSELECT regexpQuoteMeta('(((((((((');",
            "name": "00807_regexp_quote_meta.sql"
        },
        {
            "query": "\nSELECT regexpQuoteMeta('\\\\');",
            "name": "00807_regexp_quote_meta.sql"
        },
        {
            "query": "\nSELECT regexpQuoteMeta('\\0\\\\|()^$.[?*+{');",
            "name": "00807_regexp_quote_meta.sql"
        },
        {
            "query": "\nSELECT DISTINCT regexpQuoteMeta(toString(number)) = toString(number) FROM numbers(100000);",
            "name": "00807_regexp_quote_meta.sql"
        }
    ]
}