{
    "name": "02536_hdfs_cluster_use_structure_from_table.sql",
    "tests": [
        {
            "query": "-- Tags: no-fasttest, no-parallel\n-- Tag no-fasttest: Depends on Java\n\ninsert into table function hdfs('hdfs://localhost:12222/test_02536.jsonl', 'TSV') select '{\"x\" : {\"a\" : 1, \"b\" : 2}}' settings hdfs_truncate_on_insert=1;",
            "name": "02536_hdfs_cluster_use_structure_from_table.sql"
        },
        {
            "query": "\nset input_format_json_try_infer_named_tuples_from_objects=0;",
            "name": "02536_hdfs_cluster_use_structure_from_table.sql"
        },
        {
            "query": "\ndrop table if exists test;",
            "name": "02536_hdfs_cluster_use_structure_from_table.sql"
        },
        {
            "query": "\ncreate table test (x Tuple(a UInt32, b UInt32)) engine=Memory();",
            "name": "02536_hdfs_cluster_use_structure_from_table.sql"
        },
        {
            "query": "\ninsert into test select * from hdfsCluster('test_cluster_two_shards_localhost', 'hdfs://localhost:12222/test_02536.jsonl') settings use_structure_from_insertion_table_in_table_functions=0;",
            "name": "02536_hdfs_cluster_use_structure_from_table.sql"
        },
        {
            "query": " -- {serverError ILLEGAL_COLUMN}\ninsert into test select * from hdfsCluster('test_cluster_two_shards_localhost', 'hdfs://localhost:12222/test_02536.jsonl') settings use_structure_from_insertion_table_in_table_functions=1;",
            "name": "02536_hdfs_cluster_use_structure_from_table.sql"
        },
        {
            "query": "\nselect * from test;",
            "name": "02536_hdfs_cluster_use_structure_from_table.sql"
        },
        {
            "query": "\ndrop table test;",
            "name": "02536_hdfs_cluster_use_structure_from_table.sql"
        }
    ]
}