{
    "name": "01313_parse_date_time_best_effort_null_zero.sql",
    "tests": [
        {
            "query": "SELECT parseDateTimeBestEffort('<Empty>');",
            "name": "01313_parse_date_time_best_effort_null_zero.sql"
        },
        {
            "query": " -- { serverError 41 }\nSELECT parseDateTimeBestEffortOrNull('<Empty>');",
            "name": "01313_parse_date_time_best_effort_null_zero.sql"
        },
        {
            "query": "\nSELECT parseDateTimeBestEffortOrZero('<Empty>', 'UTC');",
            "name": "01313_parse_date_time_best_effort_null_zero.sql"
        },
        {
            "query": "\n\nSELECT parseDateTime64BestEffort('<Empty>');",
            "name": "01313_parse_date_time_best_effort_null_zero.sql"
        },
        {
            "query": " -- { serverError 41 }\nSELECT parseDateTime64BestEffortOrNull('<Empty>');",
            "name": "01313_parse_date_time_best_effort_null_zero.sql"
        },
        {
            "query": "\nSELECT parseDateTime64BestEffortOrZero('<Empty>', 0, 'UTC');",
            "name": "01313_parse_date_time_best_effort_null_zero.sql"
        },
        {
            "query": "\n\nSET date_time_input_format = 'best_effort';",
            "name": "01313_parse_date_time_best_effort_null_zero.sql"
        },
        {
            "query": "\nSELECT toDateTime('<Empty>');",
            "name": "01313_parse_date_time_best_effort_null_zero.sql"
        },
        {
            "query": " -- { serverError 41 }\nSELECT toDateTimeOrNull('<Empty>');",
            "name": "01313_parse_date_time_best_effort_null_zero.sql"
        },
        {
            "query": "\nSELECT toDateTimeOrZero('<Empty>', 'UTC');",
            "name": "01313_parse_date_time_best_effort_null_zero.sql"
        }
    ]
}