{
    "name": "02676_kafka_murmur_hash.sql",
    "tests": [
        {
            "query": "-- Test are taken from: https://github.com/apache/kafka/blob/139f7709bd3f5926901a21e55043388728ccca78/clients/src/test/java/org/apache/kafka/common/utils/UtilsTest.java#L93\n-- and the reference is generated with: https://pastila.nl/?06465d36/87f8ab2c9f6501c54f1c0879a13c8626\n\nSELECT kafkaMurmurHash('21');",
            "name": "02676_kafka_murmur_hash.sql"
        },
        {
            "query": "\nSELECT kafkaMurmurHash('foobar');",
            "name": "02676_kafka_murmur_hash.sql"
        },
        {
            "query": "\nSELECT kafkaMurmurHash('a-little-bit-long-string');",
            "name": "02676_kafka_murmur_hash.sql"
        },
        {
            "query": "\nSELECT kafkaMurmurHash('a-little-bit-longer-string');",
            "name": "02676_kafka_murmur_hash.sql"
        },
        {
            "query": "\nSELECT kafkaMurmurHash('lkjh234lh9fiuh90y23oiuhsafujhadof229phr9h19h89h8');",
            "name": "02676_kafka_murmur_hash.sql"
        }
    ]
}