{
    "name": "02375_analyzer_union.sql",
    "tests": [
        {
            "query": "SET allow_experimental_analyzer = 0;",
            "name": "02375_analyzer_union.sql"
        },
        {
            "query": "\n\nDROP TABLE IF EXISTS test_table;",
            "name": "02375_analyzer_union.sql"
        },
        {
            "query": "\nCREATE TABLE test_table\n(\n    id UInt64,\n    value String\n) ENGINE=TinyLog;",
            "name": "02375_analyzer_union.sql"
        },
        {
            "query": "\n\nINSERT INTO test_table VALUES (0, 'Value');",
            "name": "02375_analyzer_union.sql"
        },
        {
            "query": "\n\n-- { echoOn }\n\nSELECT 'Union constants';",
            "name": "02375_analyzer_union.sql"
        },
        {
            "query": "\n\nSELECT 1 UNION ALL SELECT 1;",
            "name": "02375_analyzer_union.sql"
        },
        {
            "query": "\n\nSELECT '--';",
            "name": "02375_analyzer_union.sql"
        },
        {
            "query": "\n\nSELECT 1 UNION DISTINCT SELECT 1 UNION ALL SELECT 1;",
            "name": "02375_analyzer_union.sql"
        },
        {
            "query": "\n\nSELECT '--';",
            "name": "02375_analyzer_union.sql"
        },
        {
            "query": "\n\nSELECT 1 INTERSECT SELECT 1;",
            "name": "02375_analyzer_union.sql"
        },
        {
            "query": "\n\nSELECT '--';",
            "name": "02375_analyzer_union.sql"
        },
        {
            "query": "\n\nSELECT 1 EXCEPT SELECT 1;",
            "name": "02375_analyzer_union.sql"
        },
        {
            "query": "\n\nSELECT '--';",
            "name": "02375_analyzer_union.sql"
        },
        {
            "query": "\n\nSELECT id FROM (SELECT 1 AS id UNION ALL SELECT 1);",
            "name": "02375_analyzer_union.sql"
        },
        {
            "query": "\n\nSELECT 'Union non constants';",
            "name": "02375_analyzer_union.sql"
        },
        {
            "query": "\n\nSELECT value FROM (SELECT 1 as value UNION ALL SELECT 1 UNION ALL SELECT 1);",
            "name": "02375_analyzer_union.sql"
        },
        {
            "query": "\n\nSELECT '--';",
            "name": "02375_analyzer_union.sql"
        },
        {
            "query": "\n\nSELECT id FROM test_table UNION ALL SELECT id FROM test_table;",
            "name": "02375_analyzer_union.sql"
        },
        {
            "query": "\n\nSELECT '--';",
            "name": "02375_analyzer_union.sql"
        },
        {
            "query": "\n\nSELECT id FROM test_table UNION DISTINCT SELECT id FROM test_table;",
            "name": "02375_analyzer_union.sql"
        },
        {
            "query": "\n\nSELECT '--';",
            "name": "02375_analyzer_union.sql"
        },
        {
            "query": "\n\nSELECT id FROM test_table INTERSECT SELECT id FROM test_table;",
            "name": "02375_analyzer_union.sql"
        },
        {
            "query": "\n\nSELECT '--';",
            "name": "02375_analyzer_union.sql"
        },
        {
            "query": "\nSELECT id FROM test_table EXCEPT SELECT id FROM test_table;",
            "name": "02375_analyzer_union.sql"
        },
        {
            "query": "\n\nSELECT '--';",
            "name": "02375_analyzer_union.sql"
        },
        {
            "query": "\n\nSELECT id FROM (SELECT id FROM test_table UNION ALL SELECT id FROM test_table);",
            "name": "02375_analyzer_union.sql"
        },
        {
            "query": "\n\nSELECT '--';",
            "name": "02375_analyzer_union.sql"
        },
        {
            "query": "\n\nSELECT id FROM (SELECT id FROM test_table UNION DISTINCT SELECT id FROM test_table);",
            "name": "02375_analyzer_union.sql"
        },
        {
            "query": "\n\nSELECT '--';",
            "name": "02375_analyzer_union.sql"
        },
        {
            "query": "\n\nSELECT id FROM (SELECT id FROM test_table INTERSECT SELECT id FROM test_table);",
            "name": "02375_analyzer_union.sql"
        },
        {
            "query": "\n\nSELECT '--';",
            "name": "02375_analyzer_union.sql"
        },
        {
            "query": "\n\nSELECT id FROM (SELECT id FROM test_table EXCEPT SELECT id FROM test_table);",
            "name": "02375_analyzer_union.sql"
        },
        {
            "query": "\n\n-- { echoOff }\n\nDROP TABLE test_table;",
            "name": "02375_analyzer_union.sql"
        }
    ]
}