{
    "name": "01157_replace_table.sql",
    "tests": [
        {
            "query": "-- Tags: no-ordinary-database\n\ndrop table if exists t;",
            "name": "01157_replace_table.sql"
        },
        {
            "query": "\ndrop table if exists dist;",
            "name": "01157_replace_table.sql"
        },
        {
            "query": "\ndrop table if exists buf;",
            "name": "01157_replace_table.sql"
        },
        {
            "query": "\ndrop table if exists join;",
            "name": "01157_replace_table.sql"
        },
        {
            "query": "\n\nselect 'test flush on replace';",
            "name": "01157_replace_table.sql"
        },
        {
            "query": "\ncreate table t (n UInt64, s String default 's' || toString(n)) engine=Memory;",
            "name": "01157_replace_table.sql"
        },
        {
            "query": "\ncreate table dist (n int) engine=Distributed(test_shard_localhost, currentDatabase(), t);",
            "name": "01157_replace_table.sql"
        },
        {
            "query": "\ncreate table buf (n int) engine=Buffer(currentDatabase(), dist, 1, 10, 100, 10, 100, 1000, 1000);",
            "name": "01157_replace_table.sql"
        },
        {
            "query": "\n\nsystem stop distributed sends dist;",
            "name": "01157_replace_table.sql"
        },
        {
            "query": "\ninsert into buf values (1);",
            "name": "01157_replace_table.sql"
        },
        {
            "query": "\nreplace table buf (n int) engine=Distributed(test_shard_localhost, currentDatabase(), dist);",
            "name": "01157_replace_table.sql"
        },
        {
            "query": "\nreplace table dist (n int) engine=Buffer(currentDatabase(), t, 1, 10, 100, 10, 100, 1000, 1000);",
            "name": "01157_replace_table.sql"
        },
        {
            "query": "\n\nsystem stop distributed sends buf;",
            "name": "01157_replace_table.sql"
        },
        {
            "query": "\ninsert into buf values (2);",
            "name": "01157_replace_table.sql"
        },
        {
            "query": "\nreplace table buf (n int) engine=Buffer(currentDatabase(), dist, 1, 10, 100, 10, 100, 1000, 1000);",
            "name": "01157_replace_table.sql"
        },
        {
            "query": "\nreplace table dist (n int) engine=Distributed(test_shard_localhost, currentDatabase(), t);",
            "name": "01157_replace_table.sql"
        },
        {
            "query": "\n\nsystem stop distributed sends dist;",
            "name": "01157_replace_table.sql"
        },
        {
            "query": "\ninsert into buf values (3);",
            "name": "01157_replace_table.sql"
        },
        {
            "query": "\nreplace table buf (n int) engine=Null;",
            "name": "01157_replace_table.sql"
        },
        {
            "query": "\nreplace table dist (n int) engine=Null;",
            "name": "01157_replace_table.sql"
        },
        {
            "query": "\n\nselect * from t order by n;",
            "name": "01157_replace_table.sql"
        },
        {
            "query": "\n\nselect 'exception on create and fill';",
            "name": "01157_replace_table.sql"
        },
        {
            "query": "\n-- table is not created if select fails\ncreate or replace table join engine=Join(ANY, INNER, n) as select * from t where throwIf(n);",
            "name": "01157_replace_table.sql"
        },
        {
            "query": " -- { serverError 395 }\nselect count() from system.tables where database=currentDatabase() and name='join';",
            "name": "01157_replace_table.sql"
        },
        {
            "query": "\n\n-- table is created and filled\ncreate or replace table join engine=Join(ANY, INNER, n) as select * from t;",
            "name": "01157_replace_table.sql"
        },
        {
            "query": "\nselect * from numbers(10) as t any join join on t.number=join.n order by n;",
            "name": "01157_replace_table.sql"
        },
        {
            "query": "\n\n-- table is not replaced if select fails\ninsert into t(n) values (4);",
            "name": "01157_replace_table.sql"
        },
        {
            "query": "\nreplace table join engine=Join(ANY, INNER, n) as select * from t where throwIf(n);",
            "name": "01157_replace_table.sql"
        },
        {
            "query": " -- { serverError 395 }\nselect * from numbers(10) as t any join join on t.number=join.n order by n;",
            "name": "01157_replace_table.sql"
        },
        {
            "query": "\n\n-- table is replaced\nreplace table join engine=Join(ANY, INNER, n) as select * from t;",
            "name": "01157_replace_table.sql"
        },
        {
            "query": "\nselect * from numbers(10) as t any join join on t.number=join.n order by n;",
            "name": "01157_replace_table.sql"
        },
        {
            "query": "\n\nselect name from system.tables where database=currentDatabase() order by name;",
            "name": "01157_replace_table.sql"
        },
        {
            "query": "\n\ndrop table t;",
            "name": "01157_replace_table.sql"
        },
        {
            "query": "\ndrop table dist;",
            "name": "01157_replace_table.sql"
        },
        {
            "query": "\ndrop table buf;",
            "name": "01157_replace_table.sql"
        },
        {
            "query": "\ndrop table join;",
            "name": "01157_replace_table.sql"
        }
    ]
}