{
    "name": "02125_query_views_log_window_function.sql",
    "tests": [
        {
            "query": "set allow_experimental_analyzer = 0;",
            "name": "02125_query_views_log_window_function.sql"
        },
        {
            "query": "\nset allow_experimental_window_view = 1;",
            "name": "02125_query_views_log_window_function.sql"
        },
        {
            "query": "\n\nCREATE TABLE data ( `id` UInt64, `timestamp` DateTime) ENGINE = Memory;",
            "name": "02125_query_views_log_window_function.sql"
        },
        {
            "query": "\nCREATE WINDOW VIEW wv Engine Memory as select count(id), tumbleStart(w_id) as window_start from data group by tumble(timestamp, INTERVAL '10' SECOND) as w_id;",
            "name": "02125_query_views_log_window_function.sql"
        },
        {
            "query": "\n\n-- INSERT INTO wv\nINSERT INTO data VALUES(1,now());",
            "name": "02125_query_views_log_window_function.sql"
        },
        {
            "query": "\n\nSYSTEM FLUSH LOGS;",
            "name": "02125_query_views_log_window_function.sql"
        },
        {
            "query": "\n\n-- { echo }\n\nWITH\n    (\n        SELECT initial_query_id\n        FROM system.query_log\n        WHERE current_database = currentDatabase()\n          AND event_date >= yesterday()\n          AND query LIKE '-- INSERT INTO wv%'\n        LIMIT 1\n    ) AS q_id\nSELECT view_name, view_type, view_query, read_rows, read_bytes, written_rows, written_bytes\nFROM system.query_views_log\nWHERE initial_query_id = q_id FORMAT Vertical;",
            "name": "02125_query_views_log_window_function.sql"
        },
        {
            "query": "\n\nWITH\n    (\n        SELECT initial_query_id\n        FROM system.query_log\n        WHERE current_database = currentDatabase()\n          AND event_date >= yesterday()\n          AND query LIKE '-- INSERT INTO wv%'\n        LIMIT 1\n    ) AS q_id\nSELECT views\nFROM system.query_log\nWHERE initial_query_id = q_id\n  AND type = 'QueryFinish'\nFORMAT Vertical;",
            "name": "02125_query_views_log_window_function.sql"
        }
    ]
}