{
    "name": "00951_ngram_search.sql",
    "tests": [
        {
            "query": "select round(1000 * ngramSearchUTF8(materialize(''), '')) from system.numbers limit 5;",
            "name": "00951_ngram_search.sql"
        },
        {
            "query": "\nselect round(1000 * ngramSearchUTF8(materialize('\u0430\u0431\u0432'), '')) from system.numbers limit 5;",
            "name": "00951_ngram_search.sql"
        },
        {
            "query": "\nselect round(1000 * ngramSearchUTF8(materialize(''), '\u0430\u0431\u0432')) from system.numbers limit 5;",
            "name": "00951_ngram_search.sql"
        },
        {
            "query": "\nselect round(1000 * ngramSearchUTF8(materialize('\u0430\u0431\u0432\u0433\u0434\u0435\u0451\u0436\u0437'), '\u0430\u0431\u0432\u0433\u0434\u0435\u0451\u0436\u0437')) from system.numbers limit 5;",
            "name": "00951_ngram_search.sql"
        },
        {
            "query": "\nselect round(1000 * ngramSearchUTF8(materialize('\u0430\u0431\u0432\u0433\u0434\u0435\u0451\u0436\u0437'), '\u0430\u0431\u0432\u0433\u0434\u0435\u0451\u0436')) from system.numbers limit 5;",
            "name": "00951_ngram_search.sql"
        },
        {
            "query": "\nselect round(1000 * ngramSearchUTF8(materialize('\u0430\u0431\u0432\u0433\u0434\u0435\u0451\u0436\u0437'), '\u0433\u0434\u0435\u0451\u0437\u0434')) from system.numbers limit 5;",
            "name": "00951_ngram_search.sql"
        },
        {
            "query": "\nselect round(1000 * ngramSearchUTF8(materialize('\u0430\u0431\u0432\u0433\u0434\u0435\u0451\u0436\u0437'), '\u0451\u0451\u0451\u0451\u0451\u0451\u0451\u0451')) from system.numbers limit 5;",
            "name": "00951_ngram_search.sql"
        },
        {
            "query": "\n\nselect round(1000 * ngramSearchUTF8(materialize(''), materialize('')))=round(1000 * ngramSearchUTF8(materialize(''), '')) from system.numbers limit 5;",
            "name": "00951_ngram_search.sql"
        },
        {
            "query": "\nselect round(1000 * ngramSearchUTF8(materialize('\u0430\u0431\u0432'), materialize('')))=round(1000 * ngramSearchUTF8(materialize('\u0430\u0431\u0432'), '')) from system.numbers limit 5;",
            "name": "00951_ngram_search.sql"
        },
        {
            "query": "\nselect round(1000 * ngramSearchUTF8(materialize(''), materialize('\u0430\u0431\u0432')))=round(1000 * ngramSearchUTF8(materialize(''), '\u0430\u0431\u0432')) from system.numbers limit 5;",
            "name": "00951_ngram_search.sql"
        },
        {
            "query": "\nselect round(1000 * ngramSearchUTF8(materialize('\u0430\u0431\u0432\u0433\u0434\u0435\u0451\u0436\u0437'), materialize('\u0430\u0431\u0432\u0433\u0434\u0435\u0451\u0436\u0437')))=round(1000 * ngramSearchUTF8(materialize('\u0430\u0431\u0432\u0433\u0434\u0435\u0451\u0436\u0437'), '\u0430\u0431\u0432\u0433\u0434\u0435\u0451\u0436\u0437')) from system.numbers limit 5;",
            "name": "00951_ngram_search.sql"
        },
        {
            "query": "\nselect round(1000 * ngramSearchUTF8(materialize('\u0430\u0431\u0432\u0433\u0434\u0435\u0451\u0436\u0437'), materialize('\u0430\u0431\u0432\u0433\u0434\u0435\u0451\u0436')))=round(1000 * ngramSearchUTF8(materialize('\u0430\u0431\u0432\u0433\u0434\u0435\u0451\u0436\u0437'), '\u0430\u0431\u0432\u0433\u0434\u0435\u0451\u0436')) from system.numbers limit 5;",
            "name": "00951_ngram_search.sql"
        },
        {
            "query": "\nselect round(1000 * ngramSearchUTF8(materialize('\u0430\u0431\u0432\u0433\u0434\u0435\u0451\u0436\u0437'), materialize('\u0433\u0434\u0435\u0451\u0437\u0434')))=round(1000 * ngramSearchUTF8(materialize('\u0430\u0431\u0432\u0433\u0434\u0435\u0451\u0436\u0437'), '\u0433\u0434\u0435\u0451\u0437\u0434')) from system.numbers limit 5;",
            "name": "00951_ngram_search.sql"
        },
        {
            "query": "\nselect round(1000 * ngramSearchUTF8(materialize('\u0430\u0431\u0432\u0433\u0434\u0435\u0451\u0436\u0437'), materialize('\u0451\u0451\u0451\u0451\u0451\u0451\u0451\u0451')))=round(1000 * ngramSearchUTF8(materialize('\u0430\u0431\u0432\u0433\u0434\u0435\u0451\u0436\u0437'), '\u0451\u0451\u0451\u0451\u0451\u0451\u0451\u0451')) from system.numbers limit 5;",
            "name": "00951_ngram_search.sql"
        },
        {
            "query": "\n\nselect round(1000 * ngramSearchUTF8('', materialize('')))=round(1000 * ngramSearchUTF8(materialize(''), '')) from system.numbers limit 5;",
            "name": "00951_ngram_search.sql"
        },
        {
            "query": "\nselect round(1000 * ngramSearchUTF8('\u0430\u0431\u0432', materialize('')))=round(1000 * ngramSearchUTF8(materialize('\u0430\u0431\u0432'), '')) from system.numbers limit 5;",
            "name": "00951_ngram_search.sql"
        },
        {
            "query": "\nselect round(1000 * ngramSearchUTF8('', materialize('\u0430\u0431\u0432')))=round(1000 * ngramSearchUTF8(materialize(''), '\u0430\u0431\u0432')) from system.numbers limit 5;",
            "name": "00951_ngram_search.sql"
        },
        {
            "query": "\nselect round(1000 * ngramSearchUTF8('\u0430\u0431\u0432\u0433\u0434\u0435\u0451\u0436\u0437', materialize('\u0430\u0431\u0432\u0433\u0434\u0435\u0451\u0436\u0437')))=round(1000 * ngramSearchUTF8(materialize('\u0430\u0431\u0432\u0433\u0434\u0435\u0451\u0436\u0437'), '\u0430\u0431\u0432\u0433\u0434\u0435\u0451\u0436\u0437')) from system.numbers limit 5;",
            "name": "00951_ngram_search.sql"
        },
        {
            "query": "\nselect round(1000 * ngramSearchUTF8('\u0430\u0431\u0432\u0433\u0434\u0435\u0451\u0436\u0437', materialize('\u0430\u0431\u0432\u0433\u0434\u0435\u0451\u0436')))=round(1000 * ngramSearchUTF8(materialize('\u0430\u0431\u0432\u0433\u0434\u0435\u0451\u0436\u0437'), '\u0430\u0431\u0432\u0433\u0434\u0435\u0451\u0436')) from system.numbers limit 5;",
            "name": "00951_ngram_search.sql"
        },
        {
            "query": "\nselect round(1000 * ngramSearchUTF8('\u0430\u0431\u0432\u0433\u0434\u0435\u0451\u0436\u0437', materialize('\u0433\u0434\u0435\u0451\u0437\u0434')))=round(1000 * ngramSearchUTF8(materialize('\u0430\u0431\u0432\u0433\u0434\u0435\u0451\u0436\u0437'), '\u0433\u0434\u0435\u0451\u0437\u0434')) from system.numbers limit 5;",
            "name": "00951_ngram_search.sql"
        },
        {
            "query": "\nselect round(1000 * ngramSearchUTF8('\u0430\u0431\u0432\u0433\u0434\u0435\u0451\u0436\u0437', materialize('\u0451\u0451\u0451\u0451\u0451\u0451\u0451\u0451')))=round(1000 * ngramSearchUTF8(materialize('\u0430\u0431\u0432\u0433\u0434\u0435\u0451\u0436\u0437'), '\u0451\u0451\u0451\u0451\u0451\u0451\u0451\u0451')) from system.numbers limit 5;",
            "name": "00951_ngram_search.sql"
        },
        {
            "query": "\n\nselect round(1000 * ngramSearchUTF8('', ''));",
            "name": "00951_ngram_search.sql"
        },
        {
            "query": "\nselect round(1000 * ngramSearchUTF8('\u0430\u0431\u0432', ''));",
            "name": "00951_ngram_search.sql"
        },
        {
            "query": "\nselect round(1000 * ngramSearchUTF8('', '\u0430\u0431\u0432'));",
            "name": "00951_ngram_search.sql"
        },
        {
            "query": "\nselect round(1000 * ngramSearchUTF8('\u0430\u0431\u0432\u0433\u0434\u0435\u0451\u0436\u0437', '\u0430\u0431\u0432\u0433\u0434\u0435\u0451\u0436\u0437'));",
            "name": "00951_ngram_search.sql"
        },
        {
            "query": "\nselect round(1000 * ngramSearchUTF8('\u0430\u0431\u0432\u0433\u0434\u0435\u0451\u0436\u0437', '\u0430\u0431\u0432\u0433\u0434\u0435\u0451\u0436'));",
            "name": "00951_ngram_search.sql"
        },
        {
            "query": "\nselect round(1000 * ngramSearchUTF8('\u0430\u0431\u0432\u0433\u0434\u0435\u0451\u0436\u0437', '\u0433\u0434\u0435\u0451\u0437\u0434'));",
            "name": "00951_ngram_search.sql"
        },
        {
            "query": "\nselect round(1000 * ngramSearchUTF8('\u0430\u0431\u0432\u0433\u0434\u0435\u0451\u0436\u0437', '\u0451\u0451\u0451\u0451\u0451\u0451\u0451\u0451'));",
            "name": "00951_ngram_search.sql"
        },
        {
            "query": "\n\ndrop table if exists test_entry_distance;",
            "name": "00951_ngram_search.sql"
        },
        {
            "query": "\ncreate table test_entry_distance (Title String) engine = Memory;",
            "name": "00951_ngram_search.sql"
        },
        {
            "query": "\ninsert into test_entry_distance values ('\u043f\u0440\u0438\u0432\u0435\u0442 \u043a\u0430\u043a \u0434\u0435\u043b\u0430?... \u0425\u0435\u0440\u0441\u043e\u043d'), ('\u043f\u0440\u0438\u0432\u0435\u0442 \u043a\u0430\u043a \u0434\u0435\u043b\u0430 \u043a\u043b\u0438\u043f - TUT.BY'), ('\u043f\u0440\u0438\u0432\u0435\u0442'), ('\u043f\u0430\u043f \u043f\u0440\u0438\u0432\u0435\u0442 \u043a\u0430\u043a \u0434\u0435\u043b\u0430 - TUT.BY'), ('\u043f\u0440\u0438\u0432\u0435\u0442 \u0431\u0440\u0430\u0442\u0430\u043d \u043a\u0430\u043a \u0434\u0435\u043b\u0430 - TUT.BY'), ('http://metric.ru/'), ('http://autometric.ru/'), ('http://top.bigmir.net/'), ('http://metris.ru/'), ('http://metrika.ru/'), ('');",
            "name": "00951_ngram_search.sql"
        },
        {
            "query": "\n\nSELECT Title, round(1000 * distance) FROM test_entry_distance ORDER BY ngramSearchUTF8(Title, Title) as distance, Title;",
            "name": "00951_ngram_search.sql"
        },
        {
            "query": "\nSELECT Title, round(1000 * distance) FROM test_entry_distance ORDER BY ngramSearchUTF8(Title, extract(Title, '\u043a\u0430\u043a \u0434\u0435\u043b\u0430')) as distance, Title;",
            "name": "00951_ngram_search.sql"
        },
        {
            "query": "\nSELECT Title, round(1000 * distance) FROM test_entry_distance ORDER BY ngramSearchUTF8(Title, extract(Title, 'metr')) as distance, Title;",
            "name": "00951_ngram_search.sql"
        },
        {
            "query": "\n\nSELECT Title, round(1000 * distance) FROM test_entry_distance ORDER BY ngramSearchUTF8(Title, '\u043f\u0440\u0438\u0432\u0435\u0442 \u043a\u0430\u043a \u0434\u0435\u043b\u0430') as distance, Title;",
            "name": "00951_ngram_search.sql"
        },
        {
            "query": "\nSELECT Title, round(1000 * distance) FROM test_entry_distance ORDER BY ngramSearchUTF8(Title, '\u043a\u0430\u043a \u043f\u0440\u0438\u0432\u0435\u0442 \u0434\u0435\u043b\u0430') as distance, Title;",
            "name": "00951_ngram_search.sql"
        },
        {
            "query": "\nSELECT Title, round(1000 * distance) FROM test_entry_distance ORDER BY ngramSearchUTF8(Title, 'metrika') as distance, Title;",
            "name": "00951_ngram_search.sql"
        },
        {
            "query": "\nSELECT Title, round(1000 * distance) FROM test_entry_distance ORDER BY ngramSearchUTF8(Title, 'metrica') as distance, Title;",
            "name": "00951_ngram_search.sql"
        },
        {
            "query": "\nSELECT Title, round(1000 * distance) FROM test_entry_distance ORDER BY ngramSearchUTF8(Title, 'metriks') as distance, Title;",
            "name": "00951_ngram_search.sql"
        },
        {
            "query": "\nSELECT Title, round(1000 * distance) FROM test_entry_distance ORDER BY ngramSearchUTF8(Title, 'metrics') as distance, Title;",
            "name": "00951_ngram_search.sql"
        },
        {
            "query": "\nSELECT Title, round(1000 * distance) FROM test_entry_distance ORDER BY ngramSearchUTF8(Title, 'bigmir') as distance, Title;",
            "name": "00951_ngram_search.sql"
        },
        {
            "query": "\n\n\nselect round(1000 * ngramSearchCaseInsensitiveUTF8(materialize(''), '')) from system.numbers limit 5;",
            "name": "00951_ngram_search.sql"
        },
        {
            "query": "\nselect round(1000 * ngramSearchCaseInsensitiveUTF8(materialize('\u0430\u0431\u0432'), '')) from system.numbers limit 5;",
            "name": "00951_ngram_search.sql"
        },
        {
            "query": "\nselect round(1000 * ngramSearchCaseInsensitiveUTF8(materialize(''), '\u0430\u0431\u0432')) from system.numbers limit 5;",
            "name": "00951_ngram_search.sql"
        },
        {
            "query": "\nselect round(1000 * ngramSearchCaseInsensitiveUTF8(materialize('\u0430\u0431\u0432\u0413\u0414\u0415\u0451\u0436\u0437'), '\u0410\u0431\u0432\u0433\u0434\u0415\u0451\u0436\u0437')) from system.numbers limit 5;",
            "name": "00951_ngram_search.sql"
        },
        {
            "query": "\nselect round(1000 * ngramSearchCaseInsensitiveUTF8(materialize('\u0430\u0411\u0412\u0413\u0434\u0435\u0451\u0416\u0437'), '\u0410\u0431\u0432\u0413\u0434\u0435\u0451\u0436')) from system.numbers limit 5;",
            "name": "00951_ngram_search.sql"
        },
        {
            "query": "\nselect round(1000 * ngramSearchCaseInsensitiveUTF8(materialize('\u0430\u0431\u0432\u0433\u0434\u0435\u0451\u0436\u0437'), '\u0433\u0434\u0435\u0451\u0417\u0414')) from system.numbers limit 5;",
            "name": "00951_ngram_search.sql"
        },
        {
            "query": "\nselect round(1000 * ngramSearchCaseInsensitiveUTF8(materialize('\u0430\u0431\u0432\u0433\u0434\u0435\u0451\u0436\u0437'), '\u0401\u0401\u0401\u0401\u0401\u0401\u0401\u0401')) from system.numbers limit 5;",
            "name": "00951_ngram_search.sql"
        },
        {
            "query": "\n\nselect round(1000 * ngramSearchCaseInsensitiveUTF8(materialize(''),materialize(''))) = round(1000 * ngramSearchCaseInsensitiveUTF8(materialize(''), '')) from system.numbers limit 5;",
            "name": "00951_ngram_search.sql"
        },
        {
            "query": "\nselect round(1000 * ngramSearchCaseInsensitiveUTF8(materialize('\u0430\u0431\u0432'),materialize(''))) = round(1000 * ngramSearchCaseInsensitiveUTF8(materialize('\u0430\u0431\u0432'), '')) from system.numbers limit 5;",
            "name": "00951_ngram_search.sql"
        },
        {
            "query": "\nselect round(1000 * ngramSearchCaseInsensitiveUTF8(materialize(''), materialize('\u0430\u0431\u0432'))) = round(1000 * ngramSearchCaseInsensitiveUTF8(materialize(''), '\u0430\u0431\u0432')) from system.numbers limit 5;",
            "name": "00951_ngram_search.sql"
        },
        {
            "query": "\nselect round(1000 * ngramSearchCaseInsensitiveUTF8(materialize('\u0430\u0431\u0432\u0413\u0414\u0415\u0451\u0436\u0437'), materialize('\u0410\u0431\u0432\u0433\u0434\u0415\u0451\u0436\u0437'))) = round(1000 * ngramSearchCaseInsensitiveUTF8(materialize('\u0430\u0431\u0432\u0413\u0414\u0415\u0451\u0436\u0437'), '\u0410\u0431\u0432\u0433\u0434\u0415\u0451\u0436\u0437')) from system.numbers limit 5;",
            "name": "00951_ngram_search.sql"
        },
        {
            "query": "\nselect round(1000 * ngramSearchCaseInsensitiveUTF8(materialize('\u0430\u0411\u0412\u0413\u0434\u0435\u0451\u0416\u0437'), materialize('\u0410\u0431\u0432\u0413\u0434\u0435\u0451\u0436'))) = round(1000 * ngramSearchCaseInsensitiveUTF8(materialize('\u0430\u0411\u0412\u0413\u0434\u0435\u0451\u0416\u0437'), '\u0410\u0431\u0432\u0413\u0434\u0435\u0451\u0436')) from system.numbers limit 5;",
            "name": "00951_ngram_search.sql"
        },
        {
            "query": "\nselect round(1000 * ngramSearchCaseInsensitiveUTF8(materialize('\u0430\u0431\u0432\u0433\u0434\u0435\u0451\u0436\u0437'), materialize('\u0433\u0434\u0435\u0451\u0417\u0414'))) = round(1000 * ngramSearchCaseInsensitiveUTF8(materialize('\u0430\u0431\u0432\u0433\u0434\u0435\u0451\u0436\u0437'), '\u0433\u0434\u0435\u0451\u0417\u0414')) from system.numbers limit 5;",
            "name": "00951_ngram_search.sql"
        },
        {
            "query": "\nselect round(1000 * ngramSearchCaseInsensitiveUTF8(materialize('\u0430\u0431\u0432\u0433\u0434\u0435\u0451\u0436\u0437'), materialize('\u0401\u0401\u0401\u0401\u0401\u0401\u0401\u0401'))) = round(1000 * ngramSearchCaseInsensitiveUTF8(materialize('\u0430\u0431\u0432\u0433\u0434\u0435\u0451\u0436\u0437'), '\u0401\u0401\u0401\u0401\u0401\u0401\u0401\u0401')) from system.numbers limit 5;",
            "name": "00951_ngram_search.sql"
        },
        {
            "query": "\n\nselect round(1000 * ngramSearchCaseInsensitiveUTF8('', materialize(''))) = round(1000 * ngramSearchCaseInsensitiveUTF8(materialize(''), '')) from system.numbers limit 5;",
            "name": "00951_ngram_search.sql"
        },
        {
            "query": "\nselect round(1000 * ngramSearchCaseInsensitiveUTF8('\u0430\u0431\u0432',materialize(''))) = round(1000 * ngramSearchCaseInsensitiveUTF8(materialize('\u0430\u0431\u0432'), '')) from system.numbers limit 5;",
            "name": "00951_ngram_search.sql"
        },
        {
            "query": "\nselect round(1000 * ngramSearchCaseInsensitiveUTF8('', materialize('\u0430\u0431\u0432'))) = round(1000 * ngramSearchCaseInsensitiveUTF8(materialize(''), '\u0430\u0431\u0432')) from system.numbers limit 5;",
            "name": "00951_ngram_search.sql"
        },
        {
            "query": "\nselect round(1000 * ngramSearchCaseInsensitiveUTF8('\u0430\u0431\u0432\u0413\u0414\u0415\u0451\u0436\u0437', materialize('\u0410\u0431\u0432\u0433\u0434\u0415\u0451\u0436\u0437'))) = round(1000 * ngramSearchCaseInsensitiveUTF8(materialize('\u0430\u0431\u0432\u0413\u0414\u0415\u0451\u0436\u0437'), '\u0410\u0431\u0432\u0433\u0434\u0415\u0451\u0436\u0437')) from system.numbers limit 5;",
            "name": "00951_ngram_search.sql"
        },
        {
            "query": "\nselect round(1000 * ngramSearchCaseInsensitiveUTF8('\u0430\u0411\u0412\u0413\u0434\u0435\u0451\u0416\u0437', materialize('\u0410\u0431\u0432\u0413\u0434\u0435\u0451\u0436'))) = round(1000 * ngramSearchCaseInsensitiveUTF8(materialize('\u0430\u0411\u0412\u0413\u0434\u0435\u0451\u0416\u0437'), '\u0410\u0431\u0432\u0413\u0434\u0435\u0451\u0436')) from system.numbers limit 5;",
            "name": "00951_ngram_search.sql"
        },
        {
            "query": "\nselect round(1000 * ngramSearchCaseInsensitiveUTF8('\u0430\u0431\u0432\u0433\u0434\u0435\u0451\u0436\u0437', materialize('\u0433\u0434\u0435\u0451\u0417\u0414'))) = round(1000 * ngramSearchCaseInsensitiveUTF8(materialize('\u0430\u0431\u0432\u0433\u0434\u0435\u0451\u0436\u0437'), '\u0433\u0434\u0435\u0451\u0417\u0414')) from system.numbers limit 5;",
            "name": "00951_ngram_search.sql"
        },
        {
            "query": "\nselect round(1000 * ngramSearchCaseInsensitiveUTF8('\u0430\u0431\u0432\u0433\u0434\u0435\u0451\u0436\u0437', materialize('\u0401\u0401\u0401\u0401\u0401\u0401\u0401\u0401'))) = round(1000 * ngramSearchCaseInsensitiveUTF8(materialize('\u0430\u0431\u0432\u0433\u0434\u0435\u0451\u0436\u0437'), '\u0401\u0401\u0401\u0401\u0401\u0401\u0401\u0401')) from system.numbers limit 5;",
            "name": "00951_ngram_search.sql"
        },
        {
            "query": "\n\n\nselect round(1000 * ngramSearchCaseInsensitiveUTF8('', ''));",
            "name": "00951_ngram_search.sql"
        },
        {
            "query": "\nselect round(1000 * ngramSearchCaseInsensitiveUTF8('\u0430\u0431\u0432', ''));",
            "name": "00951_ngram_search.sql"
        },
        {
            "query": "\nselect round(1000 * ngramSearchCaseInsensitiveUTF8('', '\u0430\u0431\u0432'));",
            "name": "00951_ngram_search.sql"
        },
        {
            "query": "\nselect round(1000 * ngramSearchCaseInsensitiveUTF8('\u0430\u0431\u0432\u0413\u0414\u0415\u0451\u0436\u0437', '\u0410\u0431\u0432\u0433\u0434\u0415\u0401\u0436\u0437'));",
            "name": "00951_ngram_search.sql"
        },
        {
            "query": "\nselect round(1000 * ngramSearchCaseInsensitiveUTF8('\u0430\u0411\u0412\u0413\u0434\u0435\u0451\u0416\u0437', '\u0410\u0431\u0432\u0413\u0434\u0435\u0451\u0436'));",
            "name": "00951_ngram_search.sql"
        },
        {
            "query": "\nselect round(1000 * ngramSearchCaseInsensitiveUTF8('\u0430\u0431\u0432\u0433\u0434\u0435\u0451\u0436\u0437', '\u0433\u0434\u0435\u0451\u0417\u0414'));",
            "name": "00951_ngram_search.sql"
        },
        {
            "query": "\nselect round(1000 * ngramSearchCaseInsensitiveUTF8('\u0410\u0411\u0412\u0413\u0414\u0435\u0451\u0436\u0437', '\u0401\u0401\u0401\u0401\u0401\u0401\u0401\u0401'));",
            "name": "00951_ngram_search.sql"
        },
        {
            "query": "\n\nSELECT Title, round(1000 * distance) FROM test_entry_distance ORDER BY ngramSearchCaseInsensitiveUTF8(Title, Title) as distance, Title;",
            "name": "00951_ngram_search.sql"
        },
        {
            "query": "\nSELECT Title, round(1000 * distance) FROM test_entry_distance ORDER BY ngramSearchCaseInsensitiveUTF8(Title, extract(Title, '\u043a\u0430\u043a \u0434\u0435\u043b\u0430')) as distance, Title;",
            "name": "00951_ngram_search.sql"
        },
        {
            "query": "\nSELECT Title, round(1000 * distance) FROM test_entry_distance ORDER BY ngramSearchCaseInsensitiveUTF8(Title, extract(Title, 'metr')) as distance, Title;",
            "name": "00951_ngram_search.sql"
        },
        {
            "query": "\n\nSELECT Title, round(1000 * distance) FROM test_entry_distance ORDER BY ngramSearchCaseInsensitiveUTF8(Title, '\u041f\u0440\u0418\u0432\u0415\u0442 \u043a\u0410\u041a \u0414\u0415\u041b\u0430') as distance, Title;",
            "name": "00951_ngram_search.sql"
        },
        {
            "query": "\nSELECT Title, round(1000 * distance) FROM test_entry_distance ORDER BY ngramSearchCaseInsensitiveUTF8(Title, '\u043a\u0430\u043a \u041f\u0420\u0418\u0412\u0415\u0422 \u0434\u0435\u043b\u0430') as distance, Title;",
            "name": "00951_ngram_search.sql"
        },
        {
            "query": "\nSELECT Title, round(1000 * distance) FROM test_entry_distance ORDER BY ngramSearchCaseInsensitiveUTF8(Title, 'metrika') as distance, Title;",
            "name": "00951_ngram_search.sql"
        },
        {
            "query": "\nSELECT Title, round(1000 * distance) FROM test_entry_distance ORDER BY ngramSearchCaseInsensitiveUTF8(Title, 'Metrika') as distance, Title;",
            "name": "00951_ngram_search.sql"
        },
        {
            "query": "\nSELECT Title, round(1000 * distance) FROM test_entry_distance ORDER BY ngramSearchCaseInsensitiveUTF8(Title, 'mEtrica') as distance, Title;",
            "name": "00951_ngram_search.sql"
        },
        {
            "query": "\nSELECT Title, round(1000 * distance) FROM test_entry_distance ORDER BY ngramSearchCaseInsensitiveUTF8(Title, 'metriKS') as distance, Title;",
            "name": "00951_ngram_search.sql"
        },
        {
            "query": "\nSELECT Title, round(1000 * distance) FROM test_entry_distance ORDER BY ngramSearchCaseInsensitiveUTF8(Title, 'metrics') as distance, Title;",
            "name": "00951_ngram_search.sql"
        },
        {
            "query": "\nSELECT Title, round(1000 * distance) FROM test_entry_distance ORDER BY ngramSearchCaseInsensitiveUTF8(Title, 'BigMIR') as distance, Title;",
            "name": "00951_ngram_search.sql"
        },
        {
            "query": "\nSELECT Title, round(1000 * distance) FROM test_entry_distance ORDER BY ngramSearchCaseInsensitiveUTF8(Title, '\u043f\u0440\u0438\u0412\u0415\u0422 \u041a\u0410\u043a \u0414\u0435\u041b\u0430 \u041a\u043b\u0418\u043f - bigMir.Net') as distance, Title;",
            "name": "00951_ngram_search.sql"
        },
        {
            "query": "\n\n\nselect round(1000 * ngramSearch(materialize(''), '')) from system.numbers limit 5;",
            "name": "00951_ngram_search.sql"
        },
        {
            "query": "\nselect round(1000 * ngramSearch(materialize('abc'), '')) from system.numbers limit 5;",
            "name": "00951_ngram_search.sql"
        },
        {
            "query": "\nselect round(1000 * ngramSearch(materialize(''), 'abc')) from system.numbers limit 5;",
            "name": "00951_ngram_search.sql"
        },
        {
            "query": "\nselect round(1000 * ngramSearch(materialize('abcdefgh'), 'abcdefgh')) from system.numbers limit 5;",
            "name": "00951_ngram_search.sql"
        },
        {
            "query": "\nselect round(1000 * ngramSearch(materialize('abcdefgh'), 'abcdefg')) from system.numbers limit 5;",
            "name": "00951_ngram_search.sql"
        },
        {
            "query": "\nselect round(1000 * ngramSearch(materialize('abcdefgh'), 'defgh')) from system.numbers limit 5;",
            "name": "00951_ngram_search.sql"
        },
        {
            "query": "\nselect round(1000 * ngramSearch(materialize('abcdefgh'), 'aaaaaaaa')) from system.numbers limit 5;",
            "name": "00951_ngram_search.sql"
        },
        {
            "query": "\n\nselect round(1000 * ngramSearch(materialize(''),materialize('')))=round(1000 * ngramSearch(materialize(''), '')) from system.numbers limit 5;",
            "name": "00951_ngram_search.sql"
        },
        {
            "query": "\nselect round(1000 * ngramSearch(materialize('abc'),materialize('')))=round(1000 * ngramSearch(materialize('abc'), '')) from system.numbers limit 5;",
            "name": "00951_ngram_search.sql"
        },
        {
            "query": "\nselect round(1000 * ngramSearch(materialize(''), materialize('abc')))=round(1000 * ngramSearch(materialize(''), 'abc')) from system.numbers limit 5;",
            "name": "00951_ngram_search.sql"
        },
        {
            "query": "\nselect round(1000 * ngramSearch(materialize('abcdefgh'), materialize('abcdefgh')))=round(1000 * ngramSearch(materialize('abcdefgh'), 'abcdefgh')) from system.numbers limit 5;",
            "name": "00951_ngram_search.sql"
        },
        {
            "query": "\nselect round(1000 * ngramSearch(materialize('abcdefgh'), materialize('abcdefg')))=round(1000 * ngramSearch(materialize('abcdefgh'), 'abcdefg')) from system.numbers limit 5;",
            "name": "00951_ngram_search.sql"
        },
        {
            "query": "\nselect round(1000 * ngramSearch(materialize('abcdefgh'), materialize('defgh')))=round(1000 * ngramSearch(materialize('abcdefgh'), 'defgh')) from system.numbers limit 5;",
            "name": "00951_ngram_search.sql"
        },
        {
            "query": "\nselect round(1000 * ngramSearch(materialize('abcdefgh'), materialize('aaaaaaaa')))=round(1000 * ngramSearch(materialize('abcdefgh'), 'aaaaaaaa')) from system.numbers limit 5;",
            "name": "00951_ngram_search.sql"
        },
        {
            "query": "\n\nselect round(1000 * ngramSearch('',materialize('')))=round(1000 * ngramSearch(materialize(''), '')) from system.numbers limit 5;",
            "name": "00951_ngram_search.sql"
        },
        {
            "query": "\nselect round(1000 * ngramSearch('abc', materialize('')))=round(1000 * ngramSearch(materialize('abc'), '')) from system.numbers limit 5;",
            "name": "00951_ngram_search.sql"
        },
        {
            "query": "\nselect round(1000 * ngramSearch('', materialize('abc')))=round(1000 * ngramSearch(materialize(''), 'abc')) from system.numbers limit 5;",
            "name": "00951_ngram_search.sql"
        },
        {
            "query": "\nselect round(1000 * ngramSearch('abcdefgh', materialize('abcdefgh')))=round(1000 * ngramSearch(materialize('abcdefgh'), 'abcdefgh')) from system.numbers limit 5;",
            "name": "00951_ngram_search.sql"
        },
        {
            "query": "\nselect round(1000 * ngramSearch('abcdefgh', materialize('abcdefg')))=round(1000 * ngramSearch(materialize('abcdefgh'), 'abcdefg')) from system.numbers limit 5;",
            "name": "00951_ngram_search.sql"
        },
        {
            "query": "\nselect round(1000 * ngramSearch('abcdefgh', materialize('defgh')))=round(1000 * ngramSearch(materialize('abcdefgh'), 'defgh')) from system.numbers limit 5;",
            "name": "00951_ngram_search.sql"
        },
        {
            "query": "\nselect round(1000 * ngramSearch('abcdefgh', materialize('aaaaaaaa')))=round(1000 * ngramSearch(materialize('abcdefgh'), 'aaaaaaaa')) from system.numbers limit 5;",
            "name": "00951_ngram_search.sql"
        },
        {
            "query": "\n\n\nselect round(1000 * ngramSearch('', ''));",
            "name": "00951_ngram_search.sql"
        },
        {
            "query": "\nselect round(1000 * ngramSearch('abc', ''));",
            "name": "00951_ngram_search.sql"
        },
        {
            "query": "\nselect round(1000 * ngramSearch('', 'abc'));",
            "name": "00951_ngram_search.sql"
        },
        {
            "query": "\nselect round(1000 * ngramSearch('abcdefgh', 'abcdefgh'));",
            "name": "00951_ngram_search.sql"
        },
        {
            "query": "\nselect round(1000 * ngramSearch('abcdefgh', 'abcdefg'));",
            "name": "00951_ngram_search.sql"
        },
        {
            "query": "\nselect round(1000 * ngramSearch('abcdefgh', 'defgh'));",
            "name": "00951_ngram_search.sql"
        },
        {
            "query": "\nselect round(1000 * ngramSearch('abcdefghaaaaaaaaaa', 'aaaaaaaa'));",
            "name": "00951_ngram_search.sql"
        },
        {
            "query": "\n\nSELECT Title, round(1000 * distance) FROM test_entry_distance ORDER BY ngramSearch(Title, '\u043f\u0440\u0438\u0432\u0435\u0442 \u043a\u0430\u043a \u0434\u0435\u043b\u0430') as distance, Title;",
            "name": "00951_ngram_search.sql"
        },
        {
            "query": "\nSELECT Title, round(1000 * distance) FROM test_entry_distance ORDER BY ngramSearch(Title, '\u043a\u0430\u043a \u043f\u0440\u0438\u0432\u0435\u0442 \u0434\u0435\u043b\u0430') as distance, Title;",
            "name": "00951_ngram_search.sql"
        },
        {
            "query": "\nSELECT Title, round(1000 * distance) FROM test_entry_distance ORDER BY ngramSearch(Title, 'metrika') as distance, Title;",
            "name": "00951_ngram_search.sql"
        },
        {
            "query": "\nSELECT Title, round(1000 * distance) FROM test_entry_distance ORDER BY ngramSearch(Title, 'metrica') as distance, Title;",
            "name": "00951_ngram_search.sql"
        },
        {
            "query": "\nSELECT Title, round(1000 * distance) FROM test_entry_distance ORDER BY ngramSearch(Title, 'metriks') as distance, Title;",
            "name": "00951_ngram_search.sql"
        },
        {
            "query": "\nSELECT Title, round(1000 * distance) FROM test_entry_distance ORDER BY ngramSearch(Title, 'metrics') as distance, Title;",
            "name": "00951_ngram_search.sql"
        },
        {
            "query": "\nSELECT Title, round(1000 * distance) FROM test_entry_distance ORDER BY ngramSearch(Title, 'bigmir') as distance, Title;",
            "name": "00951_ngram_search.sql"
        },
        {
            "query": "\n\nselect round(1000 * ngramSearchCaseInsensitive(materialize(''), '')) from system.numbers limit 5;",
            "name": "00951_ngram_search.sql"
        },
        {
            "query": "\nselect round(1000 * ngramSearchCaseInsensitive(materialize('abc'), '')) from system.numbers limit 5;",
            "name": "00951_ngram_search.sql"
        },
        {
            "query": "\nselect round(1000 * ngramSearchCaseInsensitive(materialize(''), 'abc')) from system.numbers limit 5;",
            "name": "00951_ngram_search.sql"
        },
        {
            "query": "\nselect round(1000 * ngramSearchCaseInsensitive(materialize('abCdefgH'), 'Abcdefgh')) from system.numbers limit 5;",
            "name": "00951_ngram_search.sql"
        },
        {
            "query": "\nselect round(1000 * ngramSearchCaseInsensitive(materialize('abcdefgh'), 'abcdeFG')) from system.numbers limit 5;",
            "name": "00951_ngram_search.sql"
        },
        {
            "query": "\nselect round(1000 * ngramSearchCaseInsensitive(materialize('AAAAbcdefgh'), 'defgh')) from system.numbers limit 5;",
            "name": "00951_ngram_search.sql"
        },
        {
            "query": "\nselect round(1000 * ngramSearchCaseInsensitive(materialize('ABCdefgH'), 'aaaaaaaa')) from system.numbers limit 5;",
            "name": "00951_ngram_search.sql"
        },
        {
            "query": "\n\nselect round(1000 * ngramSearchCaseInsensitive(materialize(''), materialize('')))=round(1000 * ngramSearchCaseInsensitive(materialize(''), '')) from system.numbers limit 5;",
            "name": "00951_ngram_search.sql"
        },
        {
            "query": "\nselect round(1000 * ngramSearchCaseInsensitive(materialize('abc'), materialize('')))=round(1000 * ngramSearchCaseInsensitive(materialize('abc'), '')) from system.numbers limit 5;",
            "name": "00951_ngram_search.sql"
        },
        {
            "query": "\nselect round(1000 * ngramSearchCaseInsensitive(materialize(''), materialize('abc')))=round(1000 * ngramSearchCaseInsensitive(materialize(''), 'abc')) from system.numbers limit 5;",
            "name": "00951_ngram_search.sql"
        },
        {
            "query": "\nselect round(1000 * ngramSearchCaseInsensitive(materialize('abCdefgH'), materialize('Abcdefgh')))=round(1000 * ngramSearchCaseInsensitive(materialize('abCdefgH'), 'Abcdefgh')) from system.numbers limit 5;",
            "name": "00951_ngram_search.sql"
        },
        {
            "query": "\nselect round(1000 * ngramSearchCaseInsensitive(materialize('abcdefgh'), materialize('abcdeFG')))=round(1000 * ngramSearchCaseInsensitive(materialize('abcdefgh'), 'abcdeFG')) from system.numbers limit 5;",
            "name": "00951_ngram_search.sql"
        },
        {
            "query": "\nselect round(1000 * ngramSearchCaseInsensitive(materialize('AAAAbcdefgh'), materialize('defgh')))=round(1000 * ngramSearchCaseInsensitive(materialize('AAAAbcdefgh'), 'defgh')) from system.numbers limit 5;",
            "name": "00951_ngram_search.sql"
        },
        {
            "query": "\nselect round(1000 * ngramSearchCaseInsensitive(materialize('ABCdefgH'), materialize('aaaaaaaa')))=round(1000 * ngramSearchCaseInsensitive(materialize('ABCdefgH'), 'aaaaaaaa')) from system.numbers limit 5;",
            "name": "00951_ngram_search.sql"
        },
        {
            "query": "\n\nselect round(1000 * ngramSearchCaseInsensitive('', materialize('')))=round(1000 * ngramSearchCaseInsensitive(materialize(''), '')) from system.numbers limit 5;",
            "name": "00951_ngram_search.sql"
        },
        {
            "query": "\nselect round(1000 * ngramSearchCaseInsensitive('abc', materialize('')))=round(1000 * ngramSearchCaseInsensitive(materialize('abc'), '')) from system.numbers limit 5;",
            "name": "00951_ngram_search.sql"
        },
        {
            "query": "\nselect round(1000 * ngramSearchCaseInsensitive('', materialize('abc')))=round(1000 * ngramSearchCaseInsensitive(materialize(''), 'abc')) from system.numbers limit 5;",
            "name": "00951_ngram_search.sql"
        },
        {
            "query": "\nselect round(1000 * ngramSearchCaseInsensitive('abCdefgH', materialize('Abcdefgh')))=round(1000 * ngramSearchCaseInsensitive(materialize('abCdefgH'), 'Abcdefgh')) from system.numbers limit 5;",
            "name": "00951_ngram_search.sql"
        },
        {
            "query": "\nselect round(1000 * ngramSearchCaseInsensitive('abcdefgh', materialize('abcdeFG')))=round(1000 * ngramSearchCaseInsensitive(materialize('abcdefgh'), 'abcdeFG')) from system.numbers limit 5;",
            "name": "00951_ngram_search.sql"
        },
        {
            "query": "\nselect round(1000 * ngramSearchCaseInsensitive('AAAAbcdefgh', materialize('defgh')))=round(1000 * ngramSearchCaseInsensitive(materialize('AAAAbcdefgh'), 'defgh')) from system.numbers limit 5;",
            "name": "00951_ngram_search.sql"
        },
        {
            "query": "\nselect round(1000 * ngramSearchCaseInsensitive('ABCdefgH', materialize('aaaaaaaa')))=round(1000 * ngramSearchCaseInsensitive(materialize('ABCdefgH'), 'aaaaaaaa')) from system.numbers limit 5;",
            "name": "00951_ngram_search.sql"
        },
        {
            "query": "\n\nselect round(1000 * ngramSearchCaseInsensitive('', ''));",
            "name": "00951_ngram_search.sql"
        },
        {
            "query": "\nselect round(1000 * ngramSearchCaseInsensitive('abc', ''));",
            "name": "00951_ngram_search.sql"
        },
        {
            "query": "\nselect round(1000 * ngramSearchCaseInsensitive('', 'abc'));",
            "name": "00951_ngram_search.sql"
        },
        {
            "query": "\nselect round(1000 * ngramSearchCaseInsensitive('abCdefgH', 'Abcdefgh'));",
            "name": "00951_ngram_search.sql"
        },
        {
            "query": "\nselect round(1000 * ngramSearchCaseInsensitive('abcdefgh', 'abcdeFG'));",
            "name": "00951_ngram_search.sql"
        },
        {
            "query": "\nselect round(1000 * ngramSearchCaseInsensitive('AAAAbcdefgh', 'defgh'));",
            "name": "00951_ngram_search.sql"
        },
        {
            "query": "\nselect round(1000 * ngramSearchCaseInsensitive('ABCdefgHaAaaaAaaaAA', 'aaaaaaaa'));",
            "name": "00951_ngram_search.sql"
        },
        {
            "query": "\n\nSELECT Title, round(1000 * distance) FROM test_entry_distance ORDER BY ngramSearchCaseInsensitive(Title, '\u041f\u0440\u0418\u0432\u0415\u0442 \u043a\u0410\u041a \u0414\u0415\u041b\u0430') as distance, Title;",
            "name": "00951_ngram_search.sql"
        },
        {
            "query": "\nSELECT Title, round(1000 * distance) FROM test_entry_distance ORDER BY ngramSearchCaseInsensitive(Title, '\u043a\u0430\u043a \u041f\u0420\u0418\u0412\u0415\u0422 \u0434\u0435\u043b\u0430') as distance, Title;",
            "name": "00951_ngram_search.sql"
        },
        {
            "query": "\nSELECT Title, round(1000 * distance) FROM test_entry_distance ORDER BY ngramSearchCaseInsensitive(Title, 'metrika') as distance, Title;",
            "name": "00951_ngram_search.sql"
        },
        {
            "query": "\nSELECT Title, round(1000 * distance) FROM test_entry_distance ORDER BY ngramSearchCaseInsensitive(Title, 'Metrika') as distance, Title;",
            "name": "00951_ngram_search.sql"
        },
        {
            "query": "\nSELECT Title, round(1000 * distance) FROM test_entry_distance ORDER BY ngramSearchCaseInsensitive(Title, 'mEtrica') as distance, Title;",
            "name": "00951_ngram_search.sql"
        },
        {
            "query": "\nSELECT Title, round(1000 * distance) FROM test_entry_distance ORDER BY ngramSearchCaseInsensitive(Title, 'metriKS') as distance, Title;",
            "name": "00951_ngram_search.sql"
        },
        {
            "query": "\nSELECT Title, round(1000 * distance) FROM test_entry_distance ORDER BY ngramSearchCaseInsensitive(Title, 'metrics') as distance, Title;",
            "name": "00951_ngram_search.sql"
        },
        {
            "query": "\nSELECT Title, round(1000 * distance) FROM test_entry_distance ORDER BY ngramSearchCaseInsensitive(Title, 'BigMIR') as distance, Title;",
            "name": "00951_ngram_search.sql"
        },
        {
            "query": "\n\ndrop table if exists test_entry_distance;",
            "name": "00951_ngram_search.sql"
        }
    ]
}