{
    "name": "02126_lc_window_functions.sql",
    "tests": [
        {
            "query": "SELECT max(id) OVER () AS aid\nFROM\n(\n    SELECT materialize(toLowCardinality('aaaa')) AS id\n    FROM numbers_mt(1000000)\n)\nFORMAT `Null`;",
            "name": "02126_lc_window_functions.sql"
        },
        {
            "query": "\n\nSELECT max(id) OVER (PARTITION BY id) AS id\nFROM\n(\n    SELECT materialize('aaaa') AS id\n    FROM numbers_mt(1000000)\n)\nFORMAT `Null`;",
            "name": "02126_lc_window_functions.sql"
        },
        {
            "query": "\n\nSELECT countIf(sym = 'Red') OVER () AS res\nFROM\n(\n    SELECT CAST(CAST(number % 5, 'Enum8(\\'Red\\' = 0, \\'Blue\\' = 1, \\'Yellow\\' = 2, \\'Black\\' = 3, \\'White\\' = 4)'), 'LowCardinality(String)') AS sym\n    FROM numbers(10)\n);",
            "name": "02126_lc_window_functions.sql"
        },
        {
            "query": "\n\nSELECT materialize(toLowCardinality('a\\0aa')), countIf(toLowCardinality('aaaaaaa\\0aaaaaaa\\0aaaaaaa\\0aaaaaaa\\0aaaaaaa\\0aaaaaaa\\0aaaaaaa\\0aaaaaaa\\0aaaaaaa\\0aaaaaaa\\0aaaaaaa\\0aaaaaaa\\0aaaaaaa\\0aaaaaaa\\0aaaaaaa\\0aaaaaaa\\0'), sym = 'Red') OVER (Range BETWEEN UNBOUNDED PRECEDING AND CURRENT ROW) AS res FROM (SELECT CAST(CAST(number % 5, 'Enum8(\\'Red\\' = 0, \\'Blue\\' = 1, \\'Yellow\\' = 2, \\'Black\\' = 3, \\'White\\' = 4)'), 'LowCardinality(String)') AS sym FROM numbers(3));",
            "name": "02126_lc_window_functions.sql"
        },
        {
            "query": "\n\nSELECT\n    NULL,\n    id,\n    max(id) OVER (Rows BETWEEN 10 PRECEDING AND UNBOUNDED FOLLOWING) AS aid\nFROM\n(\n    SELECT\n        NULL,\n        max(id) OVER (),\n        materialize(toLowCardinality('')) AS id\n    FROM numbers_mt(0, 1)\n)\nFORMAT `Null`;",
            "name": "02126_lc_window_functions.sql"
        }
    ]
}