{
    "name": "01582_any_join_supertype.sql",
    "tests": [
        {
            "query": "DROP TABLE IF EXISTS foo;",
            "name": "01582_any_join_supertype.sql"
        },
        {
            "query": "\nDROP TABLE IF EXISTS bar;",
            "name": "01582_any_join_supertype.sql"
        },
        {
            "query": "\n\nCREATE TABLE foo (server_date Date, server_time Datetime('Asia/Istanbul'), dimension_1 String) ENGINE = MergeTree() PARTITION BY toYYYYMM(server_date) ORDER BY (server_date);",
            "name": "01582_any_join_supertype.sql"
        },
        {
            "query": "\nCREATE TABLE bar (server_date Date, dimension_1 String) ENGINE = MergeTree() PARTITION BY toYYYYMM(server_date) ORDER BY (server_date);",
            "name": "01582_any_join_supertype.sql"
        },
        {
            "query": "\n\nINSERT INTO foo VALUES ('2020-01-01', '2020-01-01 12:00:00', 'test1'), ('2020-01-01', '2020-01-01 13:00:00', 'test2');",
            "name": "01582_any_join_supertype.sql"
        },
        {
            "query": "\nINSERT INTO bar VALUES ('2020-01-01', 'test2'), ('2020-01-01', 'test3');",
            "name": "01582_any_join_supertype.sql"
        },
        {
            "query": "\n\nSET optimize_move_to_prewhere = 1;",
            "name": "01582_any_join_supertype.sql"
        },
        {
            "query": "\nSET any_join_distinct_right_table_keys = 0;",
            "name": "01582_any_join_supertype.sql"
        },
        {
            "query": "\n\nSELECT count()\nFROM foo ANY INNER JOIN bar USING (dimension_1)\nWHERE (foo.server_date <= '2020-11-07') AND (toDate(foo.server_time, 'Asia/Yekaterinburg') <= '2020-11-07');",
            "name": "01582_any_join_supertype.sql"
        },
        {
            "query": "\n\nSELECT toDateTime(foo.server_time, 'UTC')\nFROM foo\nANY INNER JOIN bar USING (dimension_1)\nWHERE toDate(foo.server_time, 'UTC') <= toDate('2020-04-30');",
            "name": "01582_any_join_supertype.sql"
        },
        {
            "query": "\n\nSELECT toDateTime(foo.server_time, 'UTC') FROM foo\nSEMI JOIN bar USING (dimension_1) WHERE toDate(foo.server_time, 'UTC') <= toDate('2020-04-30');",
            "name": "01582_any_join_supertype.sql"
        },
        {
            "query": "\n\nSET any_join_distinct_right_table_keys = 1;",
            "name": "01582_any_join_supertype.sql"
        },
        {
            "query": "\n\nSELECT count()\nFROM foo ANY INNER JOIN bar USING (dimension_1)\nWHERE (foo.server_date <= '2020-11-07') AND (toDate(foo.server_time, 'Asia/Yekaterinburg') <= '2020-11-07');",
            "name": "01582_any_join_supertype.sql"
        },
        {
            "query": "\n\nSELECT toDateTime(foo.server_time, 'UTC')\nFROM foo\nANY INNER JOIN bar USING (dimension_1)\nWHERE toDate(foo.server_time, 'UTC') <= toDate('2020-04-30');",
            "name": "01582_any_join_supertype.sql"
        },
        {
            "query": "\n\nDROP TABLE foo;",
            "name": "01582_any_join_supertype.sql"
        },
        {
            "query": "\nDROP TABLE bar;",
            "name": "01582_any_join_supertype.sql"
        }
    ]
}