{
    "name": "01018_optimize_read_in_order_with_in_subquery.sql",
    "tests": [
        {
            "query": "SET max_threads = 2;",
            "name": "01018_optimize_read_in_order_with_in_subquery.sql"
        },
        {
            "query": "\nSET optimize_read_in_order = 1;",
            "name": "01018_optimize_read_in_order_with_in_subquery.sql"
        },
        {
            "query": "\n\nDROP TABLE IF EXISTS TESTTABLE4;",
            "name": "01018_optimize_read_in_order_with_in_subquery.sql"
        },
        {
            "query": "\nCREATE TABLE TESTTABLE4 (_id UInt64, pt String, l String ) \nENGINE = MergeTree() PARTITION BY (pt) ORDER BY (_id);",
            "name": "01018_optimize_read_in_order_with_in_subquery.sql"
        },
        {
            "query": "\nINSERT INTO TESTTABLE4 VALUES (0,'1','1'), (1,'0','1');",
            "name": "01018_optimize_read_in_order_with_in_subquery.sql"
        },
        {
            "query": "\n\nSELECT _id FROM TESTTABLE4 PREWHERE l IN (select '1') ORDER BY _id DESC LIMIT 10;",
            "name": "01018_optimize_read_in_order_with_in_subquery.sql"
        },
        {
            "query": "\n\nDROP TABLE TESTTABLE4;",
            "name": "01018_optimize_read_in_order_with_in_subquery.sql"
        }
    ]
}