{
    "name": "00808_not_optimize_predicate.sql",
    "tests": [
        {
            "query": "SET send_logs_level = 'fatal';",
            "name": "00808_not_optimize_predicate.sql"
        },
        {
            "query": "\nSET convert_query_to_cnf = 0;",
            "name": "00808_not_optimize_predicate.sql"
        },
        {
            "query": "\nSET allow_deprecated_functions = 1;",
            "name": "00808_not_optimize_predicate.sql"
        },
        {
            "query": "\n\nDROP TABLE IF EXISTS test_00808;",
            "name": "00808_not_optimize_predicate.sql"
        },
        {
            "query": "\nCREATE TABLE test_00808(date Date, id Int8, name String, value Int64, sign Int8) ENGINE = CollapsingMergeTree(sign) ORDER BY (id, date);",
            "name": "00808_not_optimize_predicate.sql"
        },
        {
            "query": "\n\nINSERT INTO test_00808 VALUES('2000-01-01', 1, 'test string 1', 1, 1);",
            "name": "00808_not_optimize_predicate.sql"
        },
        {
            "query": "\nINSERT INTO test_00808 VALUES('2000-01-01', 2, 'test string 2', 2, 1);",
            "name": "00808_not_optimize_predicate.sql"
        },
        {
            "query": "\n\nSET enable_optimize_predicate_expression = 1;",
            "name": "00808_not_optimize_predicate.sql"
        },
        {
            "query": "\n\nSELECT '-------ENABLE OPTIMIZE PREDICATE-------';",
            "name": "00808_not_optimize_predicate.sql"
        },
        {
            "query": "\nSELECT * FROM (SELECT * FROM test_00808 FINAL) WHERE id = 1;",
            "name": "00808_not_optimize_predicate.sql"
        },
        {
            "query": "\nSELECT * FROM (SELECT * FROM test_00808 ORDER BY id LIMIT 1) WHERE id = 1;",
            "name": "00808_not_optimize_predicate.sql"
        },
        {
            "query": "\nSELECT * FROM (SELECT id FROM test_00808 GROUP BY id LIMIT 1 BY id) WHERE id = 1;",
            "name": "00808_not_optimize_predicate.sql"
        },
        {
            "query": "\n\nSET force_primary_key = 1;",
            "name": "00808_not_optimize_predicate.sql"
        },
        {
            "query": "\n\nSELECT '-------FORCE PRIMARY KEY-------';",
            "name": "00808_not_optimize_predicate.sql"
        },
        {
            "query": "\nSELECT * FROM (SELECT * FROM test_00808 LIMIT 1) WHERE id = 1;",
            "name": "00808_not_optimize_predicate.sql"
        },
        {
            "query": " -- { serverError 277 }\nSELECT * FROM (SELECT id FROM test_00808 GROUP BY id LIMIT 1 BY id) WHERE id = 1;",
            "name": "00808_not_optimize_predicate.sql"
        },
        {
            "query": " -- { serverError 277 }\n\nSELECT '-------CHECK STATEFUL FUNCTIONS-------';",
            "name": "00808_not_optimize_predicate.sql"
        },
        {
            "query": "\nSELECT n, z, changed FROM (\n  SELECT n, z, runningDifferenceStartingWithFirstValue(n) AS changed FROM (\n     SELECT ts, n,z FROM system.one ARRAY JOIN [1,3,4,5,6] AS ts,\n        [1,2,2,2,1] AS n, ['a', 'a', 'b', 'a', 'b'] AS z\n      ORDER BY n, ts DESC\n  )\n) WHERE changed = 0;",
            "name": "00808_not_optimize_predicate.sql"
        },
        {
            "query": "\n\n\nSELECT arrayJoin(arrayMap(x -> x, arraySort(groupArray((ts, n))))) AS k FROM (\n  SELECT ts, n, z FROM system.one ARRAY JOIN [1, 3, 4, 5, 6] AS ts, [1, 2, 2, 2, 1] AS n, ['a', 'a', 'b', 'a', 'b'] AS z\n  ORDER BY n ASC, ts DESC\n) WHERE z = 'a' GROUP BY z;",
            "name": "00808_not_optimize_predicate.sql"
        },
        {
            "query": "\n\n\nDROP TABLE IF EXISTS test_00808;",
            "name": "00808_not_optimize_predicate.sql"
        },
        {
            "query": "\n\nSELECT '-------finalizeAggregation should not be stateful (issue #14847)-------';",
            "name": "00808_not_optimize_predicate.sql"
        },
        {
            "query": "\n\nDROP TABLE IF EXISTS test_00808_push_down_with_finalizeAggregation;",
            "name": "00808_not_optimize_predicate.sql"
        },
        {
            "query": "\n\nCREATE TABLE test_00808_push_down_with_finalizeAggregation ENGINE = AggregatingMergeTree\nORDER BY n AS\nSELECT\n    intDiv(number, 25) AS n,\n    avgState(number) AS s\nFROM numbers(2500)\nGROUP BY n\nORDER BY n;",
            "name": "00808_not_optimize_predicate.sql"
        },
        {
            "query": "\n\nSET force_primary_key = 1, enable_optimize_predicate_expression = 1;",
            "name": "00808_not_optimize_predicate.sql"
        },
        {
            "query": "\n\nSELECT *\nFROM\n(\n    SELECT\n        n,\n        finalizeAggregation(s)\n    FROM test_00808_push_down_with_finalizeAggregation\n)\nWHERE (n >= 2) AND (n <= 5)\nORDER BY n;",
            "name": "00808_not_optimize_predicate.sql"
        },
        {
            "query": "\n\nEXPLAIN SYNTAX SELECT *\nFROM\n(\n    SELECT\n        n,\n        finalizeAggregation(s)\n    FROM test_00808_push_down_with_finalizeAggregation\n)\nWHERE (n >= 2) AND (n <= 5);",
            "name": "00808_not_optimize_predicate.sql"
        },
        {
            "query": "\n\nDROP TABLE IF EXISTS test_00808_push_down_with_finalizeAggregation;",
            "name": "00808_not_optimize_predicate.sql"
        }
    ]
}