{
    "name": "00927_asof_joins.sql",
    "tests": [
        {
            "query": "DROP TABLE IF EXISTS md;",
            "name": "00927_asof_joins.sql"
        },
        {
            "query": "\nDROP TABLE IF EXISTS tv;",
            "name": "00927_asof_joins.sql"
        },
        {
            "query": "\n\nCREATE TABLE md(key UInt32, t DateTime, bid Float64, ask Float64) ENGINE = MergeTree() ORDER BY (key, t);",
            "name": "00927_asof_joins.sql"
        },
        {
            "query": "\nINSERT INTO md(key,t,bid,ask) VALUES (1,20,7,8),(1,5,1,2),(1,10,11,12),(1,15,5,6);",
            "name": "00927_asof_joins.sql"
        },
        {
            "query": "\nINSERT INTO md(key,t,bid,ask) VALUES (2,20,17,18),(2,5,11,12),(2,10,21,22),(2,15,5,6);",
            "name": "00927_asof_joins.sql"
        },
        {
            "query": "\n\nCREATE TABLE tv(key UInt32, t DateTime, tv Float64) ENGINE = MergeTree() ORDER BY (key, t);",
            "name": "00927_asof_joins.sql"
        },
        {
            "query": "\nINSERT INTO tv(key,t,tv) VALUES (1,5,1.5),(1,6,1.51),(1,10,11.5),(1,11,11.51),(1,15,5.5),(1,16,5.6),(1,20,7.5);",
            "name": "00927_asof_joins.sql"
        },
        {
            "query": "\nINSERT INTO tv(key,t,tv) VALUES (2,5,2.5),(2,6,2.51),(2,10,12.5),(2,11,12.51),(2,15,6.5),(2,16,5.6),(2,20,8.5);",
            "name": "00927_asof_joins.sql"
        },
        {
            "query": "\n\nSELECT tv.key, toString(tv.t, 'UTC'), md.bid, tv.tv, md.ask FROM tv ASOF LEFT JOIN md USING(key,t) ORDER BY (tv.key, tv.t);",
            "name": "00927_asof_joins.sql"
        },
        {
            "query": "\n\nDROP TABLE md;",
            "name": "00927_asof_joins.sql"
        },
        {
            "query": "\nDROP TABLE tv;",
            "name": "00927_asof_joins.sql"
        }
    ]
}