{
    "name": "02559_multiple_read_steps_in_prewhere_missing_columns_2.sql",
    "tests": [
        {
            "query": "DROP TABLE IF EXISTS t_02559;",
            "name": "02559_multiple_read_steps_in_prewhere_missing_columns_2.sql"
        },
        {
            "query": "\n\nCREATE TABLE t_02559 (\n    key UInt64,\n    value Array(String))\nENGINE = MergeTree\nORDER BY key\nSETTINGS index_granularity=400, min_bytes_for_wide_part=0;",
            "name": "02559_multiple_read_steps_in_prewhere_missing_columns_2.sql"
        },
        {
            "query": "\n\nINSERT INTO t_02559 SELECT number,\nif (number < 100 OR number > 1000,\n    [toString(number)],\n    emptyArrayString())\n    FROM numbers(2000);",
            "name": "02559_multiple_read_steps_in_prewhere_missing_columns_2.sql"
        },
        {
            "query": "\n\nSET enable_multiple_prewhere_read_steps=1, move_all_conditions_to_prewhere=1;",
            "name": "02559_multiple_read_steps_in_prewhere_missing_columns_2.sql"
        },
        {
            "query": "\n\nSELECT * FROM t_02559\nWHERE (key < 5 OR key > 500)\n    AND NOT has(value, toString(key))\n    AND length(value) == 1\nLIMIT 10\nSETTINGS max_block_size = 81,\n         max_threads = 1;",
            "name": "02559_multiple_read_steps_in_prewhere_missing_columns_2.sql"
        },
        {
            "query": "\n\nDROP TABLE IF EXISTS t_02559;",
            "name": "02559_multiple_read_steps_in_prewhere_missing_columns_2.sql"
        }
    ]
}