{
    "name": "02680_mysql_ast_logical_err.sql",
    "tests": [
        {
            "query": "CREATE TABLE foo (key UInt32, a String, b Int64, c String) ENGINE = TinyLog;",
            "name": "02680_mysql_ast_logical_err.sql"
        },
        {
            "query": "\n\nSELECT count() FROM mysql(mysql('127.0.0.1:9004', currentDatabase(), 'foo', 'default', ''), '127.0.0.1:9004', currentDatabase(), 'foo', '', '');",
            "name": "02680_mysql_ast_logical_err.sql"
        },
        {
            "query": " -- { serverError UNKNOWN_FUNCTION }\nSELECT count() FROM mysql(mysql('127.0.0.1:9004', currentDatabase(), 'foo', 'default', '', SETTINGS connection_pool_size = 1), '127.0.0.1:9004', currentDatabase(), 'foo', '', '');",
            "name": "02680_mysql_ast_logical_err.sql"
        },
        {
            "query": " -- { serverError UNKNOWN_FUNCTION, UNSUPPORTED_METHOD }\n;",
            "name": "02680_mysql_ast_logical_err.sql"
        }
    ]
}