{
    "name": "01282_system_parts_ttl_info.sql",
    "tests": [
        {
            "query": "DROP TABLE IF EXISTS ttl;",
            "name": "01282_system_parts_ttl_info.sql"
        },
        {
            "query": "\nCREATE TABLE ttl (d DateTime) ENGINE = MergeTree ORDER BY tuple() TTL d + INTERVAL 10 DAY SETTINGS remove_empty_parts=0;",
            "name": "01282_system_parts_ttl_info.sql"
        },
        {
            "query": "\nSYSTEM STOP MERGES ttl;",
            "name": "01282_system_parts_ttl_info.sql"
        },
        {
            "query": "\nINSERT INTO ttl VALUES ('2000-01-01 01:02:03'), ('2000-02-03 04:05:06');",
            "name": "01282_system_parts_ttl_info.sql"
        },
        {
            "query": "\nSELECT rows, delete_ttl_info_min, delete_ttl_info_max, move_ttl_info.expression, move_ttl_info.min, move_ttl_info.max FROM system.parts WHERE database = currentDatabase() AND table = 'ttl';",
            "name": "01282_system_parts_ttl_info.sql"
        },
        {
            "query": "\nSYSTEM START MERGES ttl;",
            "name": "01282_system_parts_ttl_info.sql"
        },
        {
            "query": "\nOPTIMIZE TABLE ttl FINAL;",
            "name": "01282_system_parts_ttl_info.sql"
        },
        {
            "query": "\nSELECT rows, toTimeZone(delete_ttl_info_min, 'UTC'), toTimeZone(delete_ttl_info_max, 'UTC'), move_ttl_info.expression, move_ttl_info.min, move_ttl_info.max FROM system.parts WHERE database = currentDatabase() AND table = 'ttl' AND active;",
            "name": "01282_system_parts_ttl_info.sql"
        },
        {
            "query": "\nDROP TABLE ttl;",
            "name": "01282_system_parts_ttl_info.sql"
        }
    ]
}