{
    "name": "02428_decimal_in_floating_point_literal.sql",
    "tests": [
        {
            "query": "DROP TABLE IF EXISTS decimal_in_float_test;",
            "name": "02428_decimal_in_floating_point_literal.sql"
        },
        {
            "query": "\n\nCREATE TABLE decimal_in_float_test ( `a` Decimal(18, 0), `b` Decimal(36, 2) ) ENGINE = Memory;",
            "name": "02428_decimal_in_floating_point_literal.sql"
        },
        {
            "query": "\nINSERT INTO decimal_in_float_test VALUES ('33', '44.44');",
            "name": "02428_decimal_in_floating_point_literal.sql"
        },
        {
            "query": "\n\nSELECT toDecimal32(1.555,3) IN (1.5551);",
            "name": "02428_decimal_in_floating_point_literal.sql"
        },
        {
            "query": "\nSELECT toDecimal32(1.555,3) IN (1.5551,1.555);",
            "name": "02428_decimal_in_floating_point_literal.sql"
        },
        {
            "query": "\nSELECT toDecimal32(1.555,3) IN (1.5551,1.555000);",
            "name": "02428_decimal_in_floating_point_literal.sql"
        },
        {
            "query": "\nSELECT toDecimal32(1.555,3) IN (1.550,1.5);",
            "name": "02428_decimal_in_floating_point_literal.sql"
        },
        {
            "query": "\n\nSELECT toDecimal64(1.555,3) IN (1.5551);",
            "name": "02428_decimal_in_floating_point_literal.sql"
        },
        {
            "query": "\nSELECT toDecimal64(1.555,3) IN (1.5551,1.555);",
            "name": "02428_decimal_in_floating_point_literal.sql"
        },
        {
            "query": "\nSELECT toDecimal64(1.555,3) IN (1.5551,1.555000);",
            "name": "02428_decimal_in_floating_point_literal.sql"
        },
        {
            "query": "\nSELECT toDecimal64(1.555,3) IN (1.550,1.5);",
            "name": "02428_decimal_in_floating_point_literal.sql"
        },
        {
            "query": "\n\nSELECT toDecimal128(1.555,3) IN (1.5551);",
            "name": "02428_decimal_in_floating_point_literal.sql"
        },
        {
            "query": "\nSELECT toDecimal128(1.555,3) IN (1.5551,1.555);",
            "name": "02428_decimal_in_floating_point_literal.sql"
        },
        {
            "query": "\nSELECT toDecimal128(1.555,3) IN (1.5551,1.555000);",
            "name": "02428_decimal_in_floating_point_literal.sql"
        },
        {
            "query": "\nSELECT toDecimal128(1.555,3) IN (1.550,1.5);",
            "name": "02428_decimal_in_floating_point_literal.sql"
        },
        {
            "query": "\n\nSELECT toDecimal256(1.555,3) IN (1.5551);",
            "name": "02428_decimal_in_floating_point_literal.sql"
        },
        {
            "query": "\nSELECT toDecimal256(1.555,3) IN (1.5551,1.555);",
            "name": "02428_decimal_in_floating_point_literal.sql"
        },
        {
            "query": "\nSELECT toDecimal256(1.555,3) IN (1.5551,1.555000);",
            "name": "02428_decimal_in_floating_point_literal.sql"
        },
        {
            "query": "\nSELECT toDecimal256(1.555,3) IN (1.550,1.5);",
            "name": "02428_decimal_in_floating_point_literal.sql"
        },
        {
            "query": "\n\n\nSELECT count() == 1 FROM decimal_in_float_test WHERE a IN (33);",
            "name": "02428_decimal_in_floating_point_literal.sql"
        },
        {
            "query": "\nSELECT count() == 1 FROM decimal_in_float_test WHERE a IN (33.0);",
            "name": "02428_decimal_in_floating_point_literal.sql"
        },
        {
            "query": "\nSELECT count() == 1 FROM decimal_in_float_test WHERE a NOT IN (33.333);",
            "name": "02428_decimal_in_floating_point_literal.sql"
        },
        {
            "query": "\nSELECT count() == 1 FROM decimal_in_float_test WHERE b IN (44.44);",
            "name": "02428_decimal_in_floating_point_literal.sql"
        },
        {
            "query": "\nSELECT count() == 1 FROM decimal_in_float_test WHERE b NOT IN (44.4,44.444);",
            "name": "02428_decimal_in_floating_point_literal.sql"
        },
        {
            "query": "\n\nSET allow_experimental_analyzer = 1;",
            "name": "02428_decimal_in_floating_point_literal.sql"
        },
        {
            "query": "\n\n\nSELECT toDecimal32(1.555,3) IN (1.5551);",
            "name": "02428_decimal_in_floating_point_literal.sql"
        },
        {
            "query": "\nSELECT toDecimal32(1.555,3) IN (1.5551,1.555);",
            "name": "02428_decimal_in_floating_point_literal.sql"
        },
        {
            "query": "\nSELECT toDecimal32(1.555,3) IN (1.5551,1.555000);",
            "name": "02428_decimal_in_floating_point_literal.sql"
        },
        {
            "query": "\nSELECT toDecimal32(1.555,3) IN (1.550,1.5);",
            "name": "02428_decimal_in_floating_point_literal.sql"
        },
        {
            "query": "\n\nSELECT toDecimal64(1.555,3) IN (1.5551);",
            "name": "02428_decimal_in_floating_point_literal.sql"
        },
        {
            "query": "\nSELECT toDecimal64(1.555,3) IN (1.5551,1.555);",
            "name": "02428_decimal_in_floating_point_literal.sql"
        },
        {
            "query": "\nSELECT toDecimal64(1.555,3) IN (1.5551,1.555000);",
            "name": "02428_decimal_in_floating_point_literal.sql"
        },
        {
            "query": "\nSELECT toDecimal64(1.555,3) IN (1.550,1.5);",
            "name": "02428_decimal_in_floating_point_literal.sql"
        },
        {
            "query": "\n\nSELECT toDecimal128(1.555,3) IN (1.5551);",
            "name": "02428_decimal_in_floating_point_literal.sql"
        },
        {
            "query": "\nSELECT toDecimal128(1.555,3) IN (1.5551,1.555);",
            "name": "02428_decimal_in_floating_point_literal.sql"
        },
        {
            "query": "\nSELECT toDecimal128(1.555,3) IN (1.5551,1.555000);",
            "name": "02428_decimal_in_floating_point_literal.sql"
        },
        {
            "query": "\nSELECT toDecimal128(1.555,3) IN (1.550,1.5);",
            "name": "02428_decimal_in_floating_point_literal.sql"
        },
        {
            "query": "\n\nSELECT toDecimal256(1.555,3) IN (1.5551);",
            "name": "02428_decimal_in_floating_point_literal.sql"
        },
        {
            "query": "\nSELECT toDecimal256(1.555,3) IN (1.5551,1.555);",
            "name": "02428_decimal_in_floating_point_literal.sql"
        },
        {
            "query": "\nSELECT toDecimal256(1.555,3) IN (1.5551,1.555000);",
            "name": "02428_decimal_in_floating_point_literal.sql"
        },
        {
            "query": "\nSELECT toDecimal256(1.555,3) IN (1.550,1.5);",
            "name": "02428_decimal_in_floating_point_literal.sql"
        },
        {
            "query": "\n\n\nSELECT count() == 1 FROM decimal_in_float_test WHERE a IN (33);",
            "name": "02428_decimal_in_floating_point_literal.sql"
        },
        {
            "query": "\nSELECT count() == 1 FROM decimal_in_float_test WHERE a IN (33.0);",
            "name": "02428_decimal_in_floating_point_literal.sql"
        },
        {
            "query": "\nSELECT count() == 1 FROM decimal_in_float_test WHERE a NOT IN (33.333);",
            "name": "02428_decimal_in_floating_point_literal.sql"
        },
        {
            "query": "\nSELECT count() == 1 FROM decimal_in_float_test WHERE b IN (44.44);",
            "name": "02428_decimal_in_floating_point_literal.sql"
        },
        {
            "query": "\nSELECT count() == 1 FROM decimal_in_float_test WHERE b NOT IN (44.4,44.444);",
            "name": "02428_decimal_in_floating_point_literal.sql"
        },
        {
            "query": "\n\nDROP TABLE IF EXISTS decimal_in_float_test;",
            "name": "02428_decimal_in_floating_point_literal.sql"
        }
    ]
}