{
    "name": "01358_constexpr_constraint.sql",
    "tests": [
        {
            "query": "CREATE TEMPORARY TABLE constrained\n(\n    `URL` String,\n    CONSTRAINT identity CHECK domainWithoutWWW(URL) = domainWithoutWWW(URL),\n    CONSTRAINT is_utf8 CHECK isValidUTF8(URL)\n);",
            "name": "01358_constexpr_constraint.sql"
        },
        {
            "query": "\n\ninsert into constrained values ('a');",
            "name": "01358_constexpr_constraint.sql"
        },
        {
            "query": "\n\nDROP TEMPORARY TABLE constrained;",
            "name": "01358_constexpr_constraint.sql"
        },
        {
            "query": "\nCREATE TEMPORARY TABLE constrained (x UInt8, CONSTRAINT bogus CHECK 0);",
            "name": "01358_constexpr_constraint.sql"
        },
        {
            "query": "\nINSERT INTO constrained VALUES (1);",
            "name": "01358_constexpr_constraint.sql"
        },
        {
            "query": " -- { serverError 469 }\n;",
            "name": "01358_constexpr_constraint.sql"
        }
    ]
}