{
    "name": "00746_compile_non_deterministic_function.sql",
    "tests": [
        {
            "query": "SET compile_expressions = 1;",
            "name": "00746_compile_non_deterministic_function.sql"
        },
        {
            "query": "\nSET min_count_to_compile_expression = 1;",
            "name": "00746_compile_non_deterministic_function.sql"
        },
        {
            "query": "\n\nDROP TABLE IF EXISTS time_table;",
            "name": "00746_compile_non_deterministic_function.sql"
        },
        {
            "query": "\n\nCREATE TABLE time_table(timecol DateTime, value Int32) ENGINE = MergeTree order by tuple();",
            "name": "00746_compile_non_deterministic_function.sql"
        },
        {
            "query": "\n\nINSERT INTO time_table VALUES (now() - 5, 5), (now() - 3, 3);",
            "name": "00746_compile_non_deterministic_function.sql"
        },
        {
            "query": "\n\nSELECT COUNT() from time_table WHERE value < now() - 1 AND value != 0 AND modulo(value, 2) != 0 AND timecol < now() - 1;",
            "name": "00746_compile_non_deterministic_function.sql"
        },
        {
            "query": "\n\nSELECT sleep(3);",
            "name": "00746_compile_non_deterministic_function.sql"
        },
        {
            "query": "\n\nINSERT INTO time_table VALUES (now(), 101);",
            "name": "00746_compile_non_deterministic_function.sql"
        },
        {
            "query": "\n\nSELECT sleep(3);",
            "name": "00746_compile_non_deterministic_function.sql"
        },
        {
            "query": "\n\nSELECT COUNT() from time_table WHERE value < now() - 1 AND value != 0 AND modulo(value, 2) != 0 AND timecol < now() - 1;",
            "name": "00746_compile_non_deterministic_function.sql"
        },
        {
            "query": "\n\nDROP TABLE IF EXISTS time_table;",
            "name": "00746_compile_non_deterministic_function.sql"
        }
    ]
}