{
    "name": "00661_optimize_final_replicated_without_partition_zookeeper.sql",
    "tests": [
        {
            "query": "-- Tags: replica\n\nSET optimize_on_insert = 0;",
            "name": "00661_optimize_final_replicated_without_partition_zookeeper.sql"
        },
        {
            "query": "\n\nDROP TABLE IF EXISTS partitioned_by_tuple_replica1_00661 SYNC;",
            "name": "00661_optimize_final_replicated_without_partition_zookeeper.sql"
        },
        {
            "query": "\nDROP TABLE IF EXISTS partitioned_by_tuple_replica2_00661 SYNC;",
            "name": "00661_optimize_final_replicated_without_partition_zookeeper.sql"
        },
        {
            "query": "\nCREATE TABLE partitioned_by_tuple_replica1_00661(d Date, x UInt8, w String, y UInt8) ENGINE = ReplicatedSummingMergeTree('/clickhouse/tables/{database}/test/partitioned_by_tuple_00661', '1') PARTITION BY (d, x) ORDER BY (d, x, w);",
            "name": "00661_optimize_final_replicated_without_partition_zookeeper.sql"
        },
        {
            "query": "\nCREATE TABLE partitioned_by_tuple_replica2_00661(d Date, x UInt8, w String, y UInt8) ENGINE = ReplicatedSummingMergeTree('/clickhouse/tables/{database}/test/partitioned_by_tuple_00661', '2') PARTITION BY (d, x) ORDER BY (d, x, w);",
            "name": "00661_optimize_final_replicated_without_partition_zookeeper.sql"
        },
        {
            "query": "\n\nINSERT INTO partitioned_by_tuple_replica1_00661 VALUES ('2000-01-02', 1, 'first', 3);",
            "name": "00661_optimize_final_replicated_without_partition_zookeeper.sql"
        },
        {
            "query": "\nINSERT INTO partitioned_by_tuple_replica1_00661 VALUES ('2000-01-01', 2, 'first', 2);",
            "name": "00661_optimize_final_replicated_without_partition_zookeeper.sql"
        },
        {
            "query": "\nINSERT INTO partitioned_by_tuple_replica1_00661 VALUES ('2000-01-01', 1, 'first', 1), ('2000-01-01', 1, 'first', 2);",
            "name": "00661_optimize_final_replicated_without_partition_zookeeper.sql"
        },
        {
            "query": "\n\nOPTIMIZE TABLE partitioned_by_tuple_replica1_00661;",
            "name": "00661_optimize_final_replicated_without_partition_zookeeper.sql"
        },
        {
            "query": "\n\nSYSTEM SYNC REPLICA partitioned_by_tuple_replica2_00661;",
            "name": "00661_optimize_final_replicated_without_partition_zookeeper.sql"
        },
        {
            "query": "\nSELECT * FROM partitioned_by_tuple_replica2_00661 ORDER BY d, x, w, y;",
            "name": "00661_optimize_final_replicated_without_partition_zookeeper.sql"
        },
        {
            "query": "\n\nOPTIMIZE TABLE partitioned_by_tuple_replica1_00661 FINAL;",
            "name": "00661_optimize_final_replicated_without_partition_zookeeper.sql"
        },
        {
            "query": "\n\nSYSTEM SYNC REPLICA partitioned_by_tuple_replica2_00661;",
            "name": "00661_optimize_final_replicated_without_partition_zookeeper.sql"
        },
        {
            "query": "\nSELECT * FROM partitioned_by_tuple_replica2_00661 ORDER BY d, x, w, y;",
            "name": "00661_optimize_final_replicated_without_partition_zookeeper.sql"
        },
        {
            "query": "\n\nDROP TABLE partitioned_by_tuple_replica1_00661 SYNC;",
            "name": "00661_optimize_final_replicated_without_partition_zookeeper.sql"
        },
        {
            "query": "\nDROP TABLE partitioned_by_tuple_replica2_00661 SYNC;",
            "name": "00661_optimize_final_replicated_without_partition_zookeeper.sql"
        }
    ]
}