{
    "name": "02494_query_cache_nondeterministic_functions.sql",
    "tests": [
        {
            "query": "-- Tags: no-parallel\n-- Tag no-parallel: Messes with internal cache\n\nSYSTEM DROP QUERY CACHE;",
            "name": "02494_query_cache_nondeterministic_functions.sql"
        },
        {
            "query": "\n\nSELECT '-- query_cache_nondeterministic_function_handling = throw';",
            "name": "02494_query_cache_nondeterministic_functions.sql"
        },
        {
            "query": "\nSELECT count(now()) SETTINGS use_query_cache = true;",
            "name": "02494_query_cache_nondeterministic_functions.sql"
        },
        {
            "query": " -- { serverError QUERY_CACHE_USED_WITH_NONDETERMINISTIC_FUNCTIONS }\nSELECT count(now()) SETTINGS use_query_cache = true, query_cache_nondeterministic_function_handling = 'throw';",
            "name": "02494_query_cache_nondeterministic_functions.sql"
        },
        {
            "query": " -- { serverError QUERY_CACHE_USED_WITH_NONDETERMINISTIC_FUNCTIONS }\nSELECT count(*) FROM system.query_cache;",
            "name": "02494_query_cache_nondeterministic_functions.sql"
        },
        {
            "query": "\n\nSYSTEM DROP QUERY CACHE;",
            "name": "02494_query_cache_nondeterministic_functions.sql"
        },
        {
            "query": "\n\nSELECT '-- query_cache_nondeterministic_function_handling = save';",
            "name": "02494_query_cache_nondeterministic_functions.sql"
        },
        {
            "query": "\nSELECT count(now()) SETTINGS use_query_cache = true, query_cache_nondeterministic_function_handling = 'save';",
            "name": "02494_query_cache_nondeterministic_functions.sql"
        },
        {
            "query": "\nSELECT count(*) FROM system.query_cache;",
            "name": "02494_query_cache_nondeterministic_functions.sql"
        },
        {
            "query": "\n\nSYSTEM DROP QUERY CACHE;",
            "name": "02494_query_cache_nondeterministic_functions.sql"
        },
        {
            "query": "\n\nSELECT '-- query_cache_nondeterministic_function_handling = ignore';",
            "name": "02494_query_cache_nondeterministic_functions.sql"
        },
        {
            "query": "\nSELECT count(now()) SETTINGS use_query_cache = true, query_cache_nondeterministic_function_handling = 'ignore';",
            "name": "02494_query_cache_nondeterministic_functions.sql"
        },
        {
            "query": "\nSELECT count(*) FROM system.query_cache;",
            "name": "02494_query_cache_nondeterministic_functions.sql"
        },
        {
            "query": "\n\nSYSTEM DROP QUERY CACHE;",
            "name": "02494_query_cache_nondeterministic_functions.sql"
        }
    ]
}