{
    "name": "01155_rename_move_materialized_view.sql",
    "tests": [
        {
            "query": "-- Tags: no-parallel\n\nSET send_logs_level = 'fatal';",
            "name": "01155_rename_move_materialized_view.sql"
        },
        {
            "query": "\nSET prefer_localhost_replica = 1;",
            "name": "01155_rename_move_materialized_view.sql"
        },
        {
            "query": "\n\nDROP DATABASE IF EXISTS test_01155_ordinary;",
            "name": "01155_rename_move_materialized_view.sql"
        },
        {
            "query": "\nDROP DATABASE IF EXISTS test_01155_atomic;",
            "name": "01155_rename_move_materialized_view.sql"
        },
        {
            "query": "\n\nset allow_deprecated_database_ordinary=1;",
            "name": "01155_rename_move_materialized_view.sql"
        },
        {
            "query": "\n-- Creation of a database with Ordinary engine emits a warning.\nCREATE DATABASE test_01155_ordinary ENGINE=Ordinary;",
            "name": "01155_rename_move_materialized_view.sql"
        },
        {
            "query": "\nCREATE DATABASE test_01155_atomic ENGINE=Atomic;",
            "name": "01155_rename_move_materialized_view.sql"
        },
        {
            "query": "\n\nUSE test_01155_ordinary;",
            "name": "01155_rename_move_materialized_view.sql"
        },
        {
            "query": "\nCREATE TABLE src (s String, x String DEFAULT 'a') ENGINE=MergeTree() PARTITION BY tuple() ORDER BY s;",
            "name": "01155_rename_move_materialized_view.sql"
        },
        {
            "query": "\nCREATE MATERIALIZED VIEW mv1 (s String, x String DEFAULT 'b') ENGINE=MergeTree() PARTITION BY tuple() ORDER BY s AS SELECT (*,).1 || 'mv1' as s FROM src;",
            "name": "01155_rename_move_materialized_view.sql"
        },
        {
            "query": "\nCREATE TABLE dst (s String, x String DEFAULT 'c') ENGINE=MergeTree() PARTITION BY tuple() ORDER BY s;",
            "name": "01155_rename_move_materialized_view.sql"
        },
        {
            "query": "\nCREATE MATERIALIZED VIEW mv2 TO dst (s String, x String DEFAULT 'd') AS SELECT (*,).1 || 'mv2' as s FROM src;",
            "name": "01155_rename_move_materialized_view.sql"
        },
        {
            "query": "\nCREATE TABLE dist (s String, x String DEFAULT 'asdf') ENGINE=Distributed(test_shard_localhost, test_01155_ordinary, src);",
            "name": "01155_rename_move_materialized_view.sql"
        },
        {
            "query": "\nINSERT INTO dist(s) VALUES ('before moving tables');",
            "name": "01155_rename_move_materialized_view.sql"
        },
        {
            "query": "\nSYSTEM FLUSH DISTRIBUTED  dist;",
            "name": "01155_rename_move_materialized_view.sql"
        },
        {
            "query": "\n\nCREATE DICTIONARY dict (s String, x String DEFAULT 'qwerty') PRIMARY KEY s\nSOURCE(CLICKHOUSE(HOST 'localhost' PORT tcpPort() USER 'default' TABLE 'dist' DB 'test_01155_ordinary'))\nLIFETIME(MIN 0 MAX 2) LAYOUT(COMPLEX_KEY_CACHE(SIZE_IN_CELLS 123));",
            "name": "01155_rename_move_materialized_view.sql"
        },
        {
            "query": "\n\n-- FIXME Cannot convert column `1` because it is non constant in source stream but must be constant in result\nSELECT materialize(1), substr(_table, 1, 10), s FROM merge('test_01155_ordinary', '') ORDER BY _table, s;",
            "name": "01155_rename_move_materialized_view.sql"
        },
        {
            "query": "\nSELECT dictGet('test_01155_ordinary.dict', 'x', 'before moving tables');",
            "name": "01155_rename_move_materialized_view.sql"
        },
        {
            "query": "\n\nRENAME DICTIONARY test_01155_ordinary.dict TO test_01155_ordinary.dict1;",
            "name": "01155_rename_move_materialized_view.sql"
        },
        {
            "query": "\nSELECT dictGet('test_01155_ordinary.dict1', 'x', 'before moving tables');",
            "name": "01155_rename_move_materialized_view.sql"
        },
        {
            "query": "\nSELECT database, name, uuid FROM system.dictionaries WHERE database='test_01155_ordinary';",
            "name": "01155_rename_move_materialized_view.sql"
        },
        {
            "query": "\nRENAME TABLE test_01155_ordinary.dict1 TO test_01155_ordinary.dict;",
            "name": "01155_rename_move_materialized_view.sql"
        },
        {
            "query": "\nSELECT dictGet('test_01155_ordinary.dict', 'x', 'before moving tables');",
            "name": "01155_rename_move_materialized_view.sql"
        },
        {
            "query": "\n\n-- Move tables with materialized views from Ordinary to Atomic\nSELECT 'ordinary:';",
            "name": "01155_rename_move_materialized_view.sql"
        },
        {
            "query": "\nSHOW TABLES FROM test_01155_ordinary;",
            "name": "01155_rename_move_materialized_view.sql"
        },
        {
            "query": "\nRENAME TABLE test_01155_ordinary.mv1 TO test_01155_atomic.mv1;",
            "name": "01155_rename_move_materialized_view.sql"
        },
        {
            "query": "\nRENAME TABLE test_01155_ordinary.mv2 TO test_01155_atomic.mv2;",
            "name": "01155_rename_move_materialized_view.sql"
        },
        {
            "query": "\nRENAME TABLE test_01155_ordinary.dst TO test_01155_atomic.dst;",
            "name": "01155_rename_move_materialized_view.sql"
        },
        {
            "query": "\nRENAME TABLE test_01155_ordinary.src TO test_01155_atomic.src;",
            "name": "01155_rename_move_materialized_view.sql"
        },
        {
            "query": "\nSET check_table_dependencies=0;",
            "name": "01155_rename_move_materialized_view.sql"
        },
        {
            "query": " -- Otherwise we'll get error \"test_01155_ordinary.dict depends on test_01155_ordinary.dist\" in the next line.\nRENAME TABLE test_01155_ordinary.dist TO test_01155_atomic.dist;",
            "name": "01155_rename_move_materialized_view.sql"
        },
        {
            "query": "\nSET check_table_dependencies=1;",
            "name": "01155_rename_move_materialized_view.sql"
        },
        {
            "query": "\nRENAME DICTIONARY test_01155_ordinary.dict TO test_01155_atomic.dict;",
            "name": "01155_rename_move_materialized_view.sql"
        },
        {
            "query": "\nSELECT 'ordinary after rename:';",
            "name": "01155_rename_move_materialized_view.sql"
        },
        {
            "query": "\nSELECT substr(name, 1, 10) FROM system.tables WHERE database='test_01155_ordinary';",
            "name": "01155_rename_move_materialized_view.sql"
        },
        {
            "query": "\nSELECT 'atomic after rename:';",
            "name": "01155_rename_move_materialized_view.sql"
        },
        {
            "query": "\nSELECT substr(name, 1, 10) FROM system.tables WHERE database='test_01155_atomic';",
            "name": "01155_rename_move_materialized_view.sql"
        },
        {
            "query": "\nDROP DATABASE test_01155_ordinary;",
            "name": "01155_rename_move_materialized_view.sql"
        },
        {
            "query": "\nUSE default;",
            "name": "01155_rename_move_materialized_view.sql"
        },
        {
            "query": "\n\nINSERT INTO test_01155_atomic.src(s) VALUES ('after moving tables');",
            "name": "01155_rename_move_materialized_view.sql"
        },
        {
            "query": "\nSELECT materialize(2), substr(_table, 1, 10), s FROM merge('test_01155_atomic', '') ORDER BY _table, s;",
            "name": "01155_rename_move_materialized_view.sql"
        },
        {
            "query": " -- { serverError 81 }\nSELECT dictGet('test_01155_ordinary.dict', 'x', 'after moving tables');",
            "name": "01155_rename_move_materialized_view.sql"
        },
        {
            "query": " -- { serverError 36 }\n\nRENAME DATABASE test_01155_atomic TO test_01155_ordinary;",
            "name": "01155_rename_move_materialized_view.sql"
        },
        {
            "query": "\nUSE test_01155_ordinary;",
            "name": "01155_rename_move_materialized_view.sql"
        },
        {
            "query": "\n\nINSERT INTO dist(s) VALUES ('after renaming database');",
            "name": "01155_rename_move_materialized_view.sql"
        },
        {
            "query": "\nSYSTEM FLUSH DISTRIBUTED  dist;",
            "name": "01155_rename_move_materialized_view.sql"
        },
        {
            "query": "\nSELECT materialize(3), substr(_table, 1, 10), s FROM merge('test_01155_ordinary', '') ORDER BY _table, s;",
            "name": "01155_rename_move_materialized_view.sql"
        },
        {
            "query": "\nSELECT dictGet('test_01155_ordinary.dict', 'x', 'after renaming database');",
            "name": "01155_rename_move_materialized_view.sql"
        },
        {
            "query": "\n\nSELECT database, substr(name, 1, 10) FROM system.tables WHERE database like 'test_01155_%';",
            "name": "01155_rename_move_materialized_view.sql"
        },
        {
            "query": "\n\n-- Move tables back\nSET check_table_dependencies=0;",
            "name": "01155_rename_move_materialized_view.sql"
        },
        {
            "query": " -- Otherwise we'll get error \"test_01155_ordinary.dict depends on test_01155_ordinary.dist\" in the next line.\nRENAME DATABASE test_01155_ordinary TO test_01155_atomic;",
            "name": "01155_rename_move_materialized_view.sql"
        },
        {
            "query": "\nSET check_table_dependencies=1;",
            "name": "01155_rename_move_materialized_view.sql"
        },
        {
            "query": "\n\nset allow_deprecated_database_ordinary=1;",
            "name": "01155_rename_move_materialized_view.sql"
        },
        {
            "query": "\n-- Creation of a database with Ordinary engine emits a warning.\nSET send_logs_level='fatal';",
            "name": "01155_rename_move_materialized_view.sql"
        },
        {
            "query": "\nCREATE DATABASE test_01155_ordinary ENGINE=Ordinary;",
            "name": "01155_rename_move_materialized_view.sql"
        },
        {
            "query": "\nSET send_logs_level='warning';",
            "name": "01155_rename_move_materialized_view.sql"
        },
        {
            "query": "\nSHOW CREATE DATABASE test_01155_atomic;",
            "name": "01155_rename_move_materialized_view.sql"
        },
        {
            "query": "\n\nRENAME TABLE test_01155_atomic.mv1 TO test_01155_ordinary.mv1;",
            "name": "01155_rename_move_materialized_view.sql"
        },
        {
            "query": "\nRENAME TABLE test_01155_atomic.mv2 TO test_01155_ordinary.mv2;",
            "name": "01155_rename_move_materialized_view.sql"
        },
        {
            "query": "\nRENAME TABLE test_01155_atomic.dst TO test_01155_ordinary.dst;",
            "name": "01155_rename_move_materialized_view.sql"
        },
        {
            "query": "\nRENAME TABLE test_01155_atomic.src TO test_01155_ordinary.src;",
            "name": "01155_rename_move_materialized_view.sql"
        },
        {
            "query": "\nRENAME TABLE test_01155_atomic.dist TO test_01155_ordinary.dist;",
            "name": "01155_rename_move_materialized_view.sql"
        },
        {
            "query": "\nRENAME DICTIONARY test_01155_atomic.dict TO test_01155_ordinary.dict;",
            "name": "01155_rename_move_materialized_view.sql"
        },
        {
            "query": "\n\nINSERT INTO dist(s) VALUES ('after renaming tables');",
            "name": "01155_rename_move_materialized_view.sql"
        },
        {
            "query": "\nSYSTEM FLUSH DISTRIBUTED  dist;",
            "name": "01155_rename_move_materialized_view.sql"
        },
        {
            "query": "\nSELECT materialize(4), substr(_table, 1, 10), s FROM merge('test_01155_ordinary', '') ORDER BY _table, s;",
            "name": "01155_rename_move_materialized_view.sql"
        },
        {
            "query": "\nSELECT dictGet('test_01155_ordinary.dict', 'x', 'after renaming tables');",
            "name": "01155_rename_move_materialized_view.sql"
        },
        {
            "query": "\nSELECT database, name, uuid FROM system.dictionaries WHERE database='test_01155_ordinary';",
            "name": "01155_rename_move_materialized_view.sql"
        },
        {
            "query": "\nSELECT 'test_01155_ordinary:';",
            "name": "01155_rename_move_materialized_view.sql"
        },
        {
            "query": "\nSHOW TABLES FROM test_01155_ordinary;",
            "name": "01155_rename_move_materialized_view.sql"
        },
        {
            "query": "\nSELECT 'test_01155_atomic:';",
            "name": "01155_rename_move_materialized_view.sql"
        },
        {
            "query": "\nSHOW TABLES FROM test_01155_atomic;",
            "name": "01155_rename_move_materialized_view.sql"
        },
        {
            "query": "\n\nDROP DATABASE IF EXISTS test_01155_atomic;",
            "name": "01155_rename_move_materialized_view.sql"
        },
        {
            "query": "\nDROP DATABASE IF EXISTS test_01155_ordinary;",
            "name": "01155_rename_move_materialized_view.sql"
        }
    ]
}