{
    "name": "02386_set_columns_order.sql",
    "tests": [
        {
            "query": "DROP TABLE IF EXISTS userid_set;",
            "name": "02386_set_columns_order.sql"
        },
        {
            "query": "\nDROP TABLE IF EXISTS userid_test;",
            "name": "02386_set_columns_order.sql"
        },
        {
            "query": "\nDROP TABLE IF EXISTS userid_set2;",
            "name": "02386_set_columns_order.sql"
        },
        {
            "query": "\n\nCREATE TABLE userid_set(userid UInt64, name String) ENGINE = Set;",
            "name": "02386_set_columns_order.sql"
        },
        {
            "query": "\nINSERT INTO userid_set VALUES (1, 'Mary'),(2, 'Jane'),(3, 'Mary'),(4, 'Jack');",
            "name": "02386_set_columns_order.sql"
        },
        {
            "query": "\n\nCREATE TABLE userid_test (userid UInt64, name String) ENGINE = MergeTree() PARTITION BY (intDiv(userid, 500)) ORDER BY (userid) SETTINGS index_granularity = 8192;",
            "name": "02386_set_columns_order.sql"
        },
        {
            "query": "\nINSERT INTO userid_test VALUES (1, 'Jack'),(2, 'Mary'),(3, 'Mary'),(4, 'John'),(5, 'Mary');",
            "name": "02386_set_columns_order.sql"
        },
        {
            "query": "\n\nSELECT * FROM userid_test WHERE (userid, name) IN (userid_set);",
            "name": "02386_set_columns_order.sql"
        },
        {
            "query": "\n\nCREATE TABLE userid_set2(userid UInt64, name String, birthdate Date) ENGINE = Set;",
            "name": "02386_set_columns_order.sql"
        },
        {
            "query": "\nINSERT INTO userid_set2 values (1,'John', '1990-01-01');",
            "name": "02386_set_columns_order.sql"
        },
        {
            "query": "\n\nWITH  'John' AS name,  toDate('1990-01-01') AS birthdate\nSELECT * FROM numbers(10)\nWHERE (number, name, birthdate) IN (userid_set2);",
            "name": "02386_set_columns_order.sql"
        },
        {
            "query": "\n\nDROP TABLE userid_set;",
            "name": "02386_set_columns_order.sql"
        },
        {
            "query": "\nDROP TABLE userid_test;",
            "name": "02386_set_columns_order.sql"
        },
        {
            "query": "\nDROP TABLE userid_set2;",
            "name": "02386_set_columns_order.sql"
        }
    ]
}