{
    "name": "01259_combinator_distinct.sql",
    "tests": [
        {
            "query": "SELECT sum(DISTINCT number) FROM numbers_mt(100000);",
            "name": "01259_combinator_distinct.sql"
        },
        {
            "query": "\nSELECT sum(DISTINCT number % 13) FROM numbers_mt(100000);",
            "name": "01259_combinator_distinct.sql"
        },
        {
            "query": "\nSELECT arraySort(groupArray(DISTINCT number % 13)) FROM numbers_mt(100000);",
            "name": "01259_combinator_distinct.sql"
        },
        {
            "query": "\nSELECT finalizeAggregation(countState(DISTINCT toString(number % 20))) FROM numbers_mt(100000);",
            "name": "01259_combinator_distinct.sql"
        },
        {
            "query": "\nSELECT round(corrStable(DISTINCT x, y), 5) FROM (SELECT number % 10 AS x, number % 5 AS y FROM numbers(1000));",
            "name": "01259_combinator_distinct.sql"
        },
        {
            "query": "\nSELECT round(corrStable(x, y), 5) FROM (SELECT DISTINCT number % 10 AS x, number % 5 AS y FROM numbers(1000));",
            "name": "01259_combinator_distinct.sql"
        },
        {
            "query": "\n\nSELECT sum(DISTINCT y) FROM (SELECT number % 5 AS x, number % 15 AS y FROM numbers(1000)) GROUP BY x ORDER BY x;",
            "name": "01259_combinator_distinct.sql"
        },
        {
            "query": "\n\nSELECT countIf(DISTINCT number % 10, number % 5 = 2) FROM numbers(10000);",
            "name": "01259_combinator_distinct.sql"
        },
        {
            "query": "\nEXPLAIN SYNTAX SELECT countIf(DISTINCT number % 10, number % 5 = 2) FROM numbers(10000);",
            "name": "01259_combinator_distinct.sql"
        },
        {
            "query": "\n\nSELECT sumIf(DISTINCT number % 10, number % 5 = 2) FROM numbers(10000);",
            "name": "01259_combinator_distinct.sql"
        },
        {
            "query": "\nEXPLAIN SYNTAX SELECT sumIf(DISTINCT number % 10, number % 5 = 2) FROM numbers(10000);",
            "name": "01259_combinator_distinct.sql"
        }
    ]
}