{
    "name": "02224_parallel_distributed_insert_select_cluster.sql",
    "tests": [
        {
            "query": "drop table if exists dst_02224;",
            "name": "02224_parallel_distributed_insert_select_cluster.sql"
        },
        {
            "query": "\ndrop table if exists src_02224;",
            "name": "02224_parallel_distributed_insert_select_cluster.sql"
        },
        {
            "query": "\ncreate table dst_02224 (key Int) engine=Memory();",
            "name": "02224_parallel_distributed_insert_select_cluster.sql"
        },
        {
            "query": "\ncreate table src_02224 (key Int) engine=Memory();",
            "name": "02224_parallel_distributed_insert_select_cluster.sql"
        },
        {
            "query": "\ninsert into src_02224 values (1);",
            "name": "02224_parallel_distributed_insert_select_cluster.sql"
        },
        {
            "query": "\n\n-- { echoOn }\ntruncate table dst_02224;",
            "name": "02224_parallel_distributed_insert_select_cluster.sql"
        },
        {
            "query": "\ninsert into function cluster('test_cluster_two_shards', currentDatabase(), dst_02224, key)\nselect * from cluster('test_cluster_two_shards', currentDatabase(), src_02224, key)\nsettings parallel_distributed_insert_select=1, max_distributed_depth=1;",
            "name": "02224_parallel_distributed_insert_select_cluster.sql"
        },
        {
            "query": " -- { serverError TOO_LARGE_DISTRIBUTED_DEPTH }\nselect * from dst_02224;",
            "name": "02224_parallel_distributed_insert_select_cluster.sql"
        },
        {
            "query": "\n\ntruncate table dst_02224;",
            "name": "02224_parallel_distributed_insert_select_cluster.sql"
        },
        {
            "query": "\ninsert into function cluster('test_cluster_two_shards', currentDatabase(), dst_02224, key)\nselect * from cluster('test_cluster_two_shards', currentDatabase(), src_02224, key)\nsettings parallel_distributed_insert_select=1, max_distributed_depth=2;",
            "name": "02224_parallel_distributed_insert_select_cluster.sql"
        },
        {
            "query": "\nselect * from dst_02224;",
            "name": "02224_parallel_distributed_insert_select_cluster.sql"
        },
        {
            "query": "\n\ntruncate table dst_02224;",
            "name": "02224_parallel_distributed_insert_select_cluster.sql"
        },
        {
            "query": "\ninsert into function cluster('test_cluster_two_shards', currentDatabase(), dst_02224, key)\nselect * from cluster('test_cluster_two_shards', currentDatabase(), src_02224, key)\nsettings parallel_distributed_insert_select=2, max_distributed_depth=1;",
            "name": "02224_parallel_distributed_insert_select_cluster.sql"
        },
        {
            "query": "\nselect * from dst_02224;",
            "name": "02224_parallel_distributed_insert_select_cluster.sql"
        },
        {
            "query": "\n\ntruncate table dst_02224;",
            "name": "02224_parallel_distributed_insert_select_cluster.sql"
        },
        {
            "query": "\ninsert into function remote('127.{1,2}', currentDatabase(), dst_02224, key)\nselect * from remote('127.{1,2}', currentDatabase(), src_02224, key)\nsettings parallel_distributed_insert_select=2, max_distributed_depth=1;",
            "name": "02224_parallel_distributed_insert_select_cluster.sql"
        },
        {
            "query": "\nselect * from dst_02224;",
            "name": "02224_parallel_distributed_insert_select_cluster.sql"
        },
        {
            "query": "\n-- { echoOff }\n\ndrop table src_02224;",
            "name": "02224_parallel_distributed_insert_select_cluster.sql"
        },
        {
            "query": "\ndrop table dst_02224;",
            "name": "02224_parallel_distributed_insert_select_cluster.sql"
        }
    ]
}