{
    "name": "02783_date_predicate_optimizations.sql",
    "tests": [
        {
            "query": "CREATE TABLE source\n(\n    `ts` DateTime('UTC'),\n    `n` Int32\n)\nENGINE = MergeTree\nPARTITION BY toYYYYMM(ts)\nORDER BY tuple();",
            "name": "02783_date_predicate_optimizations.sql"
        },
        {
            "query": "\n\nINSERT INTO source values ('2021-12-31 23:00:00', 0);",
            "name": "02783_date_predicate_optimizations.sql"
        },
        {
            "query": "\n\nSELECT * FROM source WHERE toYYYYMM(ts) = 202112;",
            "name": "02783_date_predicate_optimizations.sql"
        },
        {
            "query": "\nSELECT * FROM source WHERE toYear(ts) = 2021;",
            "name": "02783_date_predicate_optimizations.sql"
        },
        {
            "query": "\nSELECT * FROM source WHERE toYYYYMM(ts) = 202112 SETTINGS allow_experimental_analyzer=1;",
            "name": "02783_date_predicate_optimizations.sql"
        },
        {
            "query": "\nSELECT * FROM source WHERE toYear(ts) = 2021 SETTINGS allow_experimental_analyzer=1;",
            "name": "02783_date_predicate_optimizations.sql"
        },
        {
            "query": "\n\nDROP TABLE IF EXISTS source;",
            "name": "02783_date_predicate_optimizations.sql"
        },
        {
            "query": "\nCREATE TABLE source\n(\n    `dt` Date,\n    `ts` DateTime,\n    `dt_32` Date32,\n    `ts_64` DateTime64(3),\n    `n` Int32\n)\nENGINE = MergeTree\nPARTITION BY toYYYYMM(ts)\nORDER BY tuple();",
            "name": "02783_date_predicate_optimizations.sql"
        },
        {
            "query": "\n\nINSERT INTO source values ('2022-12-31', '2022-12-31 23:59:59', '2022-12-31', '2022-12-31 23:59:59.123', 0);",
            "name": "02783_date_predicate_optimizations.sql"
        },
        {
            "query": "\nINSERT INTO source values ('2023-01-01', '2023-01-01 00:00:00', '2023-01-01', '2023-01-01 00:00:00.000', 1);",
            "name": "02783_date_predicate_optimizations.sql"
        },
        {
            "query": "\nINSERT INTO source values ('2023-12-01', '2023-12-01 00:00:00', '2023-12-01', '2023-12-01 00:00:00.000', 2);",
            "name": "02783_date_predicate_optimizations.sql"
        },
        {
            "query": "\nINSERT INTO source values ('2023-12-31', '2023-12-31 23:59:59', '2023-12-31', '2023-12-31 23:59:59.123', 3);",
            "name": "02783_date_predicate_optimizations.sql"
        },
        {
            "query": "\nINSERT INTO source values ('2024-01-01', '2024-01-01 00:00:00', '2024-01-01', '2024-01-01 00:00:00.000', 4);",
            "name": "02783_date_predicate_optimizations.sql"
        },
        {
            "query": "\n\nSELECT 'Date';",
            "name": "02783_date_predicate_optimizations.sql"
        },
        {
            "query": "\nSELECT count(*) FROM source WHERE toYYYYMM(dt) = 202312;",
            "name": "02783_date_predicate_optimizations.sql"
        },
        {
            "query": "\nSELECT count(*) FROM source WHERE toYYYYMM(dt) <> 202312;",
            "name": "02783_date_predicate_optimizations.sql"
        },
        {
            "query": "\nSELECT count(*) FROM source WHERE toYYYYMM(dt) < 202312;",
            "name": "02783_date_predicate_optimizations.sql"
        },
        {
            "query": "\nSELECT count(*) FROM source WHERE toYYYYMM(dt) <= 202312;",
            "name": "02783_date_predicate_optimizations.sql"
        },
        {
            "query": "\nSELECT count(*) FROM source WHERE toYYYYMM(dt) > 202312;",
            "name": "02783_date_predicate_optimizations.sql"
        },
        {
            "query": "\nSELECT count(*) FROM source WHERE toYYYYMM(dt) >= 202312;",
            "name": "02783_date_predicate_optimizations.sql"
        },
        {
            "query": "\nSELECT count(*) FROM source WHERE toYear(dt) = 2023;",
            "name": "02783_date_predicate_optimizations.sql"
        },
        {
            "query": "\nSELECT count(*) FROM source WHERE toYear(dt) <> 2023;",
            "name": "02783_date_predicate_optimizations.sql"
        },
        {
            "query": "\nSELECT count(*) FROM source WHERE toYear(dt) < 2023;",
            "name": "02783_date_predicate_optimizations.sql"
        },
        {
            "query": "\nSELECT count(*) FROM source WHERE toYear(dt) <= 2023;",
            "name": "02783_date_predicate_optimizations.sql"
        },
        {
            "query": "\nSELECT count(*) FROM source WHERE toYear(dt) > 2023;",
            "name": "02783_date_predicate_optimizations.sql"
        },
        {
            "query": "\nSELECT count(*) FROM source WHERE toYear(dt) >= 2023;",
            "name": "02783_date_predicate_optimizations.sql"
        },
        {
            "query": "\nSELECT count(*) FROM source WHERE toYYYYMM(dt) = 202312 SETTINGS allow_experimental_analyzer=1;",
            "name": "02783_date_predicate_optimizations.sql"
        },
        {
            "query": "\nSELECT count(*) FROM source WHERE toYYYYMM(dt) <> 202312 SETTINGS allow_experimental_analyzer=1;",
            "name": "02783_date_predicate_optimizations.sql"
        },
        {
            "query": "\nSELECT count(*) FROM source WHERE toYYYYMM(dt) < 202312 SETTINGS allow_experimental_analyzer=1;",
            "name": "02783_date_predicate_optimizations.sql"
        },
        {
            "query": "\nSELECT count(*) FROM source WHERE toYYYYMM(dt) <= 202312 SETTINGS allow_experimental_analyzer=1;",
            "name": "02783_date_predicate_optimizations.sql"
        },
        {
            "query": "\nSELECT count(*) FROM source WHERE toYYYYMM(dt) > 202312 SETTINGS allow_experimental_analyzer=1;",
            "name": "02783_date_predicate_optimizations.sql"
        },
        {
            "query": "\nSELECT count(*) FROM source WHERE toYYYYMM(dt) >= 202312 SETTINGS allow_experimental_analyzer=1;",
            "name": "02783_date_predicate_optimizations.sql"
        },
        {
            "query": "\nSELECT count(*) FROM source WHERE toYear(dt) = 2023 SETTINGS allow_experimental_analyzer=1;",
            "name": "02783_date_predicate_optimizations.sql"
        },
        {
            "query": "\nSELECT count(*) FROM source WHERE toYear(dt) <> 2023 SETTINGS allow_experimental_analyzer=1;",
            "name": "02783_date_predicate_optimizations.sql"
        },
        {
            "query": "\nSELECT count(*) FROM source WHERE toYear(dt) < 2023 SETTINGS allow_experimental_analyzer=1;",
            "name": "02783_date_predicate_optimizations.sql"
        },
        {
            "query": "\nSELECT count(*) FROM source WHERE toYear(dt) <= 2023 SETTINGS allow_experimental_analyzer=1;",
            "name": "02783_date_predicate_optimizations.sql"
        },
        {
            "query": "\nSELECT count(*) FROM source WHERE toYear(dt) > 2023 SETTINGS allow_experimental_analyzer=1;",
            "name": "02783_date_predicate_optimizations.sql"
        },
        {
            "query": "\nSELECT count(*) FROM source WHERE toYear(dt) >= 2023 SETTINGS allow_experimental_analyzer=1;",
            "name": "02783_date_predicate_optimizations.sql"
        },
        {
            "query": "\n\nSELECT 'DateTime';",
            "name": "02783_date_predicate_optimizations.sql"
        },
        {
            "query": "\nSELECT count(*) FROM source WHERE toYYYYMM(ts) = 202312;",
            "name": "02783_date_predicate_optimizations.sql"
        },
        {
            "query": "\nSELECT count(*) FROM source WHERE toYYYYMM(ts) <> 202312;",
            "name": "02783_date_predicate_optimizations.sql"
        },
        {
            "query": "\nSELECT count(*) FROM source WHERE toYYYYMM(ts) < 202312;",
            "name": "02783_date_predicate_optimizations.sql"
        },
        {
            "query": "\nSELECT count(*) FROM source WHERE toYYYYMM(ts) <= 202312;",
            "name": "02783_date_predicate_optimizations.sql"
        },
        {
            "query": "\nSELECT count(*) FROM source WHERE toYYYYMM(ts) > 202312;",
            "name": "02783_date_predicate_optimizations.sql"
        },
        {
            "query": "\nSELECT count(*) FROM source WHERE toYYYYMM(ts) >= 202312;",
            "name": "02783_date_predicate_optimizations.sql"
        },
        {
            "query": "\nSELECT count(*) FROM source WHERE toYear(ts) = 2023;",
            "name": "02783_date_predicate_optimizations.sql"
        },
        {
            "query": "\nSELECT count(*) FROM source WHERE toYear(ts) <> 2023;",
            "name": "02783_date_predicate_optimizations.sql"
        },
        {
            "query": "\nSELECT count(*) FROM source WHERE toYear(ts) < 2023;",
            "name": "02783_date_predicate_optimizations.sql"
        },
        {
            "query": "\nSELECT count(*) FROM source WHERE toYear(ts) <= 2023;",
            "name": "02783_date_predicate_optimizations.sql"
        },
        {
            "query": "\nSELECT count(*) FROM source WHERE toYear(ts) > 2023;",
            "name": "02783_date_predicate_optimizations.sql"
        },
        {
            "query": "\nSELECT count(*) FROM source WHERE toYear(ts) >= 2023;",
            "name": "02783_date_predicate_optimizations.sql"
        },
        {
            "query": "\nSELECT count(*) FROM source WHERE toYYYYMM(ts) = 202312 SETTINGS allow_experimental_analyzer=1;",
            "name": "02783_date_predicate_optimizations.sql"
        },
        {
            "query": "\nSELECT count(*) FROM source WHERE toYYYYMM(ts) <> 202312 SETTINGS allow_experimental_analyzer=1;",
            "name": "02783_date_predicate_optimizations.sql"
        },
        {
            "query": "\nSELECT count(*) FROM source WHERE toYYYYMM(ts) < 202312 SETTINGS allow_experimental_analyzer=1;",
            "name": "02783_date_predicate_optimizations.sql"
        },
        {
            "query": "\nSELECT count(*) FROM source WHERE toYYYYMM(ts) <= 202312 SETTINGS allow_experimental_analyzer=1;",
            "name": "02783_date_predicate_optimizations.sql"
        },
        {
            "query": "\nSELECT count(*) FROM source WHERE toYYYYMM(ts) > 202312 SETTINGS allow_experimental_analyzer=1;",
            "name": "02783_date_predicate_optimizations.sql"
        },
        {
            "query": "\nSELECT count(*) FROM source WHERE toYYYYMM(ts) >= 202312 SETTINGS allow_experimental_analyzer=1;",
            "name": "02783_date_predicate_optimizations.sql"
        },
        {
            "query": "\nSELECT count(*) FROM source WHERE toYear(ts) = 2023 SETTINGS allow_experimental_analyzer=1;",
            "name": "02783_date_predicate_optimizations.sql"
        },
        {
            "query": "\nSELECT count(*) FROM source WHERE toYear(ts) <> 2023 SETTINGS allow_experimental_analyzer=1;",
            "name": "02783_date_predicate_optimizations.sql"
        },
        {
            "query": "\nSELECT count(*) FROM source WHERE toYear(ts) < 2023 SETTINGS allow_experimental_analyzer=1;",
            "name": "02783_date_predicate_optimizations.sql"
        },
        {
            "query": "\nSELECT count(*) FROM source WHERE toYear(ts) <= 2023 SETTINGS allow_experimental_analyzer=1;",
            "name": "02783_date_predicate_optimizations.sql"
        },
        {
            "query": "\nSELECT count(*) FROM source WHERE toYear(ts) > 2023 SETTINGS allow_experimental_analyzer=1;",
            "name": "02783_date_predicate_optimizations.sql"
        },
        {
            "query": "\nSELECT count(*) FROM source WHERE toYear(ts) >= 2023 SETTINGS allow_experimental_analyzer=1;",
            "name": "02783_date_predicate_optimizations.sql"
        },
        {
            "query": "\n\nSELECT 'Date32';",
            "name": "02783_date_predicate_optimizations.sql"
        },
        {
            "query": "\nSELECT count(*) FROM source WHERE toYYYYMM(dt_32) = 202312;",
            "name": "02783_date_predicate_optimizations.sql"
        },
        {
            "query": "\nSELECT count(*) FROM source WHERE toYYYYMM(dt_32) <> 202312;",
            "name": "02783_date_predicate_optimizations.sql"
        },
        {
            "query": "\nSELECT count(*) FROM source WHERE toYYYYMM(dt_32) < 202312;",
            "name": "02783_date_predicate_optimizations.sql"
        },
        {
            "query": "\nSELECT count(*) FROM source WHERE toYYYYMM(dt_32) <= 202312;",
            "name": "02783_date_predicate_optimizations.sql"
        },
        {
            "query": "\nSELECT count(*) FROM source WHERE toYYYYMM(dt_32) > 202312;",
            "name": "02783_date_predicate_optimizations.sql"
        },
        {
            "query": "\nSELECT count(*) FROM source WHERE toYYYYMM(dt_32) >= 202312;",
            "name": "02783_date_predicate_optimizations.sql"
        },
        {
            "query": "\nSELECT count(*) FROM source WHERE toYear(dt_32) = 2023;",
            "name": "02783_date_predicate_optimizations.sql"
        },
        {
            "query": "\nSELECT count(*) FROM source WHERE toYear(dt_32) <> 2023;",
            "name": "02783_date_predicate_optimizations.sql"
        },
        {
            "query": "\nSELECT count(*) FROM source WHERE toYear(dt_32) < 2023;",
            "name": "02783_date_predicate_optimizations.sql"
        },
        {
            "query": "\nSELECT count(*) FROM source WHERE toYear(dt_32) <= 2023;",
            "name": "02783_date_predicate_optimizations.sql"
        },
        {
            "query": "\nSELECT count(*) FROM source WHERE toYear(dt_32) > 2023;",
            "name": "02783_date_predicate_optimizations.sql"
        },
        {
            "query": "\nSELECT count(*) FROM source WHERE toYear(dt_32) >= 2023;",
            "name": "02783_date_predicate_optimizations.sql"
        },
        {
            "query": "\nSELECT count(*) FROM source WHERE toYYYYMM(dt_32) = 202312 SETTINGS allow_experimental_analyzer=1;",
            "name": "02783_date_predicate_optimizations.sql"
        },
        {
            "query": "\nSELECT count(*) FROM source WHERE toYYYYMM(dt_32) <> 202312 SETTINGS allow_experimental_analyzer=1;",
            "name": "02783_date_predicate_optimizations.sql"
        },
        {
            "query": "\nSELECT count(*) FROM source WHERE toYYYYMM(dt_32) < 202312 SETTINGS allow_experimental_analyzer=1;",
            "name": "02783_date_predicate_optimizations.sql"
        },
        {
            "query": "\nSELECT count(*) FROM source WHERE toYYYYMM(dt_32) <= 202312 SETTINGS allow_experimental_analyzer=1;",
            "name": "02783_date_predicate_optimizations.sql"
        },
        {
            "query": "\nSELECT count(*) FROM source WHERE toYYYYMM(dt_32) > 202312 SETTINGS allow_experimental_analyzer=1;",
            "name": "02783_date_predicate_optimizations.sql"
        },
        {
            "query": "\nSELECT count(*) FROM source WHERE toYYYYMM(dt_32) >= 202312 SETTINGS allow_experimental_analyzer=1;",
            "name": "02783_date_predicate_optimizations.sql"
        },
        {
            "query": "\nSELECT count(*) FROM source WHERE toYear(dt_32) = 2023 SETTINGS allow_experimental_analyzer=1;",
            "name": "02783_date_predicate_optimizations.sql"
        },
        {
            "query": "\nSELECT count(*) FROM source WHERE toYear(dt_32) <> 2023 SETTINGS allow_experimental_analyzer=1;",
            "name": "02783_date_predicate_optimizations.sql"
        },
        {
            "query": "\nSELECT count(*) FROM source WHERE toYear(dt_32) < 2023 SETTINGS allow_experimental_analyzer=1;",
            "name": "02783_date_predicate_optimizations.sql"
        },
        {
            "query": "\nSELECT count(*) FROM source WHERE toYear(dt_32) <= 2023 SETTINGS allow_experimental_analyzer=1;",
            "name": "02783_date_predicate_optimizations.sql"
        },
        {
            "query": "\nSELECT count(*) FROM source WHERE toYear(dt_32) > 2023 SETTINGS allow_experimental_analyzer=1;",
            "name": "02783_date_predicate_optimizations.sql"
        },
        {
            "query": "\nSELECT count(*) FROM source WHERE toYear(dt_32) >= 2023 SETTINGS allow_experimental_analyzer=1;",
            "name": "02783_date_predicate_optimizations.sql"
        },
        {
            "query": "\n\nSELECT 'DateTime64';",
            "name": "02783_date_predicate_optimizations.sql"
        },
        {
            "query": "\nSELECT count(*) FROM source WHERE toYYYYMM(ts_64) = 202312;",
            "name": "02783_date_predicate_optimizations.sql"
        },
        {
            "query": "\nSELECT count(*) FROM source WHERE toYYYYMM(ts_64) <> 202312;",
            "name": "02783_date_predicate_optimizations.sql"
        },
        {
            "query": "\nSELECT count(*) FROM source WHERE toYYYYMM(ts_64) < 202312;",
            "name": "02783_date_predicate_optimizations.sql"
        },
        {
            "query": "\nSELECT count(*) FROM source WHERE toYYYYMM(ts_64) <= 202312;",
            "name": "02783_date_predicate_optimizations.sql"
        },
        {
            "query": "\nSELECT count(*) FROM source WHERE toYYYYMM(ts_64) > 202312;",
            "name": "02783_date_predicate_optimizations.sql"
        },
        {
            "query": "\nSELECT count(*) FROM source WHERE toYYYYMM(ts_64) >= 202312;",
            "name": "02783_date_predicate_optimizations.sql"
        },
        {
            "query": "\nSELECT count(*) FROM source WHERE toYear(ts_64) = 2023;",
            "name": "02783_date_predicate_optimizations.sql"
        },
        {
            "query": "\nSELECT count(*) FROM source WHERE toYear(ts_64) <> 2023;",
            "name": "02783_date_predicate_optimizations.sql"
        },
        {
            "query": "\nSELECT count(*) FROM source WHERE toYear(ts_64) < 2023;",
            "name": "02783_date_predicate_optimizations.sql"
        },
        {
            "query": "\nSELECT count(*) FROM source WHERE toYear(ts_64) <= 2023;",
            "name": "02783_date_predicate_optimizations.sql"
        },
        {
            "query": "\nSELECT count(*) FROM source WHERE toYear(ts_64) > 2023;",
            "name": "02783_date_predicate_optimizations.sql"
        },
        {
            "query": "\nSELECT count(*) FROM source WHERE toYear(ts_64) >= 2023;",
            "name": "02783_date_predicate_optimizations.sql"
        },
        {
            "query": "\nSELECT count(*) FROM source WHERE toYYYYMM(ts_64) = 202312 SETTINGS allow_experimental_analyzer=1;",
            "name": "02783_date_predicate_optimizations.sql"
        },
        {
            "query": "\nSELECT count(*) FROM source WHERE toYYYYMM(ts_64) <> 202312 SETTINGS allow_experimental_analyzer=1;",
            "name": "02783_date_predicate_optimizations.sql"
        },
        {
            "query": "\nSELECT count(*) FROM source WHERE toYYYYMM(ts_64) < 202312 SETTINGS allow_experimental_analyzer=1;",
            "name": "02783_date_predicate_optimizations.sql"
        },
        {
            "query": "\nSELECT count(*) FROM source WHERE toYYYYMM(ts_64) <= 202312 SETTINGS allow_experimental_analyzer=1;",
            "name": "02783_date_predicate_optimizations.sql"
        },
        {
            "query": "\nSELECT count(*) FROM source WHERE toYYYYMM(ts_64) > 202312 SETTINGS allow_experimental_analyzer=1;",
            "name": "02783_date_predicate_optimizations.sql"
        },
        {
            "query": "\nSELECT count(*) FROM source WHERE toYYYYMM(ts_64) >= 202312 SETTINGS allow_experimental_analyzer=1;",
            "name": "02783_date_predicate_optimizations.sql"
        },
        {
            "query": "\nSELECT count(*) FROM source WHERE toYear(ts_64) = 2023 SETTINGS allow_experimental_analyzer=1;",
            "name": "02783_date_predicate_optimizations.sql"
        },
        {
            "query": "\nSELECT count(*) FROM source WHERE toYear(ts_64) <> 2023 SETTINGS allow_experimental_analyzer=1;",
            "name": "02783_date_predicate_optimizations.sql"
        },
        {
            "query": "\nSELECT count(*) FROM source WHERE toYear(ts_64) < 2023 SETTINGS allow_experimental_analyzer=1;",
            "name": "02783_date_predicate_optimizations.sql"
        },
        {
            "query": "\nSELECT count(*) FROM source WHERE toYear(ts_64) <= 2023 SETTINGS allow_experimental_analyzer=1;",
            "name": "02783_date_predicate_optimizations.sql"
        },
        {
            "query": "\nSELECT count(*) FROM source WHERE toYear(ts_64) > 2023 SETTINGS allow_experimental_analyzer=1;",
            "name": "02783_date_predicate_optimizations.sql"
        },
        {
            "query": "\nSELECT count(*) FROM source WHERE toYear(ts_64) >= 2023 SETTINGS allow_experimental_analyzer=1;",
            "name": "02783_date_predicate_optimizations.sql"
        },
        {
            "query": "\nDROP TABLE source;",
            "name": "02783_date_predicate_optimizations.sql"
        }
    ]
}