{
    "name": "00567_parse_datetime_as_unix_timestamp.sql",
    "tests": [
        {
            "query": "SET input_format_values_interpret_expressions = 0;",
            "name": "00567_parse_datetime_as_unix_timestamp.sql"
        },
        {
            "query": "\n\nCREATE TEMPORARY TABLE t (x DateTime('UTC'));",
            "name": "00567_parse_datetime_as_unix_timestamp.sql"
        },
        {
            "query": "\nINSERT INTO t VALUES ('2000-01-02 03:04:05'), ('1234567890'), (1111111111);",
            "name": "00567_parse_datetime_as_unix_timestamp.sql"
        },
        {
            "query": "\n\nSELECT x FROM t ORDER BY x;",
            "name": "00567_parse_datetime_as_unix_timestamp.sql"
        }
    ]
}