{
    "name": "01343_min_bytes_to_use_mmap_io.sql",
    "tests": [
        {
            "query": "-- Tags: no-s3-storage\nDROP TABLE IF EXISTS test_01343;",
            "name": "01343_min_bytes_to_use_mmap_io.sql"
        },
        {
            "query": "\nCREATE TABLE test_01343 (x String) ENGINE = MergeTree ORDER BY tuple() SETTINGS min_bytes_for_wide_part = 0;",
            "name": "01343_min_bytes_to_use_mmap_io.sql"
        },
        {
            "query": "\nINSERT INTO test_01343 VALUES ('Hello, world');",
            "name": "01343_min_bytes_to_use_mmap_io.sql"
        },
        {
            "query": "\n\nSET local_filesystem_read_method = 'mmap', min_bytes_to_use_mmap_io = 1;",
            "name": "01343_min_bytes_to_use_mmap_io.sql"
        },
        {
            "query": "\nSELECT * FROM test_01343;",
            "name": "01343_min_bytes_to_use_mmap_io.sql"
        },
        {
            "query": "\n\nSYSTEM FLUSH LOGS;",
            "name": "01343_min_bytes_to_use_mmap_io.sql"
        },
        {
            "query": "\nSELECT ProfileEvents['CreatedReadBufferMMap'] AS value FROM system.query_log WHERE current_database = currentDatabase() AND event_date >= yesterday() AND event_time >= now() - 300 AND query LIKE 'SELECT * FROM test_01343%' AND type = 2 ORDER BY event_time DESC LIMIT 1;",
            "name": "01343_min_bytes_to_use_mmap_io.sql"
        },
        {
            "query": "\n\nDROP TABLE test_01343;",
            "name": "01343_min_bytes_to_use_mmap_io.sql"
        }
    ]
}