{
    "name": "02843_context_has_expired.sql",
    "tests": [
        {
            "query": "DROP DICTIONARY IF EXISTS 02843_dict;",
            "name": "02843_context_has_expired.sql"
        },
        {
            "query": "\nDROP TABLE IF EXISTS 02843_source;",
            "name": "02843_context_has_expired.sql"
        },
        {
            "query": "\nDROP TABLE IF EXISTS 02843_join;",
            "name": "02843_context_has_expired.sql"
        },
        {
            "query": "\n\nCREATE TABLE 02843_source\n(\n  id UInt64,\n  value String\n)\nENGINE=Memory;",
            "name": "02843_context_has_expired.sql"
        },
        {
            "query": "\n\nCREATE DICTIONARY 02843_dict\n(\n    id UInt64,\n    value String\n)\nPRIMARY KEY id\nSOURCE(CLICKHOUSE(TABLE '02843_source'))\nLAYOUT(DIRECT());",
            "name": "02843_context_has_expired.sql"
        },
        {
            "query": "\n\nSELECT 1 IN (SELECT dictGet('02843_dict', 'value', materialize('1')));",
            "name": "02843_context_has_expired.sql"
        },
        {
            "query": "\n\nCREATE TABLE 02843_join (id UInt8, value String) ENGINE Join(ANY, LEFT, id);",
            "name": "02843_context_has_expired.sql"
        },
        {
            "query": "\nSELECT 1 IN (SELECT joinGet(02843_join, 'value', materialize(1)));",
            "name": "02843_context_has_expired.sql"
        },
        {
            "query": "\nSELECT 1 IN (SELECT joinGetOrNull(02843_join, 'value', materialize(1)));",
            "name": "02843_context_has_expired.sql"
        },
        {
            "query": "\n\nSELECT 1 IN (SELECT materialize(connectionId()));",
            "name": "02843_context_has_expired.sql"
        },
        {
            "query": "\nSELECT 1000000 IN (SELECT materialize(getSetting('max_threads')));",
            "name": "02843_context_has_expired.sql"
        },
        {
            "query": "\nSELECT 1 in (SELECT file(materialize('a')));",
            "name": "02843_context_has_expired.sql"
        },
        {
            "query": " -- { serverError 107 }\n\nEXPLAIN ESTIMATE SELECT 1 IN (SELECT dictGet('02843_dict', 'value', materialize('1')));",
            "name": "02843_context_has_expired.sql"
        },
        {
            "query": "\nEXPLAIN ESTIMATE  SELECT 1 IN (SELECT joinGet(`02843_join`, 'value', materialize(1)));",
            "name": "02843_context_has_expired.sql"
        },
        {
            "query": "\n\nDROP DICTIONARY 02843_dict;",
            "name": "02843_context_has_expired.sql"
        },
        {
            "query": "\nDROP TABLE 02843_source;",
            "name": "02843_context_has_expired.sql"
        },
        {
            "query": "\nDROP TABLE 02843_join;",
            "name": "02843_context_has_expired.sql"
        }
    ]
}