{
    "name": "02965_projection_with_partition_pruning.sql",
    "tests": [
        {
            "query": "drop table if exists a;",
            "name": "02965_projection_with_partition_pruning.sql"
        },
        {
            "query": "\n\ncreate table a (i int, j int, projection p (select * order by j)) engine MergeTree partition by i order by tuple() settings index_granularity = 1;",
            "name": "02965_projection_with_partition_pruning.sql"
        },
        {
            "query": "\n\ninsert into a values (1, 2), (0, 5), (3, 4);",
            "name": "02965_projection_with_partition_pruning.sql"
        },
        {
            "query": "\n\nselect * from a where i > 0 and j = 4 settings force_index_by_date = 1;",
            "name": "02965_projection_with_partition_pruning.sql"
        },
        {
            "query": "\n\ndrop table a;",
            "name": "02965_projection_with_partition_pruning.sql"
        }
    ]
}