{
    "name": "01375_storage_file_write_prefix_csv_with_names.sql",
    "tests": [
        {
            "query": "DROP TABLE IF EXISTS tmp_01375;",
            "name": "01375_storage_file_write_prefix_csv_with_names.sql"
        },
        {
            "query": "\nDROP TABLE IF EXISTS table_csv_01375;",
            "name": "01375_storage_file_write_prefix_csv_with_names.sql"
        },
        {
            "query": "\n\nCREATE TABLE tmp_01375 (n UInt32, s String) ENGINE = Memory;",
            "name": "01375_storage_file_write_prefix_csv_with_names.sql"
        },
        {
            "query": "\nCREATE TABLE table_csv_01375 AS tmp_01375 ENGINE = File(CSVWithNames);",
            "name": "01375_storage_file_write_prefix_csv_with_names.sql"
        },
        {
            "query": "\n\nINSERT INTO table_csv_01375 SELECT number as n, toString(n) as s FROM numbers(10);",
            "name": "01375_storage_file_write_prefix_csv_with_names.sql"
        },
        {
            "query": "\nINSERT INTO table_csv_01375 SELECT number as n, toString(n) as s FROM numbers(10);",
            "name": "01375_storage_file_write_prefix_csv_with_names.sql"
        },
        {
            "query": "\nINSERT INTO table_csv_01375 SELECT number as n, toString(n) as s FROM numbers(10);",
            "name": "01375_storage_file_write_prefix_csv_with_names.sql"
        },
        {
            "query": "\n\nSELECT * FROM table_csv_01375;",
            "name": "01375_storage_file_write_prefix_csv_with_names.sql"
        },
        {
            "query": "\n\nDROP TABLE IF EXISTS tmp_01375;",
            "name": "01375_storage_file_write_prefix_csv_with_names.sql"
        },
        {
            "query": "\nDROP TABLE IF EXISTS table_csv_01375;",
            "name": "01375_storage_file_write_prefix_csv_with_names.sql"
        }
    ]
}