{
    "name": "01318_decrypt.sql",
    "tests": [
        {
            "query": "-- Tags: no-fasttest\n-- Tag no-fasttest: Depends on OpenSSL\n\n--- aes_decrypt_mysql(string, key, block_mode[, init_vector, AAD])\n-- The MySQL-compatitable encryption, only ecb, cbc and ofb modes are supported,\n-- just like for MySQL\n-- https://dev.mysql.com/doc/refman/8.0/en/encryption-functions.html#function_aes-encrypt\n-- https://dev.mysql.com/doc/refman/8.0/en/server-system-variables.html#sysvar_block_encryption_mode\n-- Please note that for keys that exceed mode-specific length, keys are folded in a MySQL-specific way,\n-- meaning that whole key is used, but effective key length is still determined by mode.\n-- when key doesn't exceed the default mode length, ecryption result equals with AES_encypt()\n\n-----------------------------------------------------------------------------------------\n-- error cases\n-----------------------------------------------------------------------------------------\nSELECT aes_decrypt_mysql();",
            "name": "01318_decrypt.sql"
        },
        {
            "query": " --{serverError 42} not enough arguments\nSELECT aes_decrypt_mysql('aes-128-ecb');",
            "name": "01318_decrypt.sql"
        },
        {
            "query": " --{serverError 42} not enough arguments\nSELECT aes_decrypt_mysql('aes-128-ecb', 'text');",
            "name": "01318_decrypt.sql"
        },
        {
            "query": " --{serverError 42} not enough arguments\n\n-- Mode\nSELECT aes_decrypt_mysql(789, 'text', 'key');",
            "name": "01318_decrypt.sql"
        },
        {
            "query": " --{serverError 43} bad mode type\nSELECT aes_decrypt_mysql('blah blah blah', 'text', 'key');",
            "name": "01318_decrypt.sql"
        },
        {
            "query": " -- {serverError 36} garbage mode value\nSELECT aes_decrypt_mysql('des-ede3-ecb', 'text', 'key');",
            "name": "01318_decrypt.sql"
        },
        {
            "query": " -- {serverError 36} bad mode value of valid cipher name\nSELECT aes_decrypt_mysql('aes-128-gcm', 'text', 'key');",
            "name": "01318_decrypt.sql"
        },
        {
            "query": " -- {serverError 36} mode is not supported by _mysql-functions\n\nSELECT decrypt(789, 'text', 'key');",
            "name": "01318_decrypt.sql"
        },
        {
            "query": " --{serverError 43} bad mode type\nSELECT decrypt('blah blah blah', 'text', 'key');",
            "name": "01318_decrypt.sql"
        },
        {
            "query": " -- {serverError 36} garbage mode value\nSELECT decrypt('des-ede3-ecb', 'text', 'key');",
            "name": "01318_decrypt.sql"
        },
        {
            "query": " -- {serverError 36} bad mode value of valid cipher name\n\n\n-- Key\nSELECT aes_decrypt_mysql('aes-128-ecb', 'text', 456);",
            "name": "01318_decrypt.sql"
        },
        {
            "query": " --{serverError 43} bad key type\nSELECT aes_decrypt_mysql('aes-128-ecb', 'text', 'key');",
            "name": "01318_decrypt.sql"
        },
        {
            "query": " -- {serverError 36} key is too short\n\nSELECT decrypt('aes-128-ecb', 'text');",
            "name": "01318_decrypt.sql"
        },
        {
            "query": " --{serverError 42} key is missing\nSELECT decrypt('aes-128-ecb', 'text', 456);",
            "name": "01318_decrypt.sql"
        },
        {
            "query": " --{serverError 43} bad key type\nSELECT decrypt('aes-128-ecb', 'text', 'key');",
            "name": "01318_decrypt.sql"
        },
        {
            "query": " -- {serverError 36} key is too short\nSELECT decrypt('aes-128-ecb', 'text', 'keykeykeykeykeykeykeykeykeykeykeykey');",
            "name": "01318_decrypt.sql"
        },
        {
            "query": " -- {serverError 36} key is to long\n\n-- IV\nSELECT aes_decrypt_mysql('aes-128-ecb', 'text', 'key', 1011);",
            "name": "01318_decrypt.sql"
        },
        {
            "query": " --{serverError 43} bad IV type 6\nSELECT aes_decrypt_mysql('aes-128-ecb', 'text', 'key', 'iv');",
            "name": "01318_decrypt.sql"
        },
        {
            "query": " --{serverError 36} IV is too short 4\n\nSELECT decrypt('aes-128-cbc', 'text', 'keykeykeykeykeyk', 1011);",
            "name": "01318_decrypt.sql"
        },
        {
            "query": " --{serverError 43} bad IV type 1\nSELECT decrypt('aes-128-cbc', 'text', 'keykeykeykeykeyk', 'iviviviviviviviviviviviviviviviviviviviviv');",
            "name": "01318_decrypt.sql"
        },
        {
            "query": " --{serverError 36} IV is too long 3\nSELECT decrypt('aes-128-cbc', 'text', 'keykeykeykeykeyk', 'iv');",
            "name": "01318_decrypt.sql"
        },
        {
            "query": " --{serverError 36} IV is too short 2\n\n--AAD\nSELECT aes_decrypt_mysql('aes-128-ecb', 'text', 'key', 'IV', 1213);",
            "name": "01318_decrypt.sql"
        },
        {
            "query": " --{serverError 42} too many arguments\n\nSELECT decrypt('aes-128-ecb', 'text', 'key', 'IV', 1213);",
            "name": "01318_decrypt.sql"
        },
        {
            "query": " --{serverError 43} bad AAD type\nSELECT decrypt('aes-128-gcm', 'text', 'key', 'IV', 1213);",
            "name": "01318_decrypt.sql"
        },
        {
            "query": " --{serverError 43} bad AAD type\n\n-- Invalid ciphertext should cause an error or produce garbage\nSELECT ignore(decrypt('aes-128-ecb', 'hello there', '1111111111111111'));",
            "name": "01318_decrypt.sql"
        },
        {
            "query": " -- {serverError 454} 1\nSELECT ignore(decrypt('aes-128-cbc', 'hello there', '1111111111111111'));",
            "name": "01318_decrypt.sql"
        },
        {
            "query": " -- {serverError 454} 2\nSELECT ignore(decrypt('aes-128-ofb', 'hello there', '1111111111111111'));",
            "name": "01318_decrypt.sql"
        },
        {
            "query": " -- GIGO\nSELECT ignore(decrypt('aes-128-ctr', 'hello there', '1111111111111111'));",
            "name": "01318_decrypt.sql"
        },
        {
            "query": " -- GIGO\nSELECT decrypt('aes-128-ctr', '', '1111111111111111') == '';",
            "name": "01318_decrypt.sql"
        },
        {
            "query": "\n\n\n-----------------------------------------------------------------------------------------\n-- Validate against predefined ciphertext,plaintext,key and IV for MySQL compatibility mode\n-----------------------------------------------------------------------------------------\nCREATE TABLE encryption_test\n(\n    input String,\n    key String DEFAULT unhex('fb9958e2e897ef3fdb49067b51a24af645b3626eed2f9ea1dc7fd4dd71b7e38f9a68db2a3184f952382c783785f9d77bf923577108a88adaacae5c141b1576b0'),\n    iv String DEFAULT unhex('8CA3554377DFF8A369BC50A89780DD85'),\n    key32 String DEFAULT substring(key, 1, 32),\n    key24 String DEFAULT substring(key, 1, 24),\n    key16 String DEFAULT substring(key, 1, 16)\n) Engine = Memory;",
            "name": "01318_decrypt.sql"
        },
        {
            "query": "\n\nINSERT INTO encryption_test (input)\nVALUES (''), ('text'), ('What Is ClickHouse? ClickHouse is a column-oriented database management system (DBMS) for online analytical processing of queries (OLAP).');",
            "name": "01318_decrypt.sql"
        },
        {
            "query": "\n\n\nSELECT 'MySQL-compatitable mode, with key folding, no length checks, etc.';",
            "name": "01318_decrypt.sql"
        },
        {
            "query": "\nSELECT 'aes-128-cbc' as mode, aes_decrypt_mysql(mode, aes_encrypt_mysql(mode, input, key, iv), key, iv) == input FROM encryption_test;",
            "name": "01318_decrypt.sql"
        },
        {
            "query": "\nSELECT 'aes-192-cbc' as mode, aes_decrypt_mysql(mode, aes_encrypt_mysql(mode, input, key, iv), key, iv) == input FROM encryption_test;",
            "name": "01318_decrypt.sql"
        },
        {
            "query": "\nSELECT 'aes-256-cbc' as mode, aes_decrypt_mysql(mode, aes_encrypt_mysql(mode, input, key, iv), key, iv) == input FROM encryption_test;",
            "name": "01318_decrypt.sql"
        },
        {
            "query": "\n\nSELECT 'aes-128-ecb' as mode, aes_decrypt_mysql(mode, aes_encrypt_mysql(mode, input, key, iv), key, iv) == input FROM encryption_test;",
            "name": "01318_decrypt.sql"
        },
        {
            "query": "\nSELECT 'aes-192-ecb' as mode, aes_decrypt_mysql(mode, aes_encrypt_mysql(mode, input, key, iv), key, iv) == input FROM encryption_test;",
            "name": "01318_decrypt.sql"
        },
        {
            "query": "\nSELECT 'aes-256-ecb' as mode, aes_decrypt_mysql(mode, aes_encrypt_mysql(mode, input, key, iv), key, iv) == input FROM encryption_test;",
            "name": "01318_decrypt.sql"
        },
        {
            "query": "\n\nSELECT 'aes-128-ofb' as mode, aes_decrypt_mysql(mode, aes_encrypt_mysql(mode, input, key, iv), key, iv) == input FROM encryption_test;",
            "name": "01318_decrypt.sql"
        },
        {
            "query": "\nSELECT 'aes-192-ofb' as mode, aes_decrypt_mysql(mode, aes_encrypt_mysql(mode, input, key, iv), key, iv) == input FROM encryption_test;",
            "name": "01318_decrypt.sql"
        },
        {
            "query": "\nSELECT 'aes-256-ofb' as mode, aes_decrypt_mysql(mode, aes_encrypt_mysql(mode, input, key, iv), key, iv) == input FROM encryption_test;",
            "name": "01318_decrypt.sql"
        },
        {
            "query": "\n\nSELECT 'Strict mode without key folding and proper key and iv lengths checks.';",
            "name": "01318_decrypt.sql"
        },
        {
            "query": "\nSELECT 'aes-128-cbc' as mode, decrypt(mode, encrypt(mode, input, key16, iv), key16, iv) == input FROM encryption_test;",
            "name": "01318_decrypt.sql"
        },
        {
            "query": "\nSELECT 'aes-192-cbc' as mode, decrypt(mode, encrypt(mode, input, key24, iv), key24, iv) == input FROM encryption_test;",
            "name": "01318_decrypt.sql"
        },
        {
            "query": "\nSELECT 'aes-256-cbc' as mode, decrypt(mode, encrypt(mode, input, key32, iv), key32, iv) == input FROM encryption_test;",
            "name": "01318_decrypt.sql"
        },
        {
            "query": "\n\nSELECT 'aes-128-ctr' as mode, decrypt(mode, encrypt(mode, input, key16, iv), key16, iv) == input FROM encryption_test;",
            "name": "01318_decrypt.sql"
        },
        {
            "query": "\nSELECT 'aes-192-ctr' as mode, decrypt(mode, encrypt(mode, input, key24, iv), key24, iv) == input FROM encryption_test;",
            "name": "01318_decrypt.sql"
        },
        {
            "query": "\nSELECT 'aes-256-ctr' as mode, decrypt(mode, encrypt(mode, input, key32, iv), key32, iv) == input FROM encryption_test;",
            "name": "01318_decrypt.sql"
        },
        {
            "query": "\n\nSELECT 'aes-128-ecb' as mode, decrypt(mode, encrypt(mode, input, key16), key16) == input FROM encryption_test;",
            "name": "01318_decrypt.sql"
        },
        {
            "query": "\nSELECT 'aes-192-ecb' as mode, decrypt(mode, encrypt(mode, input, key24), key24) == input FROM encryption_test;",
            "name": "01318_decrypt.sql"
        },
        {
            "query": "\nSELECT 'aes-256-ecb' as mode, decrypt(mode, encrypt(mode, input, key32), key32) == input FROM encryption_test;",
            "name": "01318_decrypt.sql"
        },
        {
            "query": "\n\nSELECT 'aes-128-ofb' as mode, decrypt(mode, encrypt(mode, input, key16, iv), key16, iv) == input FROM encryption_test;",
            "name": "01318_decrypt.sql"
        },
        {
            "query": "\nSELECT 'aes-192-ofb' as mode, decrypt(mode, encrypt(mode, input, key24, iv), key24, iv) == input FROM encryption_test;",
            "name": "01318_decrypt.sql"
        },
        {
            "query": "\nSELECT 'aes-256-ofb' as mode, decrypt(mode, encrypt(mode, input, key32, iv), key32, iv) == input FROM encryption_test;",
            "name": "01318_decrypt.sql"
        },
        {
            "query": "\n\nSELECT 'GCM mode with IV';",
            "name": "01318_decrypt.sql"
        },
        {
            "query": "\nSELECT 'aes-128-gcm' as mode, decrypt(mode, encrypt(mode, input, key16, iv), key16, iv) == input FROM encryption_test;",
            "name": "01318_decrypt.sql"
        },
        {
            "query": "\nSELECT 'aes-192-gcm' as mode, decrypt(mode, encrypt(mode, input, key24, iv), key24, iv) == input FROM encryption_test;",
            "name": "01318_decrypt.sql"
        },
        {
            "query": "\nSELECT 'aes-256-gcm' as mode, decrypt(mode, encrypt(mode, input, key32, iv), key32, iv) == input FROM encryption_test;",
            "name": "01318_decrypt.sql"
        },
        {
            "query": "\n\nSELECT 'GCM mode with IV and AAD';",
            "name": "01318_decrypt.sql"
        },
        {
            "query": "\nSELECT 'aes-128-gcm' as mode, decrypt(mode, encrypt(mode, input, key16, iv, 'AAD'), key16, iv, 'AAD') == input FROM encryption_test;",
            "name": "01318_decrypt.sql"
        },
        {
            "query": "\nSELECT 'aes-192-gcm' as mode, decrypt(mode, encrypt(mode, input, key24, iv, 'AAD'), key24, iv, 'AAD') == input FROM encryption_test;",
            "name": "01318_decrypt.sql"
        },
        {
            "query": "\nSELECT 'aes-256-gcm' as mode, decrypt(mode, encrypt(mode, input, key32, iv, 'AAD'), key32, iv, 'AAD') == input FROM encryption_test;",
            "name": "01318_decrypt.sql"
        },
        {
            "query": "\n\n\n-- based on https://github.com/openssl/openssl/blob/master/demos/evp/aesgcm.c#L20\nWITH\n    unhex('eebc1f57487f51921c0465665f8ae6d1658bb26de6f8a069a3520293a572078f') as key,\n    unhex('67ba0510262ae487d737ee6298f77e0c') as tag,\n    unhex('99aa3e68ed8173a0eed06684') as iv,\n    unhex('f56e87055bc32d0eeb31b2eacc2bf2a5') as plaintext,\n    unhex('4d23c3cec334b49bdb370c437fec78de') as aad,\n    unhex('f7264413a84c0e7cd536867eb9f21736') as ciphertext\nSELECT\n    hex(decrypt('aes-256-gcm', concat(ciphertext, tag), key, iv, aad)) as plaintext_actual,\n    plaintext_actual = hex(plaintext);",
            "name": "01318_decrypt.sql"
        },
        {
            "query": "\n\n-- tryDecrypt\nCREATE TABLE decrypt_null (\n  dt DateTime,\n  user_id UInt32,\n  encrypted String,\n  iv String\n) ENGINE = Memory;",
            "name": "01318_decrypt.sql"
        },
        {
            "query": "\n\nINSERT INTO decrypt_null VALUES ('2022-08-02 00:00:00', 1, encrypt('aes-256-gcm', 'value1', 'keykeykeykeykeykeykeykeykeykey01', 'iv1'), 'iv1'), ('2022-09-02 00:00:00', 2, encrypt('aes-256-gcm', 'value2', 'keykeykeykeykeykeykeykeykeykey02', 'iv2'), 'iv2'), ('2022-09-02 00:00:01', 3, encrypt('aes-256-gcm', 'value3', 'keykeykeykeykeykeykeykeykeykey03', 'iv3'), 'iv3');",
            "name": "01318_decrypt.sql"
        },
        {
            "query": "\n\nSELECT dt, user_id FROM decrypt_null WHERE (user_id > 0) AND (decrypt('aes-256-gcm', encrypted, 'keykeykeykeykeykeykeykeykeykey02', iv) = 'value2');",
            "name": "01318_decrypt.sql"
        },
        {
            "query": " --{serverError 454}\nSELECT dt, user_id FROM decrypt_null WHERE (user_id > 0) AND (tryDecrypt('aes-256-gcm', encrypted, 'keykeykeykeykeykeykeykeykeykey02', iv) = 'value2');",
            "name": "01318_decrypt.sql"
        },
        {
            "query": "\nSELECT dt, user_id, (tryDecrypt('aes-256-gcm', encrypted, 'keykeykeykeykeykeykeykeykeykey02', iv)) as value FROM decrypt_null ORDER BY user_id;",
            "name": "01318_decrypt.sql"
        },
        {
            "query": "\n\nDROP TABLE encryption_test;",
            "name": "01318_decrypt.sql"
        }
    ]
}