{
    "name": "03033_recursive_cte_basic.sql",
    "tests": [
        {
            "query": "-- { echoOn }\n\nSET allow_experimental_analyzer = 1;",
            "name": "03033_recursive_cte_basic.sql"
        },
        {
            "query": "\n\nWITH RECURSIVE recursive_cte AS (SELECT 1 AS n UNION ALL SELECT n + 1 FROM recursive_cte WHERE n < 10)\nSELECT n FROM recursive_cte;",
            "name": "03033_recursive_cte_basic.sql"
        },
        {
            "query": "\n\nSELECT '--';",
            "name": "03033_recursive_cte_basic.sql"
        },
        {
            "query": "\n\nWITH RECURSIVE recursive_cte AS (SELECT toUInt8(1) AS n UNION ALL SELECT toUInt8(n + 1) FROM recursive_cte WHERE n < 10)\nSELECT n FROM recursive_cte;",
            "name": "03033_recursive_cte_basic.sql"
        },
        {
            "query": "\n\nSELECT '--';",
            "name": "03033_recursive_cte_basic.sql"
        },
        {
            "query": "\n\nWITH RECURSIVE recursive_cte AS (SELECT toUInt16(1) AS n UNION ALL SELECT toUInt8(n + 1) FROM recursive_cte WHERE n < 10)\nSELECT n FROM recursive_cte;",
            "name": "03033_recursive_cte_basic.sql"
        },
        {
            "query": "\n\nSELECT '--';",
            "name": "03033_recursive_cte_basic.sql"
        },
        {
            "query": "\n\nWITH RECURSIVE recursive_cte AS (SELECT materialize(toUInt16(1)) AS n UNION ALL SELECT toUInt8(n + 1) FROM recursive_cte WHERE n < 10)\nSELECT n FROM recursive_cte;",
            "name": "03033_recursive_cte_basic.sql"
        },
        {
            "query": "\n\nSELECT '--';",
            "name": "03033_recursive_cte_basic.sql"
        },
        {
            "query": "\n\nWITH RECURSIVE recursive_cte AS (SELECT toUInt16(1) AS n UNION ALL SELECT materialize(toUInt8(n + 1)) FROM recursive_cte WHERE n < 10)\nSELECT n FROM recursive_cte;",
            "name": "03033_recursive_cte_basic.sql"
        },
        {
            "query": "\n\nSELECT '--';",
            "name": "03033_recursive_cte_basic.sql"
        },
        {
            "query": "\n\nWITH RECURSIVE recursive_cte AS (SELECT toUInt16(1) AS n, '1' AS concat UNION ALL SELECT materialize(toUInt8(n + 1)), concat || toString(n + 1) FROM recursive_cte WHERE n < 10)\nSELECT n, concat FROM recursive_cte;",
            "name": "03033_recursive_cte_basic.sql"
        },
        {
            "query": "\n\nSELECT '--';",
            "name": "03033_recursive_cte_basic.sql"
        },
        {
            "query": "\n\nWITH RECURSIVE recursive_cte AS (SELECT 1 AS n UNION ALL SELECT n + 1 FROM recursive_cte)\nSELECT n FROM recursive_cte LIMIT 5;",
            "name": "03033_recursive_cte_basic.sql"
        },
        {
            "query": "\n\nSELECT '--';",
            "name": "03033_recursive_cte_basic.sql"
        },
        {
            "query": "\n\nWITH RECURSIVE recursive_cte AS (SELECT materialize(toUInt8(1)) AS n UNION ALL SELECT materialize(toUInt8(n + 1)) FROM recursive_cte WHERE n < 10)\nSELECT n FROM recursive_cte FORMAT Null SETTINGS max_recursive_cte_evaluation_depth = 5;",
            "name": "03033_recursive_cte_basic.sql"
        },
        {
            "query": " -- { serverError TOO_DEEP_RECURSION }\n\n-- { echoOff }\n;",
            "name": "03033_recursive_cte_basic.sql"
        }
    ]
}