{
    "name": "01254_dict_create_without_db.sql",
    "tests": [
        {
            "query": "-- Tags: no-parallel\n\nDROP DATABASE IF EXISTS dict_db_01254;",
            "name": "01254_dict_create_without_db.sql"
        },
        {
            "query": "\nCREATE DATABASE dict_db_01254;",
            "name": "01254_dict_create_without_db.sql"
        },
        {
            "query": "\nUSE dict_db_01254;",
            "name": "01254_dict_create_without_db.sql"
        },
        {
            "query": "\n\nCREATE TABLE dict_data (key UInt64, val UInt64) Engine=Memory();",
            "name": "01254_dict_create_without_db.sql"
        },
        {
            "query": "\nCREATE DICTIONARY dict\n(\n  key UInt64 DEFAULT 0,\n  val UInt64 DEFAULT 10\n)\nPRIMARY KEY key\nSOURCE(CLICKHOUSE(HOST 'localhost' PORT tcpPort() USER 'default' TABLE 'dict_data' PASSWORD '' DB 'dict_db_01254'))\nLIFETIME(MIN 0 MAX 0)\nLAYOUT(FLAT());",
            "name": "01254_dict_create_without_db.sql"
        },
        {
            "query": "\n\nSELECT query_count, status FROM system.dictionaries WHERE database = 'dict_db_01254' AND name = 'dict';",
            "name": "01254_dict_create_without_db.sql"
        },
        {
            "query": "\nSYSTEM RELOAD DICTIONARY dict_db_01254.dict;",
            "name": "01254_dict_create_without_db.sql"
        },
        {
            "query": "\nSELECT query_count, status FROM system.dictionaries WHERE database = 'dict_db_01254' AND name = 'dict';",
            "name": "01254_dict_create_without_db.sql"
        },
        {
            "query": "\nSELECT dictGetUInt64('dict_db_01254.dict', 'val', toUInt64(0));",
            "name": "01254_dict_create_without_db.sql"
        },
        {
            "query": "\nSELECT query_count, status FROM system.dictionaries WHERE database = 'dict_db_01254' AND name = 'dict';",
            "name": "01254_dict_create_without_db.sql"
        },
        {
            "query": "\n\nUSE system;",
            "name": "01254_dict_create_without_db.sql"
        },
        {
            "query": "\nDROP DATABASE dict_db_01254;",
            "name": "01254_dict_create_without_db.sql"
        }
    ]
}