{
    "name": "01604_explain_ast_of_nonselect_query.sql",
    "tests": [
        {
            "query": "explain ast;",
            "name": "01604_explain_ast_of_nonselect_query.sql"
        },
        {
            "query": " -- { clientError 62 }\nexplain ast alter table t1 delete where date = today();",
            "name": "01604_explain_ast_of_nonselect_query.sql"
        },
        {
            "query": "\nexplain ast create function double AS  (n) -> 2*n;",
            "name": "01604_explain_ast_of_nonselect_query.sql"
        }
    ]
}