{
    "name": "03094_transform_return_first.sql",
    "tests": [
        {
            "query": "SELECT transform(1, [1, 1, 1], [1, 4, 5]);",
            "name": "03094_transform_return_first.sql"
        },
        {
            "query": "\nSELECT transform('1', ['1', '1', '1'], ['1', '4', '5']);",
            "name": "03094_transform_return_first.sql"
        },
        {
            "query": "\nSELECT transform((0, 0), [(0, 0), (0, 0), (0, 0)], [(2, 2), (5, 5), (10, 10)]);",
            "name": "03094_transform_return_first.sql"
        },
        {
            "query": "\n\n-- https://github.com/ClickHouse/ClickHouse/issues/62183\n-- Case is turned into caseWithExpression, which then it's turned into transform\nselect case 1 when 1 then 2 when 1 then 4 end;",
            "name": "03094_transform_return_first.sql"
        }
    ]
}