{
    "name": "00549_join_use_nulls.sql",
    "tests": [
        {
            "query": "SET join_use_nulls = 1;",
            "name": "00549_join_use_nulls.sql"
        },
        {
            "query": "\n\nDROP TABLE IF EXISTS null_00549;",
            "name": "00549_join_use_nulls.sql"
        },
        {
            "query": "\nCREATE TABLE null_00549 (k UInt64, a String, b Nullable(String)) ENGINE = Log;",
            "name": "00549_join_use_nulls.sql"
        },
        {
            "query": "\n\nINSERT INTO null_00549 SELECT\n    k,\n    a,\n    b\nFROM\n(\n    SELECT\n        number AS k,\n        toString(number) AS a\n    FROM system.numbers\n    LIMIT 2\n) js1\nANY LEFT JOIN\n(\n    SELECT\n        number AS k,\n        toString(number) AS b\n    FROM system.numbers\n    LIMIT 1, 2\n) js2 USING (k)\nORDER BY k ASC;",
            "name": "00549_join_use_nulls.sql"
        },
        {
            "query": "\n\nSELECT * FROM null_00549 ORDER BY k, a, b;",
            "name": "00549_join_use_nulls.sql"
        },
        {
            "query": "\n\nDROP TABLE null_00549;",
            "name": "00549_join_use_nulls.sql"
        }
    ]
}