{
    "name": "01087_index_set_ubsan.sql",
    "tests": [
        {
            "query": "DROP TABLE IF EXISTS t;",
            "name": "01087_index_set_ubsan.sql"
        },
        {
            "query": "\ncreate table t (i Int, a Int, s String, index ind_s (s) type set(1) granularity 1) engine = MergeTree order by i;",
            "name": "01087_index_set_ubsan.sql"
        },
        {
            "query": "\ninsert into t values (1, 1, 'a') (2, 1, 'a') (3, 1, 'a') (4, 1, 'a');",
            "name": "01087_index_set_ubsan.sql"
        },
        {
            "query": "\nSELECT a, i from t ORDER BY a, i;",
            "name": "01087_index_set_ubsan.sql"
        },
        {
            "query": "\nDROP TABLE t;",
            "name": "01087_index_set_ubsan.sql"
        }
    ]
}