{
    "name": "02112_skip_index_set_and_or.sql",
    "tests": [
        {
            "query": "drop table if exists set_index;",
            "name": "02112_skip_index_set_and_or.sql"
        },
        {
            "query": "\n\ncreate table set_index (a Int32, b Int32, INDEX b_set b type set(0) granularity 1) engine MergeTree order by tuple();",
            "name": "02112_skip_index_set_and_or.sql"
        },
        {
            "query": "\ninsert into set_index values (1, 2);",
            "name": "02112_skip_index_set_and_or.sql"
        },
        {
            "query": "\n\nselect b from set_index where a = 1 and a = 1 and b = 1 settings force_data_skipping_indices = 'b_set', optimize_move_to_prewhere=0;",
            "name": "02112_skip_index_set_and_or.sql"
        }
    ]
}