{
    "name": "02271_temporary_table_show_rows_bytes.sql",
    "tests": [
        {
            "query": "-- NOTE: database = currentDatabase() is not mandatory\n\nCREATE TEMPORARY TABLE 02271_temporary_table_show_rows_bytes (A Int64) Engine=Memory as SELECT * FROM numbers(1000);",
            "name": "02271_temporary_table_show_rows_bytes.sql"
        },
        {
            "query": "\nSELECT database, name, total_rows, total_bytes FROM system.tables WHERE is_temporary AND name = '02271_temporary_table_show_rows_bytes';",
            "name": "02271_temporary_table_show_rows_bytes.sql"
        }
    ]
}