{
    "name": "02682_quantiles_too_large_size.sql",
    "tests": [
        {
            "query": "-- This query throw high-level exception instead of low-level \"too large size passed to allocator\":\n\nSELECT * FROM format(RowBinary,\n'ik2 \tString, \tSum \t\tAggregateFunction(sum, UInt16), \tA$g \t\tAggregateFunction(quantiles(0.4, 0.9), UInt64), \tGroupArray\tAggregateFunction(groupArray, String)',\n'295TMi44400000005942762421546108502\n\n\n\n\n\n\n\n\n\n\n\n\n\n\n\n\n\n\n\n\n\n\n\n\n\n\n\n\n\n\n\n\n\n\n\n\n\n\n\n\n\n\n\n\n\n\n\n\n\n\n\n\n\n\n\n\n\n\n\n\n\n\n\n\n\n\n\n\n\n\n\n\n\n\n\n\n\n\n\nz\n\n\n\n\n\n\n\n\n\n\n*\n\n\n\n\n\n\n\u001a\n\n\n\n\n\n\n\n\n\n\n\n\n\nParalcelParsingInputFormat\n\n\n\n\n\n\n\u0019\n\n\u0000\u0000\u0000\n\n\n\n\n\n\n\n\n\n\n\n\n\n\n\n\n\n\n\n\n\n\n\n\n\n\n\n\n\n\n\n\n\n\n\n\n\n\n\n\n\n\n\n\n\n\n\n\n\n\n\n\n\n\n\n\n\n\n\n\n\n\n\n\u0002\n\n\n\n\n\n\n\n\n\n\nte Date,     \nI\n\n\n\n\n\n\n\n\n\n\n\n\n\n\n\n\n\n\n\n\n\n\n\n\n\n\n\n\n\n\n\n\n\n!\n\n\n\n\n\n\n\n\n\n\n\nSTRING\n\n\n\n\n\n\n\n\n\n\n\n\n\n\n\n\n\n\n\n\n\n\n\n\n\n\n\n\n\n\n\n\n\n\n\n\n\n\n\n\n\n\n\n\n\n\n\n\n\n\n\n\n\n\n\n\n\n\n\n\n\n\n\n\n\n\n\u0004\n\n\n\n\n\n\n\n\n\n\n\n\n\n\n\n\n\n\u0000\n\n\n\n\n\n\n\n\n\n\n\n\n\n\n\n\n\n\n\n\n\n\n\n\n\n\n\n\n\n\n\nd Tuple(UInt8)\nvvvvvvvvvvvvvvvvvvvvvvvvvvvvvvvvvvvvvvvvvvvvvvvvvvvvvvvvvvvvTabSeparatedWithNamesAndTypes\nd Date, a S)ring, x UInt32, y UInt64, z Float32\n29TabSeparatevvvvvvvdRawWithNames\na UInt32\n26TabSeparatedR,b UInt32\n26TabSeparatedRawWithNthNames\n\n\n\nvvvvv\n\n1\nkey U7878\n');",
            "name": "02682_quantiles_too_large_size.sql"
        },
        {
            "query": " -- { serverError TOO_LARGE_ARRAY_SIZE }\n;",
            "name": "02682_quantiles_too_large_size.sql"
        }
    ]
}