{
    "name": "02536_replace_with_nonconst_needle_and_replacement.sql",
    "tests": [
        {
            "query": "-- Tests that functions replaceOne(), replaceAll(), replaceRegexpOne(), replaceRegexpAll() work with with non-const pattern and replacement arguments\n\nDROP TABLE IF EXISTS test_tab;",
            "name": "02536_replace_with_nonconst_needle_and_replacement.sql"
        },
        {
            "query": "\n\nCREATE TABLE test_tab\n  (id UInt32, haystack String, needle String, replacement String)\n  engine = MergeTree()\n  ORDER BY id;",
            "name": "02536_replace_with_nonconst_needle_and_replacement.sql"
        },
        {
            "query": "\n\nINSERT INTO test_tab VALUES (1, 'Hello World', 'l', 'xx') (2, 'Hello World', 'll', 'x') (3, 'Hello World', 'not_found', 'x') (4, 'Hello World', '[eo]', 'x') (5, 'Hello World', '.', 'x')\n\n\nSELECT '** replaceAll() **';",
            "name": "02536_replace_with_nonconst_needle_and_replacement.sql"
        },
        {
            "query": "\n\nSELECT '- non-const needle, const replacement';",
            "name": "02536_replace_with_nonconst_needle_and_replacement.sql"
        },
        {
            "query": "\nSELECT id, haystack, needle, 'x', replaceAll(haystack, needle, 'x') FROM test_tab ORDER BY id;",
            "name": "02536_replace_with_nonconst_needle_and_replacement.sql"
        },
        {
            "query": "\nSELECT id, haystack, needle, 'x', replaceAll('Hello World', needle, 'x') FROM test_tab ORDER BY id;",
            "name": "02536_replace_with_nonconst_needle_and_replacement.sql"
        },
        {
            "query": "\n\nSELECT '- const needle, non-const replacement';",
            "name": "02536_replace_with_nonconst_needle_and_replacement.sql"
        },
        {
            "query": "\nSELECT id, haystack, 'l', replacement, replaceAll(haystack, 'l', replacement) FROM test_tab ORDER BY id;",
            "name": "02536_replace_with_nonconst_needle_and_replacement.sql"
        },
        {
            "query": "\nSELECT id, haystack, 'l', replacement, replaceAll('Hello World', 'l', replacement) FROM test_tab ORDER BY id;",
            "name": "02536_replace_with_nonconst_needle_and_replacement.sql"
        },
        {
            "query": "\n\nSELECT '- non-const needle, non-const replacement';",
            "name": "02536_replace_with_nonconst_needle_and_replacement.sql"
        },
        {
            "query": "\nSELECT id, haystack, needle, replacement, replaceAll(haystack, needle, replacement) FROM test_tab ORDER BY id;",
            "name": "02536_replace_with_nonconst_needle_and_replacement.sql"
        },
        {
            "query": "\nSELECT id, haystack, needle, replacement, replaceAll('Hello World', needle, replacement) FROM test_tab ORDER BY id;",
            "name": "02536_replace_with_nonconst_needle_and_replacement.sql"
        },
        {
            "query": "\n\n\nSELECT '** replaceOne() **';",
            "name": "02536_replace_with_nonconst_needle_and_replacement.sql"
        },
        {
            "query": "\n\nSELECT '- non-const needle, const replacement';",
            "name": "02536_replace_with_nonconst_needle_and_replacement.sql"
        },
        {
            "query": "\nSELECT id, haystack, needle, 'x', replaceOne(haystack, needle, 'x') FROM test_tab ORDER BY id;",
            "name": "02536_replace_with_nonconst_needle_and_replacement.sql"
        },
        {
            "query": "\nSELECT id, haystack, needle, 'x', replaceOne('Hello World', needle, 'x') FROM test_tab ORDER BY id;",
            "name": "02536_replace_with_nonconst_needle_and_replacement.sql"
        },
        {
            "query": "\n\nSELECT '- const needle, non-const replacement';",
            "name": "02536_replace_with_nonconst_needle_and_replacement.sql"
        },
        {
            "query": "\nSELECT id, haystack, 'l', replacement, replaceOne(haystack, 'l', replacement) FROM test_tab ORDER BY id;",
            "name": "02536_replace_with_nonconst_needle_and_replacement.sql"
        },
        {
            "query": "\nSELECT id, haystack, 'l', replacement, replaceOne('Hello World', 'l', replacement) FROM test_tab ORDER BY id;",
            "name": "02536_replace_with_nonconst_needle_and_replacement.sql"
        },
        {
            "query": "\n\nSELECT '- non-const needle, non-const replacement';",
            "name": "02536_replace_with_nonconst_needle_and_replacement.sql"
        },
        {
            "query": "\nSELECT id, haystack, needle, replacement, replaceOne(haystack, needle, replacement) FROM test_tab ORDER BY id;",
            "name": "02536_replace_with_nonconst_needle_and_replacement.sql"
        },
        {
            "query": "\nSELECT id, haystack, needle, replacement, replaceOne('Hello World', needle, replacement) FROM test_tab ORDER BY id;",
            "name": "02536_replace_with_nonconst_needle_and_replacement.sql"
        },
        {
            "query": "\n\nSELECT '** replaceRegexpAll() **';",
            "name": "02536_replace_with_nonconst_needle_and_replacement.sql"
        },
        {
            "query": "\n\nSELECT '- non-const needle, const replacement';",
            "name": "02536_replace_with_nonconst_needle_and_replacement.sql"
        },
        {
            "query": "\nSELECT id, haystack, needle, 'x', replaceRegexpAll(haystack, needle, 'x') FROM test_tab ORDER BY id;",
            "name": "02536_replace_with_nonconst_needle_and_replacement.sql"
        },
        {
            "query": "\nSELECT id, haystack, needle, 'x', replaceRegexpAll('Hello World', needle, 'x') FROM test_tab ORDER BY id;",
            "name": "02536_replace_with_nonconst_needle_and_replacement.sql"
        },
        {
            "query": "\n\nSELECT '- const needle, non-const replacement';",
            "name": "02536_replace_with_nonconst_needle_and_replacement.sql"
        },
        {
            "query": "\nSELECT id, haystack, 'l', replacement, replaceRegexpAll(haystack, 'l', replacement) FROM test_tab ORDER BY id;",
            "name": "02536_replace_with_nonconst_needle_and_replacement.sql"
        },
        {
            "query": "\nSELECT id, haystack, 'l', replacement, replaceRegexpAll('Hello World', 'l', replacement) FROM test_tab ORDER BY id;",
            "name": "02536_replace_with_nonconst_needle_and_replacement.sql"
        },
        {
            "query": "\n\nSELECT '- non-const needle, non-const replacement';",
            "name": "02536_replace_with_nonconst_needle_and_replacement.sql"
        },
        {
            "query": "\nSELECT id, haystack, needle, replacement, replaceRegexpAll(haystack, needle, replacement) FROM test_tab ORDER BY id;",
            "name": "02536_replace_with_nonconst_needle_and_replacement.sql"
        },
        {
            "query": "\nSELECT id, haystack, needle, replacement, replaceRegexpAll('Hello World', needle, replacement) FROM test_tab ORDER BY id;",
            "name": "02536_replace_with_nonconst_needle_and_replacement.sql"
        },
        {
            "query": "\n\nSELECT '** replaceRegexpOne() **';",
            "name": "02536_replace_with_nonconst_needle_and_replacement.sql"
        },
        {
            "query": "\n\nSELECT '- non-const needle, const replacement';",
            "name": "02536_replace_with_nonconst_needle_and_replacement.sql"
        },
        {
            "query": "\nSELECT id, haystack, needle, 'x', replaceRegexpOne(haystack, needle, 'x') FROM test_tab ORDER BY id;",
            "name": "02536_replace_with_nonconst_needle_and_replacement.sql"
        },
        {
            "query": "\nSELECT id, haystack, needle, 'x', replaceRegexpOne('Hello World', needle, 'x') FROM test_tab ORDER BY id;",
            "name": "02536_replace_with_nonconst_needle_and_replacement.sql"
        },
        {
            "query": "\n\nSELECT '- const needle, non-const replacement';",
            "name": "02536_replace_with_nonconst_needle_and_replacement.sql"
        },
        {
            "query": "\nSELECT id, haystack, 'l', replacement, replaceRegexpOne(haystack, 'l', replacement) FROM test_tab ORDER BY id;",
            "name": "02536_replace_with_nonconst_needle_and_replacement.sql"
        },
        {
            "query": "\nSELECT id, haystack, 'l', replacement, replaceRegexpOne('Hello World', 'l', replacement) FROM test_tab ORDER BY id;",
            "name": "02536_replace_with_nonconst_needle_and_replacement.sql"
        },
        {
            "query": "\n\nSELECT '- non-const needle, non-const replacement';",
            "name": "02536_replace_with_nonconst_needle_and_replacement.sql"
        },
        {
            "query": "\nSELECT id, haystack, needle, replacement, replaceRegexpOne(haystack, needle, replacement) FROM test_tab ORDER BY id;",
            "name": "02536_replace_with_nonconst_needle_and_replacement.sql"
        },
        {
            "query": "\nSELECT id, haystack, needle, replacement, replaceRegexpOne('Hello World', needle, replacement) FROM test_tab ORDER BY id;",
            "name": "02536_replace_with_nonconst_needle_and_replacement.sql"
        },
        {
            "query": "\n\nDROP TABLE IF EXISTS test_tab;",
            "name": "02536_replace_with_nonconst_needle_and_replacement.sql"
        },
        {
            "query": "\n\n\nSELECT 'Check that an exception is thrown if the needle is empty';",
            "name": "02536_replace_with_nonconst_needle_and_replacement.sql"
        },
        {
            "query": "\n\nCREATE TABLE test_tab\n  (id UInt32, haystack String, needle String, replacement String)\n  engine = MergeTree()\n  ORDER BY id;",
            "name": "02536_replace_with_nonconst_needle_and_replacement.sql"
        },
        {
            "query": "\n\nINSERT INTO test_tab VALUES (1, 'Hello World', 'l', 'x') (2, 'Hello World', '', 'y')\n\n-- needle: non-const, replacement: const\nSELECT replaceAll(haystack, needle, 'x') FROM test_tab;",
            "name": "02536_replace_with_nonconst_needle_and_replacement.sql"
        },
        {
            "query": "  -- { serverError ARGUMENT_OUT_OF_BOUND }\nSELECT replaceOne(haystack, needle, 'x') FROM test_tab;",
            "name": "02536_replace_with_nonconst_needle_and_replacement.sql"
        },
        {
            "query": "  -- { serverError ARGUMENT_OUT_OF_BOUND }\nSELECT replaceRegexpAll(haystack, needle, 'x') FROM test_tab;",
            "name": "02536_replace_with_nonconst_needle_and_replacement.sql"
        },
        {
            "query": "  -- { serverError ARGUMENT_OUT_OF_BOUND }\nSELECT replaceRegexpOne(haystack, needle, 'x') FROM test_tab;",
            "name": "02536_replace_with_nonconst_needle_and_replacement.sql"
        },
        {
            "query": "  -- { serverError ARGUMENT_OUT_OF_BOUND }\n\n-- needle: const, replacement: non-const\nSELECT replaceAll(haystack, '', replacement) FROM test_tab;",
            "name": "02536_replace_with_nonconst_needle_and_replacement.sql"
        },
        {
            "query": "  -- { serverError ARGUMENT_OUT_OF_BOUND }\nSELECT replaceOne(haystack, '', replacement) FROM test_tab;",
            "name": "02536_replace_with_nonconst_needle_and_replacement.sql"
        },
        {
            "query": "  -- { serverError ARGUMENT_OUT_OF_BOUND }\nSELECT replaceRegexpAll(haystack, '', replacement) FROM test_tab;",
            "name": "02536_replace_with_nonconst_needle_and_replacement.sql"
        },
        {
            "query": "  -- { serverError ARGUMENT_OUT_OF_BOUND }\nSELECT replaceRegexpOne(haystack, '', replacement) FROM test_tab;",
            "name": "02536_replace_with_nonconst_needle_and_replacement.sql"
        },
        {
            "query": "  -- { serverError ARGUMENT_OUT_OF_BOUND }\n\n-- needle: non-const, replacement: non-const\nSELECT replaceAll(haystack, needle, replacement) FROM test_tab;",
            "name": "02536_replace_with_nonconst_needle_and_replacement.sql"
        },
        {
            "query": "  -- { serverError ARGUMENT_OUT_OF_BOUND }\nSELECT replaceOne(haystack, needle, replacement) FROM test_tab;",
            "name": "02536_replace_with_nonconst_needle_and_replacement.sql"
        },
        {
            "query": "  -- { serverError ARGUMENT_OUT_OF_BOUND }\nSELECT replaceRegexpAll(haystack, needle, replacement) FROM test_tab;",
            "name": "02536_replace_with_nonconst_needle_and_replacement.sql"
        },
        {
            "query": "  -- { serverError ARGUMENT_OUT_OF_BOUND }\nSELECT replaceRegexpOne(haystack, needle, replacement) FROM test_tab;",
            "name": "02536_replace_with_nonconst_needle_and_replacement.sql"
        },
        {
            "query": "  -- { serverError ARGUMENT_OUT_OF_BOUND }\n\nDROP TABLE IF EXISTS test_tab;",
            "name": "02536_replace_with_nonconst_needle_and_replacement.sql"
        }
    ]
}