{
    "name": "01657_array_element_ubsan.sql",
    "tests": [
        {
            "query": "SELECT [number][10000000000] FROM numbers(1);",
            "name": "01657_array_element_ubsan.sql"
        },
        {
            "query": "\nSELECT [number][-10000000000] FROM numbers(1);",
            "name": "01657_array_element_ubsan.sql"
        },
        {
            "query": "\n\nSELECT [number][-0x8000000000000000] FROM numbers(1);",
            "name": "01657_array_element_ubsan.sql"
        },
        {
            "query": "\nSELECT [number][0xFFFFFFFFFFFFFFFF] FROM numbers(1);",
            "name": "01657_array_element_ubsan.sql"
        },
        {
            "query": "\n\nSELECT '---';",
            "name": "01657_array_element_ubsan.sql"
        },
        {
            "query": "\n\nSELECT [materialize(1)][0xFFFFFFFFFFFFFFFF];",
            "name": "01657_array_element_ubsan.sql"
        },
        {
            "query": "\nSELECT [materialize(1)][materialize(18446744073709551615)];",
            "name": "01657_array_element_ubsan.sql"
        },
        {
            "query": "\nSELECT [materialize(1)][-0x8000000000000000];",
            "name": "01657_array_element_ubsan.sql"
        },
        {
            "query": "\n\nSELECT '---';",
            "name": "01657_array_element_ubsan.sql"
        },
        {
            "query": "\n\nSELECT [number][arrayJoin([-0x8000000000000000, -10000000000, 0, -1])] FROM numbers(2);",
            "name": "01657_array_element_ubsan.sql"
        },
        {
            "query": "\n\nSELECT '---';",
            "name": "01657_array_element_ubsan.sql"
        },
        {
            "query": "\n\nSELECT [number][arrayJoin([0xFFFFFFFFFFFFFFFF, 10000000000, 0, 1])] FROM numbers(2);",
            "name": "01657_array_element_ubsan.sql"
        }
    ]
}