{
    "name": "03049_unknown_identifier_materialized_column.sql",
    "tests": [
        {
            "query": "-- https://github.com/ClickHouse/ClickHouse/issues/54317\nSET allow_experimental_analyzer=1;",
            "name": "03049_unknown_identifier_materialized_column.sql"
        },
        {
            "query": "\nDROP DATABASE IF EXISTS {CLICKHOUSE_DATABASE:Identifier};",
            "name": "03049_unknown_identifier_materialized_column.sql"
        },
        {
            "query": "\n\nCREATE DATABASE {CLICKHOUSE_DATABASE:Identifier};",
            "name": "03049_unknown_identifier_materialized_column.sql"
        },
        {
            "query": "\nUSE {CLICKHOUSE_DATABASE:Identifier};",
            "name": "03049_unknown_identifier_materialized_column.sql"
        },
        {
            "query": "\n\nCREATE TABLE l (y String) Engine Memory;",
            "name": "03049_unknown_identifier_materialized_column.sql"
        },
        {
            "query": "\nCREATE TABLE r (d Date, y String, ty UInt16 MATERIALIZED toYear(d)) Engine Memory;",
            "name": "03049_unknown_identifier_materialized_column.sql"
        },
        {
            "query": "\nselect * from l L left join r R on  L.y = R.y  where R.ty >= 2019;",
            "name": "03049_unknown_identifier_materialized_column.sql"
        },
        {
            "query": "\nselect * from l left join r  on  l.y = r.y  where r.ty >= 2019;",
            "name": "03049_unknown_identifier_materialized_column.sql"
        },
        {
            "query": "\nselect * from {CLICKHOUSE_DATABASE:Identifier}.l left join {CLICKHOUSE_DATABASE:Identifier}.r  on  l.y = r.y  where r.ty >= 2019;",
            "name": "03049_unknown_identifier_materialized_column.sql"
        },
        {
            "query": "\n\nDROP DATABASE IF EXISTS {CLICKHOUSE_DATABASE:Identifier};",
            "name": "03049_unknown_identifier_materialized_column.sql"
        }
    ]
}