{
    "name": "02679_query_parameters_dangling_pointer.sql",
    "tests": [
        {
            "query": "-- There is no use-after-free in the following query:\n\nSET param_o = 'a';",
            "name": "02679_query_parameters_dangling_pointer.sql"
        },
        {
            "query": "\nCREATE TABLE test.xxx (a Int64) ENGINE=MergeTree ORDER BY ({o:String});",
            "name": "02679_query_parameters_dangling_pointer.sql"
        },
        {
            "query": " -- { serverError 44 }\n;",
            "name": "02679_query_parameters_dangling_pointer.sql"
        }
    ]
}