{
    "name": "01891_not_in_partition_prune.sql",
    "tests": [
        {
            "query": "drop table if exists test1;",
            "name": "01891_not_in_partition_prune.sql"
        },
        {
            "query": "\n\ncreate table test1 (i int, j int) engine MergeTree partition by i order by tuple() settings index_granularity = 1;",
            "name": "01891_not_in_partition_prune.sql"
        },
        {
            "query": "\n\ninsert into test1 select number, number + 100 from numbers(10);",
            "name": "01891_not_in_partition_prune.sql"
        },
        {
            "query": "\nselect count() from test1 where i not in (1,2,3);",
            "name": "01891_not_in_partition_prune.sql"
        },
        {
            "query": "\nset max_rows_to_read = 5;",
            "name": "01891_not_in_partition_prune.sql"
        },
        {
            "query": "\nselect * from test1 where i not in (1,2,3,4,5) order by i;",
            "name": "01891_not_in_partition_prune.sql"
        },
        {
            "query": "\n\ndrop table test1;",
            "name": "01891_not_in_partition_prune.sql"
        },
        {
            "query": "\n\ndrop table if exists t1;",
            "name": "01891_not_in_partition_prune.sql"
        },
        {
            "query": "\ndrop table if exists t2;",
            "name": "01891_not_in_partition_prune.sql"
        },
        {
            "query": "\n\ncreate table t1 (date Date, a Float64, b String) Engine=MergeTree ORDER BY date;",
            "name": "01891_not_in_partition_prune.sql"
        },
        {
            "query": "\ncreate table t2 (date Date, a Float64, b String) Engine=MergeTree ORDER BY date;",
            "name": "01891_not_in_partition_prune.sql"
        },
        {
            "query": "\n\ninsert into t1(a, b) values (1, 'one'), (2, 'two');",
            "name": "01891_not_in_partition_prune.sql"
        },
        {
            "query": "\ninsert into t2(a, b) values (2, 'two'), (3, 'three');",
            "name": "01891_not_in_partition_prune.sql"
        },
        {
            "query": "\n\nselect date, a, b from t1 where (date, a, b) NOT IN (select date,a,b from t2);",
            "name": "01891_not_in_partition_prune.sql"
        },
        {
            "query": "\nselect date, a, b from t2 where (date, a, b) NOT IN (select date,a,b from t1);",
            "name": "01891_not_in_partition_prune.sql"
        },
        {
            "query": "\n\ndrop table t1;",
            "name": "01891_not_in_partition_prune.sql"
        },
        {
            "query": "\ndrop table t2;",
            "name": "01891_not_in_partition_prune.sql"
        }
    ]
}