{
    "name": "02898_parallel_replicas_custom_key_final.sql",
    "tests": [
        {
            "query": "DROP TABLE IF EXISTS 02898_parallel_replicas_final;",
            "name": "02898_parallel_replicas_custom_key_final.sql"
        },
        {
            "query": "\n\nCREATE TABLE 02898_parallel_replicas_final (x String, y Int32) ENGINE = ReplacingMergeTree ORDER BY cityHash64(x);",
            "name": "02898_parallel_replicas_custom_key_final.sql"
        },
        {
            "query": "\n\nINSERT INTO 02898_parallel_replicas_final SELECT toString(number), number % 3 FROM numbers(1000);",
            "name": "02898_parallel_replicas_custom_key_final.sql"
        },
        {
            "query": "\n\nSELECT y, count()\nFROM cluster(test_cluster_one_shard_three_replicas_localhost, currentDatabase(), 02898_parallel_replicas_final) FINAL\nGROUP BY y\nORDER BY y\nSETTINGS max_parallel_replicas=3, parallel_replicas_custom_key='cityHash64(y)', parallel_replicas_custom_key_filter_type='default';",
            "name": "02898_parallel_replicas_custom_key_final.sql"
        },
        {
            "query": "\n\nSELECT y, count()\nFROM cluster(test_cluster_one_shard_three_replicas_localhost, currentDatabase(), 02898_parallel_replicas_final) FINAL\nGROUP BY y\nORDER BY y\nSETTINGS max_parallel_replicas=3, parallel_replicas_custom_key='cityHash64(y)', parallel_replicas_custom_key_filter_type='range';",
            "name": "02898_parallel_replicas_custom_key_final.sql"
        },
        {
            "query": "\n\nDROP TABLE 02898_parallel_replicas_final;",
            "name": "02898_parallel_replicas_custom_key_final.sql"
        }
    ]
}