{
    "name": "01769_extended_range_2.sql",
    "tests": [
        {
            "query": "SELECT toDateTime64('1969-12-31 18:00:12', 0, 'America/Phoenix');",
            "name": "01769_extended_range_2.sql"
        },
        {
            "query": "\nSELECT toDateTime64('1969-12-30 18:00:12', 0, 'America/Phoenix');",
            "name": "01769_extended_range_2.sql"
        },
        {
            "query": "\nSELECT toDateTime64('1969-12-31 18:00:12', 0, 'Asia/Istanbul');",
            "name": "01769_extended_range_2.sql"
        }
    ]
}