{
    "name": "01416_join_totals_header_bug.sql",
    "tests": [
        {
            "query": "DROP TABLE IF EXISTS tableCommon;",
            "name": "01416_join_totals_header_bug.sql"
        },
        {
            "query": "\nDROP TABLE IF EXISTS tableTrees;",
            "name": "01416_join_totals_header_bug.sql"
        },
        {
            "query": "\nDROP TABLE IF EXISTS tableFlowers;",
            "name": "01416_join_totals_header_bug.sql"
        },
        {
            "query": "\n\nCREATE TABLE tableCommon (`key` FixedString(15), `value` Nullable(Int8)) ENGINE = Log();",
            "name": "01416_join_totals_header_bug.sql"
        },
        {
            "query": "\nCREATE TABLE tableTrees (`key` FixedString(15), `name` Nullable(Int8), `name2` Nullable(Int8)) ENGINE = Log();",
            "name": "01416_join_totals_header_bug.sql"
        },
        {
            "query": "\nCREATE TABLE tableFlowers (`key` FixedString(15), `name` Nullable(Int8)) ENGINE = Log();",
            "name": "01416_join_totals_header_bug.sql"
        },
        {
            "query": "\n\nSELECT * FROM (\n    SELECT common.key, common.value, trees.name, trees.name2\n    FROM (\n\tSELECT *\n\tFROM tableCommon\n    ) as common\n    INNER JOIN (\n\tSELECT *\n\tFROM tableTrees\n    ) trees ON (common.key = trees.key)\n)\nUNION ALL\n(\n    SELECT common.key, common.value, \n    null as name, null as name2 \n    \n    FROM (\n\tSELECT *\n\tFROM tableCommon\n    ) as common\n    INNER JOIN (\n\tSELECT *\n\tFROM tableFlowers\n    ) flowers ON (common.key = flowers.key)\n);",
            "name": "01416_join_totals_header_bug.sql"
        },
        {
            "query": "\n\nSELECT * FROM (\n    SELECT common.key, common.value, trees.name, trees.name2\n    FROM (\n\tSELECT *\n\tFROM tableCommon\n    ) as common\n    INNER JOIN (\n\tSELECT *\n\tFROM tableTrees\n    ) trees ON (common.key = trees.key)\n)\nUNION ALL\n(\n    SELECT common.key, common.value, \n    flowers.name, null as name2\n\n    FROM (\n\tSELECT *\n\tFROM tableCommon\n    ) as common\n    INNER JOIN (\n\tSELECT *\n\tFROM tableFlowers\n    ) flowers ON (common.key = flowers.key)\n);",
            "name": "01416_join_totals_header_bug.sql"
        },
        {
            "query": "\n\nDROP TABLE IF EXISTS tableCommon;",
            "name": "01416_join_totals_header_bug.sql"
        },
        {
            "query": "\nDROP TABLE IF EXISTS tableTrees;",
            "name": "01416_join_totals_header_bug.sql"
        },
        {
            "query": "\nDROP TABLE IF EXISTS tableFlowers;",
            "name": "01416_join_totals_header_bug.sql"
        }
    ]
}