{
    "name": "02539_generate_random_map.sql",
    "tests": [
        {
            "query": "-- Check that max length works\n\nSELECT max(length(mapKeys(a)))\nFROM\n(\n    SELECT a\n    FROM generateRandom('a Map(String, String)', 20, 5, 1)\n    LIMIT 1000\n);",
            "name": "02539_generate_random_map.sql"
        },
        {
            "query": "\n\nSELECT max(length(mapKeys(a)))\nFROM\n(\n    SELECT a\n    FROM generateRandom('a Map(String, String)', 20, 5, 20)\n    LIMIT 1000\n);",
            "name": "02539_generate_random_map.sql"
        }
    ]
}