{
    "name": "02346_to_hour_monotonicity_fix.sql",
    "tests": [
        {
            "query": "drop table if exists test_tz_hour;",
            "name": "02346_to_hour_monotonicity_fix.sql"
        },
        {
            "query": "\n\ncreate table test_tz_hour(t DateTime, x String) engine MergeTree partition by toYYYYMMDD(t) order by x;",
            "name": "02346_to_hour_monotonicity_fix.sql"
        },
        {
            "query": "\ninsert into test_tz_hour select toDateTime('2021-06-01 00:00:00', 'UTC') + number * 600, 'x' from numbers(1e3);",
            "name": "02346_to_hour_monotonicity_fix.sql"
        },
        {
            "query": "\n\nselect toHour(toTimeZone(t, 'UTC')) as toHour_UTC, toHour(toTimeZone(t, 'Asia/Jerusalem')) as toHour_Israel, count() from test_tz_hour where toHour_Israel = 8 group by toHour_UTC, toHour_Israel;",
            "name": "02346_to_hour_monotonicity_fix.sql"
        },
        {
            "query": "\n\ndrop table test_tz_hour;",
            "name": "02346_to_hour_monotonicity_fix.sql"
        }
    ]
}