{
    "name": "01189_create_as_table_as_table_function.sql",
    "tests": [
        {
            "query": "DROP TABLE IF EXISTS table2;",
            "name": "01189_create_as_table_as_table_function.sql"
        },
        {
            "query": "\nDROP TABLE IF EXISTS table3;",
            "name": "01189_create_as_table_as_table_function.sql"
        },
        {
            "query": "\n\nCREATE TABLE table2 AS numbers(5);",
            "name": "01189_create_as_table_as_table_function.sql"
        },
        {
            "query": "\nCREATE TABLE table3 AS table2;",
            "name": "01189_create_as_table_as_table_function.sql"
        },
        {
            "query": "\n\nSHOW CREATE table2;",
            "name": "01189_create_as_table_as_table_function.sql"
        },
        {
            "query": "\nSHOW CREATE table3;",
            "name": "01189_create_as_table_as_table_function.sql"
        },
        {
            "query": "\n\nSELECT count(), sum(number) FROM table2;",
            "name": "01189_create_as_table_as_table_function.sql"
        },
        {
            "query": "\nSELECT count(), sum(number) FROM table3;",
            "name": "01189_create_as_table_as_table_function.sql"
        },
        {
            "query": "\n\nDROP TABLE table2;",
            "name": "01189_create_as_table_as_table_function.sql"
        },
        {
            "query": "\nDROP TABLE table3;",
            "name": "01189_create_as_table_as_table_function.sql"
        }
    ]
}