{
    "name": "01914_exchange_dictionaries.sql",
    "tests": [
        {
            "query": "-- Tags: no-ordinary-database, no-parallel\n-- Tag no-ordinary-database: Requires Atomic database\n\nDROP DATABASE IF EXISTS 01914_db;",
            "name": "01914_exchange_dictionaries.sql"
        },
        {
            "query": "\nCREATE DATABASE 01914_db ENGINE=Atomic;",
            "name": "01914_exchange_dictionaries.sql"
        },
        {
            "query": "\n\nDROP TABLE IF EXISTS 01914_db.table_1;",
            "name": "01914_exchange_dictionaries.sql"
        },
        {
            "query": "\nCREATE TABLE 01914_db.table_1 (id UInt64, value String) ENGINE=TinyLog;",
            "name": "01914_exchange_dictionaries.sql"
        },
        {
            "query": "\n\nDROP TABLE IF EXISTS 01914_db.table_2;",
            "name": "01914_exchange_dictionaries.sql"
        },
        {
            "query": "\nCREATE TABLE 01914_db.table_2 (id UInt64, value String) ENGINE=TinyLog;",
            "name": "01914_exchange_dictionaries.sql"
        },
        {
            "query": "\n\nINSERT INTO 01914_db.table_1 VALUES (1, 'Table1');",
            "name": "01914_exchange_dictionaries.sql"
        },
        {
            "query": "\nINSERT INTO 01914_db.table_2 VALUES (2, 'Table2');",
            "name": "01914_exchange_dictionaries.sql"
        },
        {
            "query": "\n\nDROP DICTIONARY IF EXISTS 01914_db.dictionary_1;",
            "name": "01914_exchange_dictionaries.sql"
        },
        {
            "query": "\nCREATE DICTIONARY 01914_db.dictionary_1 (id UInt64, value String)\nPRIMARY KEY id\nLAYOUT(DIRECT())\nSOURCE(CLICKHOUSE(DB '01914_db' TABLE 'table_1'));",
            "name": "01914_exchange_dictionaries.sql"
        },
        {
            "query": "\n\nDROP DICTIONARY IF EXISTS 01914_db.dictionary_2;",
            "name": "01914_exchange_dictionaries.sql"
        },
        {
            "query": "\nCREATE DICTIONARY 01914_db.dictionary_2 (id UInt64, value String)\nPRIMARY KEY id\nLAYOUT(DIRECT())\nSOURCE(CLICKHOUSE(DB '01914_db' TABLE 'table_2'));",
            "name": "01914_exchange_dictionaries.sql"
        },
        {
            "query": "\n\nSELECT * FROM 01914_db.dictionary_1;",
            "name": "01914_exchange_dictionaries.sql"
        },
        {
            "query": "\nSELECT * FROM 01914_db.dictionary_2;",
            "name": "01914_exchange_dictionaries.sql"
        },
        {
            "query": "\n\nEXCHANGE DICTIONARIES 01914_db.dictionary_1 AND 01914_db.dictionary_2;",
            "name": "01914_exchange_dictionaries.sql"
        },
        {
            "query": "\n\nSELECT * FROM 01914_db.dictionary_1;",
            "name": "01914_exchange_dictionaries.sql"
        },
        {
            "query": "\nSELECT * FROM 01914_db.dictionary_2;",
            "name": "01914_exchange_dictionaries.sql"
        },
        {
            "query": "\n\nDROP DICTIONARY 01914_db.dictionary_1;",
            "name": "01914_exchange_dictionaries.sql"
        },
        {
            "query": "\nDROP DICTIONARY 01914_db.dictionary_2;",
            "name": "01914_exchange_dictionaries.sql"
        },
        {
            "query": "\n\nDROP TABLE 01914_db.table_1;",
            "name": "01914_exchange_dictionaries.sql"
        },
        {
            "query": "\nDROP TABLE 01914_db.table_2;",
            "name": "01914_exchange_dictionaries.sql"
        },
        {
            "query": "\n\nDROP DATABASE 01914_db;",
            "name": "01914_exchange_dictionaries.sql"
        }
    ]
}