{
    "name": "01355_alter_column_with_order.sql",
    "tests": [
        {
            "query": "-- Tags: no-parallel\n\nDROP TABLE IF EXISTS alter_test;",
            "name": "01355_alter_column_with_order.sql"
        },
        {
            "query": "\n\nset allow_deprecated_syntax_for_merge_tree=1;",
            "name": "01355_alter_column_with_order.sql"
        },
        {
            "query": "\nCREATE TABLE alter_test (CounterID UInt32, StartDate Date, UserID UInt32, VisitID UInt32, NestedColumn Nested(A UInt8, S String), ToDrop UInt32) ENGINE = MergeTree(StartDate, intHash32(UserID), (CounterID, StartDate, intHash32(UserID), VisitID), 8192);",
            "name": "01355_alter_column_with_order.sql"
        },
        {
            "query": "\n\nALTER TABLE alter_test ADD COLUMN Added1 UInt32 FIRST;",
            "name": "01355_alter_column_with_order.sql"
        },
        {
            "query": "\n\nALTER TABLE alter_test ADD COLUMN Added2 UInt32 AFTER NestedColumn;",
            "name": "01355_alter_column_with_order.sql"
        },
        {
            "query": "\n\nALTER TABLE alter_test ADD COLUMN Added3 UInt32 AFTER ToDrop;",
            "name": "01355_alter_column_with_order.sql"
        },
        {
            "query": "\n\nDESC alter_test;",
            "name": "01355_alter_column_with_order.sql"
        },
        {
            "query": "\nDETACH TABLE alter_test;",
            "name": "01355_alter_column_with_order.sql"
        },
        {
            "query": "\nATTACH TABLE alter_test;",
            "name": "01355_alter_column_with_order.sql"
        },
        {
            "query": "\nDESC alter_test;",
            "name": "01355_alter_column_with_order.sql"
        },
        {
            "query": "\n\nALTER TABLE alter_test MODIFY COLUMN Added2 UInt32 FIRST;",
            "name": "01355_alter_column_with_order.sql"
        },
        {
            "query": "\n\nALTER TABLE alter_test MODIFY COLUMN Added3 UInt32 AFTER CounterID;",
            "name": "01355_alter_column_with_order.sql"
        },
        {
            "query": "\n\nDESC alter_test;",
            "name": "01355_alter_column_with_order.sql"
        },
        {
            "query": "\nDETACH TABLE alter_test;",
            "name": "01355_alter_column_with_order.sql"
        },
        {
            "query": "\nATTACH TABLE alter_test;",
            "name": "01355_alter_column_with_order.sql"
        },
        {
            "query": "\nDESC alter_test;",
            "name": "01355_alter_column_with_order.sql"
        },
        {
            "query": "\n\nDROP TABLE IF EXISTS alter_test;",
            "name": "01355_alter_column_with_order.sql"
        }
    ]
}