{
    "name": "00616_final_single_part.sql",
    "tests": [
        {
            "query": "SET optimize_on_insert = 0;",
            "name": "00616_final_single_part.sql"
        },
        {
            "query": "\n\nDROP TABLE IF EXISTS test_00616;",
            "name": "00616_final_single_part.sql"
        },
        {
            "query": "\nDROP TABLE IF EXISTS replacing_00616;",
            "name": "00616_final_single_part.sql"
        },
        {
            "query": "\n\nset allow_deprecated_syntax_for_merge_tree=1;",
            "name": "00616_final_single_part.sql"
        },
        {
            "query": "\nCREATE TABLE test_00616\n(\n    date Date,\n    x Int32,\n    ver UInt64\n)\nENGINE = MergeTree(date, x, 4096);",
            "name": "00616_final_single_part.sql"
        },
        {
            "query": "\n\nINSERT INTO test_00616 VALUES ('2018-03-21', 1, 1), ('2018-03-21', 1, 2);",
            "name": "00616_final_single_part.sql"
        },
        {
            "query": "\nset allow_deprecated_syntax_for_merge_tree=1;",
            "name": "00616_final_single_part.sql"
        },
        {
            "query": "\nCREATE TABLE replacing_00616 ENGINE = ReplacingMergeTree(date, x, 4096, ver) AS SELECT * FROM test_00616;",
            "name": "00616_final_single_part.sql"
        },
        {
            "query": "\n\nSELECT * FROM test_00616 ORDER BY ver;",
            "name": "00616_final_single_part.sql"
        },
        {
            "query": "\n\nSELECT * FROM replacing_00616 ORDER BY ver;",
            "name": "00616_final_single_part.sql"
        },
        {
            "query": "\nSELECT * FROM replacing_00616 FINAL ORDER BY ver;",
            "name": "00616_final_single_part.sql"
        },
        {
            "query": "\n\nOPTIMIZE TABLE replacing_00616 PARTITION '201803' FINAL;",
            "name": "00616_final_single_part.sql"
        },
        {
            "query": "\n\nSELECT * FROM replacing_00616 ORDER BY ver;",
            "name": "00616_final_single_part.sql"
        },
        {
            "query": "\nSELECT * FROM replacing_00616 FINAL ORDER BY ver;",
            "name": "00616_final_single_part.sql"
        },
        {
            "query": "\n\nDROP TABLE test_00616;",
            "name": "00616_final_single_part.sql"
        },
        {
            "query": "\nDROP TABLE replacing_00616;",
            "name": "00616_final_single_part.sql"
        }
    ]
}