{
    "name": "00835_if_generic_case.sql",
    "tests": [
        {
            "query": "SET allow_experimental_analyzer = 1;",
            "name": "00835_if_generic_case.sql"
        },
        {
            "query": "\n\nSELECT toDateTime('2000-01-01 00:00:00', 'Asia/Istanbul') AS x, toDate('2000-01-02') AS y, x > y ? x : y AS z;",
            "name": "00835_if_generic_case.sql"
        },
        {
            "query": "\nSELECT materialize(toDateTime('2000-01-01 00:00:00', 'Asia/Istanbul')) AS x, toDate('2000-01-02') AS y, x > y ? x : y AS z;",
            "name": "00835_if_generic_case.sql"
        },
        {
            "query": "\nSELECT toDateTime('2000-01-01 00:00:00', 'Asia/Istanbul') AS x, materialize(toDate('2000-01-02')) AS y, x > y ? x : y AS z;",
            "name": "00835_if_generic_case.sql"
        },
        {
            "query": "\nSELECT materialize(toDateTime('2000-01-01 00:00:00', 'Asia/Istanbul')) AS x, materialize(toDate('2000-01-02')) AS y, x > y ? x : y AS z;",
            "name": "00835_if_generic_case.sql"
        },
        {
            "query": "\n\nSELECT toDateTime('2000-01-01 00:00:00', 'Asia/Istanbul') AS x, toDate('2000-01-02') AS y, 0 ? x : y AS z;",
            "name": "00835_if_generic_case.sql"
        },
        {
            "query": "\nSELECT materialize(toDateTime('2000-01-01 00:00:00', 'Asia/Istanbul')) AS x, toDate('2000-01-02') AS y, 0 ? x : y AS z;",
            "name": "00835_if_generic_case.sql"
        },
        {
            "query": "\nSELECT toDateTime('2000-01-01 00:00:00', 'Asia/Istanbul') AS x, materialize(toDate('2000-01-02')) AS y, 0 ? x : y AS z;",
            "name": "00835_if_generic_case.sql"
        },
        {
            "query": "\nSELECT materialize(toDateTime('2000-01-01 00:00:00', 'Asia/Istanbul')) AS x, materialize(toDate('2000-01-02')) AS y, 0 ? x : y AS z;",
            "name": "00835_if_generic_case.sql"
        },
        {
            "query": "\n\nSELECT toDateTime('2000-01-01 00:00:00', 'Asia/Istanbul') AS x, toDate('2000-01-02') AS y, 1 ? x : y AS z;",
            "name": "00835_if_generic_case.sql"
        },
        {
            "query": "\nSELECT materialize(toDateTime('2000-01-01 00:00:00', 'Asia/Istanbul')) AS x, toDate('2000-01-02') AS y, 1 ? x : y AS z;",
            "name": "00835_if_generic_case.sql"
        },
        {
            "query": "\nSELECT toDateTime('2000-01-01 00:00:00', 'Asia/Istanbul') AS x, materialize(toDate('2000-01-02')) AS y, 1 ? x : y AS z;",
            "name": "00835_if_generic_case.sql"
        },
        {
            "query": "\nSELECT materialize(toDateTime('2000-01-01 00:00:00', 'Asia/Istanbul')) AS x, materialize(toDate('2000-01-02')) AS y, 1 ? x : y AS z;",
            "name": "00835_if_generic_case.sql"
        },
        {
            "query": "\n\nSELECT rand() % 2 = 0 ? number : number FROM numbers(5);",
            "name": "00835_if_generic_case.sql"
        },
        {
            "query": "\n\nSELECT rand() % 2 = 0 ? number : toString(number) FROM numbers(5);",
            "name": "00835_if_generic_case.sql"
        },
        {
            "query": " -- { serverError 386 }\n;",
            "name": "00835_if_generic_case.sql"
        }
    ]
}