{
    "name": "02730_dictionary_hashed_load_factor_element_count.sql",
    "tests": [
        {
            "query": "DROP DICTIONARY IF EXISTS dict_sharded;",
            "name": "02730_dictionary_hashed_load_factor_element_count.sql"
        },
        {
            "query": "\nDROP DICTIONARY IF EXISTS dict_sharded_multi;",
            "name": "02730_dictionary_hashed_load_factor_element_count.sql"
        },
        {
            "query": "\nDROP TABLE IF EXISTS dict_data;",
            "name": "02730_dictionary_hashed_load_factor_element_count.sql"
        },
        {
            "query": "\n\nCREATE TABLE dict_data (key UInt64, v0 UInt16, v1 UInt16, v2 UInt16, v3 UInt16, v4 UInt16) engine=Memory() AS SELECT number, number%65535, number%65535, number%6553, number%655355, number%65535 FROM numbers(1e6);",
            "name": "02730_dictionary_hashed_load_factor_element_count.sql"
        },
        {
            "query": "\n\nCREATE DICTIONARY dict_sharded (key UInt64, v0 UInt16) PRIMARY KEY key SOURCE(CLICKHOUSE(TABLE 'dict_data')) LIFETIME(MIN 0 MAX 0) LAYOUT(HASHED(SHARDS 32));",
            "name": "02730_dictionary_hashed_load_factor_element_count.sql"
        },
        {
            "query": "\nSYSTEM RELOAD DICTIONARY dict_sharded;",
            "name": "02730_dictionary_hashed_load_factor_element_count.sql"
        },
        {
            "query": "\nSELECT name, length(attribute.names), element_count, round(load_factor, 4) FROM system.dictionaries WHERE database = currentDatabase() AND name = 'dict_sharded';",
            "name": "02730_dictionary_hashed_load_factor_element_count.sql"
        },
        {
            "query": "\nDROP DICTIONARY dict_sharded;",
            "name": "02730_dictionary_hashed_load_factor_element_count.sql"
        },
        {
            "query": "\n\nCREATE DICTIONARY dict_sharded_multi (key UInt64, v0 UInt16, v1 UInt16, v2 UInt16, v3 UInt16, v4 UInt16) PRIMARY KEY key SOURCE(CLICKHOUSE(TABLE 'dict_data')) LIFETIME(MIN 0 MAX 0) LAYOUT(HASHED(SHARDS 32));",
            "name": "02730_dictionary_hashed_load_factor_element_count.sql"
        },
        {
            "query": "\nSYSTEM RELOAD DICTIONARY dict_sharded_multi;",
            "name": "02730_dictionary_hashed_load_factor_element_count.sql"
        },
        {
            "query": "\nSELECT name, length(attribute.names), element_count, round(load_factor, 4) FROM system.dictionaries WHERE database = currentDatabase() AND name = 'dict_sharded_multi';",
            "name": "02730_dictionary_hashed_load_factor_element_count.sql"
        },
        {
            "query": "\nDROP DICTIONARY dict_sharded_multi;",
            "name": "02730_dictionary_hashed_load_factor_element_count.sql"
        },
        {
            "query": "\n\nDROP TABLE dict_data;",
            "name": "02730_dictionary_hashed_load_factor_element_count.sql"
        }
    ]
}