{
    "name": "02769_compare_functions_nan.sql",
    "tests": [
        {
            "query": "SET compile_expressions = 1;",
            "name": "02769_compare_functions_nan.sql"
        },
        {
            "query": "\nSET min_count_to_compile_expression = 0;",
            "name": "02769_compare_functions_nan.sql"
        },
        {
            "query": "\n\nSELECT nan AS value, value = value, value = materialize(value), materialize(value) = value, materialize(value) = materialize(value);",
            "name": "02769_compare_functions_nan.sql"
        },
        {
            "query": "\nSELECT cast(nan, 'Float32') AS value, value = value, value = materialize(value), materialize(value) = value, materialize(value) = materialize(value);",
            "name": "02769_compare_functions_nan.sql"
        },
        {
            "query": "\nSELECT nan AS lhs, cast(nan, 'Float32') AS rhs, lhs = rhs, lhs = materialize(rhs), materialize(lhs) = rhs, materialize(lhs) = materialize(rhs);",
            "name": "02769_compare_functions_nan.sql"
        },
        {
            "query": "\n\nSELECT '--';",
            "name": "02769_compare_functions_nan.sql"
        },
        {
            "query": "\n\nDROP TABLE IF EXISTS test_table;",
            "name": "02769_compare_functions_nan.sql"
        },
        {
            "query": "\nCREATE TABLE test_table\n(\n    id UInt32,\n    value UInt32\n) ENGINE = MergeTree ORDER BY id;",
            "name": "02769_compare_functions_nan.sql"
        },
        {
            "query": "\n\nINSERT INTO test_table VALUES (76, 57);",
            "name": "02769_compare_functions_nan.sql"
        },
        {
            "query": "\n\nSELECT value FROM (SELECT stddevSamp(id) AS value FROM test_table) as subquery\nWHERE ((value = value) AND (NOT (value = value)));",
            "name": "02769_compare_functions_nan.sql"
        },
        {
            "query": "\n\nDROP TABLE test_table;",
            "name": "02769_compare_functions_nan.sql"
        },
        {
            "query": "\n\nSELECT '--';",
            "name": "02769_compare_functions_nan.sql"
        },
        {
            "query": "\n\nSELECT nan AS value, value != value, value != materialize(value), materialize(value) != value, materialize(value) != materialize(value);",
            "name": "02769_compare_functions_nan.sql"
        },
        {
            "query": "\nSELECT cast(nan, 'Float32') AS value, value != value, value != materialize(value), materialize(value) != value, materialize(value) != materialize(value);",
            "name": "02769_compare_functions_nan.sql"
        },
        {
            "query": "\nSELECT nan AS lhs, cast(nan, 'Float32') AS rhs, lhs != rhs, lhs != materialize(rhs), materialize(lhs) != rhs, materialize(lhs) != materialize(rhs);",
            "name": "02769_compare_functions_nan.sql"
        },
        {
            "query": "\n\nSELECT '--';",
            "name": "02769_compare_functions_nan.sql"
        },
        {
            "query": "\n\nCREATE TABLE test_table\n(\n    id UInt32,\n    value_1 UInt32,\n    value_2 Float32\n) ENGINE = MergeTree ORDER BY id;",
            "name": "02769_compare_functions_nan.sql"
        },
        {
            "query": "\n\nINSERT INTO test_table VALUES (12000, 36, 77.94);",
            "name": "02769_compare_functions_nan.sql"
        },
        {
            "query": "\n\nSELECT value\nFROM (SELECT (corr(value_1, value_1) OVER test_window) AS value FROM test_table WINDOW test_window AS (PARTITION BY value_2 ORDER BY id ASC)) as subquery\nWHERE not (not (value <> value));",
            "name": "02769_compare_functions_nan.sql"
        },
        {
            "query": "\n\nDROP TABLE test_table;",
            "name": "02769_compare_functions_nan.sql"
        },
        {
            "query": "\n\nSELECT '--';",
            "name": "02769_compare_functions_nan.sql"
        },
        {
            "query": "\n\nCREATE TABLE test_table\n(\n    id Float32,\n    value Float32\n) ENGINE=MergeTree ORDER BY id;",
            "name": "02769_compare_functions_nan.sql"
        },
        {
            "query": "\n\nINSERT INTO test_table VALUES (-10.75, 95.57);",
            "name": "02769_compare_functions_nan.sql"
        },
        {
            "query": "\n\nSELECT * FROM (SELECT corr(id, id) as corr_value FROM test_table GROUP BY value) AS subquery LEFT ANTI JOIN test_table ON (subquery.corr_value = test_table.id)\nWHERE (test_table.id >= test_table.id) AND (NOT (test_table.id >= test_table.id));",
            "name": "02769_compare_functions_nan.sql"
        },
        {
            "query": "\n\nDROP TABLE test_table;",
            "name": "02769_compare_functions_nan.sql"
        }
    ]
}