{
    "name": "02675_predicate_push_down_filled_join_fix.sql",
    "tests": [
        {
            "query": "SET allow_experimental_analyzer = 1;",
            "name": "02675_predicate_push_down_filled_join_fix.sql"
        },
        {
            "query": "\nSET single_join_prefer_left_table = 0;",
            "name": "02675_predicate_push_down_filled_join_fix.sql"
        },
        {
            "query": "\nSET optimize_move_to_prewhere = 0;",
            "name": "02675_predicate_push_down_filled_join_fix.sql"
        },
        {
            "query": "\n\nDROP TABLE IF EXISTS test_table;",
            "name": "02675_predicate_push_down_filled_join_fix.sql"
        },
        {
            "query": "\nCREATE TABLE test_table\n(\n    id UInt64,\n    value String\n) ENGINE=MergeTree ORDER BY id;",
            "name": "02675_predicate_push_down_filled_join_fix.sql"
        },
        {
            "query": "\n\nINSERT INTO test_table VALUES (0, 'Value');",
            "name": "02675_predicate_push_down_filled_join_fix.sql"
        },
        {
            "query": "\n\nDROP TABLE IF EXISTS test_table_join;",
            "name": "02675_predicate_push_down_filled_join_fix.sql"
        },
        {
            "query": "\nCREATE TABLE test_table_join\n(\n    id UInt64,\n    value String\n) ENGINE = Join(All, inner, id);",
            "name": "02675_predicate_push_down_filled_join_fix.sql"
        },
        {
            "query": "\n\nINSERT INTO test_table_join VALUES (0, 'JoinValue');",
            "name": "02675_predicate_push_down_filled_join_fix.sql"
        },
        {
            "query": "\n\nEXPLAIN header = 1, actions = 1 SELECT t1.id, t1.value, t2.value FROM test_table AS t1 INNER JOIN test_table_join AS t2 ON t1.id = t2.id WHERE t1.id = 0;",
            "name": "02675_predicate_push_down_filled_join_fix.sql"
        },
        {
            "query": "\n\nSELECT t1.id, t1.value, t2.value FROM test_table AS t1 INNER JOIN test_table_join AS t2 ON t1.id = t2.id WHERE t1.id = 0;",
            "name": "02675_predicate_push_down_filled_join_fix.sql"
        },
        {
            "query": "\n\nDROP TABLE test_table_join;",
            "name": "02675_predicate_push_down_filled_join_fix.sql"
        },
        {
            "query": "\nDROP TABLE test_table;",
            "name": "02675_predicate_push_down_filled_join_fix.sql"
        }
    ]
}