{
    "name": "01854_dictionary_range_hashed_min_max_attr.sql",
    "tests": [
        {
            "query": "-- Tags: no-parallel\n\nDROP DICTIONARY IF EXISTS dict_01864;",
            "name": "01854_dictionary_range_hashed_min_max_attr.sql"
        },
        {
            "query": "\nCREATE DICTIONARY dict_01864\n(\n    `id` UInt64,\n    `value` String\n)\nPRIMARY KEY id\nSOURCE(CLICKHOUSE(HOST 'localhost' PORT tcpPort() TABLE 'does_not_exists'))\nLIFETIME(MIN 0 MAX 1000)\nLAYOUT(RANGE_HASHED())\nRANGE(MIN first MAX last) -- { serverError 489 }\n;",
            "name": "01854_dictionary_range_hashed_min_max_attr.sql"
        }
    ]
}