{
    "name": "00112_shard_totals_after_having.sql",
    "tests": [
        {
            "query": "-- Tags: shard\n\nSET totals_mode = 'after_having_auto';",
            "name": "00112_shard_totals_after_having.sql"
        },
        {
            "query": "\nSET max_rows_to_group_by = 100000;",
            "name": "00112_shard_totals_after_having.sql"
        },
        {
            "query": "\nSET group_by_overflow_mode = 'any';",
            "name": "00112_shard_totals_after_having.sql"
        },
        {
            "query": "\nSELECT dummy + 1 AS k, count() FROM remote('127.0.0.{2,3}', system, one) GROUP BY k WITH TOTALS ORDER BY k;",
            "name": "00112_shard_totals_after_having.sql"
        }
    ]
}