{
    "name": "00949_format.sql",
    "tests": [
        {
            "query": "SET send_logs_level = 'fatal';",
            "name": "00949_format.sql"
        },
        {
            "query": "\n\nselect format('Hello {1} World {0}', materialize('first'), materialize('second')) from system.numbers limit 1;",
            "name": "00949_format.sql"
        },
        {
            "query": "\nselect format('Hello {0} World {1}', materialize('first'), materialize('second')) from system.numbers limit 2;",
            "name": "00949_format.sql"
        },
        {
            "query": "\nselect format('Hello {1} World {1}', materialize('first'), materialize('second')) from system.numbers limit 3;",
            "name": "00949_format.sql"
        },
        {
            "query": "\nselect format('Hello {0} World {0}', materialize('first'), 'second') from system.numbers limit 2;",
            "name": "00949_format.sql"
        },
        {
            "query": "\nselect format('Hellooooooooooooooooooooooooooooooooooo {0} Wooooooooooooooooooooooorld {0} {2}{2}', materialize('fiiiiiiiiiiirst'), 'second', materialize('third')) from system.numbers limit 2;",
            "name": "00949_format.sql"
        },
        {
            "query": "\n\n\nselect format('{}', 'first');",
            "name": "00949_format.sql"
        },
        {
            "query": "\nselect format('{}{}', 'first', toFixedString('second', 6));",
            "name": "00949_format.sql"
        },
        {
            "query": "\nselect format('{{}}', materialize('first'), 'second');",
            "name": "00949_format.sql"
        },
        {
            "query": "\nselect 50 = length(format((select arrayStringConcat(arrayMap(x ->'{', range(100)))), ''));",
            "name": "00949_format.sql"
        },
        {
            "query": "\nselect 100 = length(format(concat((select arrayStringConcat(arrayMap(x ->'}', range(100)))), (select arrayStringConcat(arrayMap(x ->'{', range(100))))), ''));",
            "name": "00949_format.sql"
        },
        {
            "query": "\n\nselect format('', 'first');",
            "name": "00949_format.sql"
        },
        {
            "query": "\nselect concat('third', 'first', 'second')=format('{2}{0}{1}', 'first', 'second', 'third');",
            "name": "00949_format.sql"
        },
        {
            "query": "\n\nselect format('{', '');",
            "name": "00949_format.sql"
        },
        {
            "query": " -- { serverError 36 }\nselect format('{{}', '');",
            "name": "00949_format.sql"
        },
        {
            "query": " -- { serverError 36 }\nselect format('{ {}', '');",
            "name": "00949_format.sql"
        },
        {
            "query": " -- { serverError 36 }\nselect format('}', '');",
            "name": "00949_format.sql"
        },
        {
            "query": " -- { serverError 36 }\nselect format('{{', '');",
            "name": "00949_format.sql"
        },
        {
            "query": "\nselect format('{}}', '');",
            "name": "00949_format.sql"
        },
        {
            "query": " -- { serverError 36 }\nselect format('}}', '');",
            "name": "00949_format.sql"
        },
        {
            "query": "\nselect format('{2 }', '');",
            "name": "00949_format.sql"
        },
        {
            "query": " -- { serverError 36 }\nselect format('{}{}{}{}{}{} }{}', '', '', '', '', '', '', '');",
            "name": "00949_format.sql"
        },
        {
            "query": " -- { serverError 36 }\nselect format('{sometext}', '');",
            "name": "00949_format.sql"
        },
        {
            "query": " -- { serverError 36 }\nselect format('{\\0sometext}', '');",
            "name": "00949_format.sql"
        },
        {
            "query": " -- { serverError 36 }\nselect format('{1023}', '');",
            "name": "00949_format.sql"
        },
        {
            "query": " -- { serverError 36 }\nselect format('{10000000000000000000000000000000000000000000000000}', '');",
            "name": "00949_format.sql"
        },
        {
            "query": " -- { serverError 36 }\nselect format('{} {0}', '', '');",
            "name": "00949_format.sql"
        },
        {
            "query": " -- { serverError 36 }\nselect format('{0} {}', '', '');",
            "name": "00949_format.sql"
        },
        {
            "query": " -- { serverError 36 }\nselect format('Hello {} World {} {}{}', 'first', 'second', 'third') from system.numbers limit 2;",
            "name": "00949_format.sql"
        },
        {
            "query": " -- { serverError 36 }\nselect format('Hello {0} World {1} {2}{3}', 'first', 'second', 'third') from system.numbers limit 2;",
            "name": "00949_format.sql"
        },
        {
            "query": " -- { serverError 36 }\n\nselect 50 = length(format((select arrayStringConcat(arrayMap(x ->'{', range(101)))), ''));",
            "name": "00949_format.sql"
        },
        {
            "query": "  -- { serverError 36 }\n\nselect format('{}{}{}', materialize(toFixedString('a', 1)), materialize(toFixedString('b', 1)), materialize(toFixedString('c', 1))) == 'abc';",
            "name": "00949_format.sql"
        },
        {
            "query": "\nselect format('{}{}{}', materialize(toFixedString('a', 1)), materialize('b'), materialize(toFixedString('c', 1))) == 'abc';",
            "name": "00949_format.sql"
        },
        {
            "query": "\n\nselect '{{}' == format('{{{}', '{}');",
            "name": "00949_format.sql"
        },
        {
            "query": "\n\nselect '{ key: fn, value: concat }' == format('{}{}{}{}{}', '{ key: ', toFixedString('fn', 2), ', value: ', 'concat', ' }');",
            "name": "00949_format.sql"
        },
        {
            "query": "\n\nselect format('{}{}', 'a', 'b') == 'ab';",
            "name": "00949_format.sql"
        },
        {
            "query": "\nselect format('{}{}', 'a', materialize('b')) == 'ab';",
            "name": "00949_format.sql"
        },
        {
            "query": "\nselect format('{}{}', materialize('a'), 'b') == 'ab';",
            "name": "00949_format.sql"
        },
        {
            "query": "\nselect format('{}{}', materialize('a'), materialize('b')) == 'ab';",
            "name": "00949_format.sql"
        },
        {
            "query": "\n\nselect format('{}{}', 'a', toFixedString('b', 1)) == 'ab';",
            "name": "00949_format.sql"
        },
        {
            "query": "\nselect format('{}{}', 'a', materialize(toFixedString('b', 1))) == 'ab';",
            "name": "00949_format.sql"
        },
        {
            "query": "\nselect format('{}{}', materialize('a'), toFixedString('b', 1)) == 'ab';",
            "name": "00949_format.sql"
        },
        {
            "query": "\nselect format('{}{}', materialize('a'), materialize(toFixedString('b', 1))) == 'ab';",
            "name": "00949_format.sql"
        },
        {
            "query": "\n\nselect format('{}{}', toFixedString('a', 1), 'b') == 'ab';",
            "name": "00949_format.sql"
        },
        {
            "query": "\nselect format('{}{}', toFixedString('a', 1), materialize('b')) == 'ab';",
            "name": "00949_format.sql"
        },
        {
            "query": "\nselect format('{}{}', materialize(toFixedString('a', 1)), 'b') == 'ab';",
            "name": "00949_format.sql"
        },
        {
            "query": "\nselect format('{}{}', materialize(toFixedString('a', 1)), materialize('b')) == 'ab';",
            "name": "00949_format.sql"
        },
        {
            "query": "\n\nselect format('{}{}', toFixedString('a', 1), toFixedString('b', 1)) == 'ab';",
            "name": "00949_format.sql"
        },
        {
            "query": "\nselect format('{}{}', toFixedString('a', 1), materialize(toFixedString('b', 1))) == 'ab';",
            "name": "00949_format.sql"
        },
        {
            "query": "\nselect format('{}{}', materialize(toFixedString('a', 1)), toFixedString('b', 1)) == 'ab';",
            "name": "00949_format.sql"
        },
        {
            "query": "\nselect format('{}{}', materialize(toFixedString('a', 1)), materialize(toFixedString('b', 1))) == 'ab';",
            "name": "00949_format.sql"
        },
        {
            "query": "\n\nselect format('{}{}', 'a', 'b') == 'ab' from system.numbers limit 5;",
            "name": "00949_format.sql"
        },
        {
            "query": "\nselect format('{}{}', 'a', materialize('b')) == 'ab' from system.numbers limit 5;",
            "name": "00949_format.sql"
        },
        {
            "query": "\nselect format('{}{}', materialize('a'), 'b') == 'ab' from system.numbers limit 5;",
            "name": "00949_format.sql"
        },
        {
            "query": "\nselect format('{}{}', materialize('a'), materialize('b')) == 'ab' from system.numbers limit 5;",
            "name": "00949_format.sql"
        },
        {
            "query": "\n\nselect format('{}{}', 'a', toFixedString('b', 1)) == 'ab' from system.numbers limit 5;",
            "name": "00949_format.sql"
        },
        {
            "query": "\nselect format('{}{}', 'a', materialize(toFixedString('b', 1))) == 'ab' from system.numbers limit 5;",
            "name": "00949_format.sql"
        },
        {
            "query": "\nselect format('{}{}', materialize('a'), toFixedString('b', 1)) == 'ab' from system.numbers limit 5;",
            "name": "00949_format.sql"
        },
        {
            "query": "\nselect format('{}{}', materialize('a'), materialize(toFixedString('b', 1))) == 'ab' from system.numbers limit 5;",
            "name": "00949_format.sql"
        },
        {
            "query": "\n\nselect format('{}{}', toFixedString('a', 1), 'b') == 'ab' from system.numbers limit 5;",
            "name": "00949_format.sql"
        },
        {
            "query": "\nselect format('{}{}', toFixedString('a', 1), materialize('b')) == 'ab' from system.numbers limit 5;",
            "name": "00949_format.sql"
        },
        {
            "query": "\nselect format('{}{}', materialize(toFixedString('a', 1)), 'b') == 'ab' from system.numbers limit 5;",
            "name": "00949_format.sql"
        },
        {
            "query": "\nselect format('{}{}', materialize(toFixedString('a', 1)), materialize('b')) == 'ab' from system.numbers limit 5;",
            "name": "00949_format.sql"
        },
        {
            "query": "\n\nselect format('{}{}', toFixedString('a', 1), toFixedString('b', 1)) == 'ab' from system.numbers limit 5;",
            "name": "00949_format.sql"
        },
        {
            "query": "\nselect format('{}{}', toFixedString('a', 1), materialize(toFixedString('b', 1))) == 'ab' from system.numbers limit 5;",
            "name": "00949_format.sql"
        },
        {
            "query": "\nselect format('{}{}', materialize(toFixedString('a', 1)), toFixedString('b', 1)) == 'ab' from system.numbers limit 5;",
            "name": "00949_format.sql"
        },
        {
            "query": "\nselect format('{}{}', materialize(toFixedString('a', 1)), materialize(toFixedString('b', 1))) == 'ab' from system.numbers limit 5;",
            "name": "00949_format.sql"
        },
        {
            "query": "\n\nselect format('{}{}{}', 'a', 'b', 'c') == 'abc';",
            "name": "00949_format.sql"
        },
        {
            "query": "\nselect format('{}{}{}', 'a', 'b', materialize('c')) == 'abc';",
            "name": "00949_format.sql"
        },
        {
            "query": "\nselect format('{}{}{}', 'a', materialize('b'), 'c') == 'abc';",
            "name": "00949_format.sql"
        },
        {
            "query": "\nselect format('{}{}{}', 'a', materialize('b'), materialize('c')) == 'abc';",
            "name": "00949_format.sql"
        },
        {
            "query": "\nselect format('{}{}{}', materialize('a'), 'b', 'c') == 'abc';",
            "name": "00949_format.sql"
        },
        {
            "query": "\nselect format('{}{}{}', materialize('a'), 'b', materialize('c')) == 'abc';",
            "name": "00949_format.sql"
        },
        {
            "query": "\nselect format('{}{}{}', materialize('a'), materialize('b'), 'c') == 'abc';",
            "name": "00949_format.sql"
        },
        {
            "query": "\nselect format('{}{}{}', materialize('a'), materialize('b'), materialize('c')) == 'abc';",
            "name": "00949_format.sql"
        },
        {
            "query": "\n\nselect format('{}{}{}', 'a', 'b', toFixedString('c', 1)) == 'abc';",
            "name": "00949_format.sql"
        },
        {
            "query": "\nselect format('{}{}{}', 'a', 'b', materialize(toFixedString('c', 1))) == 'abc';",
            "name": "00949_format.sql"
        },
        {
            "query": "\nselect format('{}{}{}', 'a', materialize('b'), toFixedString('c', 1)) == 'abc';",
            "name": "00949_format.sql"
        },
        {
            "query": "\nselect format('{}{}{}', 'a', materialize('b'), materialize(toFixedString('c', 1))) == 'abc';",
            "name": "00949_format.sql"
        },
        {
            "query": "\nselect format('{}{}{}', materialize('a'), 'b', toFixedString('c', 1)) == 'abc';",
            "name": "00949_format.sql"
        },
        {
            "query": "\nselect format('{}{}{}', materialize('a'), 'b', materialize(toFixedString('c', 1))) == 'abc';",
            "name": "00949_format.sql"
        },
        {
            "query": "\nselect format('{}{}{}', materialize('a'), materialize('b'), toFixedString('c', 1)) == 'abc';",
            "name": "00949_format.sql"
        },
        {
            "query": "\nselect format('{}{}{}', materialize('a'), materialize('b'), materialize(toFixedString('c', 1))) == 'abc';",
            "name": "00949_format.sql"
        },
        {
            "query": "\n\nselect format('{}{}{}', 'a', toFixedString('b', 1), 'c') == 'abc';",
            "name": "00949_format.sql"
        },
        {
            "query": "\nselect format('{}{}{}', 'a', toFixedString('b', 1), materialize('c')) == 'abc';",
            "name": "00949_format.sql"
        },
        {
            "query": "\nselect format('{}{}{}', 'a', materialize(toFixedString('b', 1)), 'c') == 'abc';",
            "name": "00949_format.sql"
        },
        {
            "query": "\nselect format('{}{}{}', 'a', materialize(toFixedString('b', 1)), materialize('c')) == 'abc';",
            "name": "00949_format.sql"
        },
        {
            "query": "\nselect format('{}{}{}', materialize('a'), toFixedString('b', 1), 'c') == 'abc';",
            "name": "00949_format.sql"
        },
        {
            "query": "\nselect format('{}{}{}', materialize('a'), toFixedString('b', 1), materialize('c')) == 'abc';",
            "name": "00949_format.sql"
        },
        {
            "query": "\nselect format('{}{}{}', materialize('a'), materialize(toFixedString('b', 1)), 'c') == 'abc';",
            "name": "00949_format.sql"
        },
        {
            "query": "\nselect format('{}{}{}', materialize('a'), materialize(toFixedString('b', 1)), materialize('c')) == 'abc';",
            "name": "00949_format.sql"
        },
        {
            "query": "\n\nselect format('{}{}{}', 'a', toFixedString('b', 1), toFixedString('c', 1)) == 'abc';",
            "name": "00949_format.sql"
        },
        {
            "query": "\nselect format('{}{}{}', 'a', toFixedString('b', 1), materialize(toFixedString('c', 1))) == 'abc';",
            "name": "00949_format.sql"
        },
        {
            "query": "\nselect format('{}{}{}', 'a', materialize(toFixedString('b', 1)), toFixedString('c', 1)) == 'abc';",
            "name": "00949_format.sql"
        },
        {
            "query": "\nselect format('{}{}{}', 'a', materialize(toFixedString('b', 1)), materialize(toFixedString('c', 1))) == 'abc';",
            "name": "00949_format.sql"
        },
        {
            "query": "\nselect format('{}{}{}', materialize('a'), toFixedString('b', 1), toFixedString('c', 1)) == 'abc';",
            "name": "00949_format.sql"
        },
        {
            "query": "\nselect format('{}{}{}', materialize('a'), toFixedString('b', 1), materialize(toFixedString('c', 1))) == 'abc';",
            "name": "00949_format.sql"
        },
        {
            "query": "\nselect format('{}{}{}', materialize('a'), materialize(toFixedString('b', 1)), toFixedString('c', 1)) == 'abc';",
            "name": "00949_format.sql"
        },
        {
            "query": "\nselect format('{}{}{}', materialize('a'), materialize(toFixedString('b', 1)), materialize(toFixedString('c', 1))) == 'abc';",
            "name": "00949_format.sql"
        },
        {
            "query": "\n\nselect format('{}{}{}', toFixedString('a', 1), 'b', 'c') == 'abc';",
            "name": "00949_format.sql"
        },
        {
            "query": "\nselect format('{}{}{}', toFixedString('a', 1), 'b', materialize('c')) == 'abc';",
            "name": "00949_format.sql"
        },
        {
            "query": "\nselect format('{}{}{}', toFixedString('a', 1), materialize('b'), 'c') == 'abc';",
            "name": "00949_format.sql"
        },
        {
            "query": "\nselect format('{}{}{}', toFixedString('a', 1), materialize('b'), materialize('c')) == 'abc';",
            "name": "00949_format.sql"
        },
        {
            "query": "\nselect format('{}{}{}', materialize(toFixedString('a', 1)), 'b', 'c') == 'abc';",
            "name": "00949_format.sql"
        },
        {
            "query": "\nselect format('{}{}{}', materialize(toFixedString('a', 1)), 'b', materialize('c')) == 'abc';",
            "name": "00949_format.sql"
        },
        {
            "query": "\nselect format('{}{}{}', materialize(toFixedString('a', 1)), materialize('b'), 'c') == 'abc';",
            "name": "00949_format.sql"
        },
        {
            "query": "\nselect format('{}{}{}', materialize(toFixedString('a', 1)), materialize('b'), materialize('c')) == 'abc';",
            "name": "00949_format.sql"
        },
        {
            "query": "\n\nselect format('{}{}{}', toFixedString('a', 1), 'b', toFixedString('c', 1)) == 'abc';",
            "name": "00949_format.sql"
        },
        {
            "query": "\nselect format('{}{}{}', toFixedString('a', 1), 'b', materialize(toFixedString('c', 1))) == 'abc';",
            "name": "00949_format.sql"
        },
        {
            "query": "\nselect format('{}{}{}', toFixedString('a', 1), materialize('b'), toFixedString('c', 1)) == 'abc';",
            "name": "00949_format.sql"
        },
        {
            "query": "\nselect format('{}{}{}', toFixedString('a', 1), materialize('b'), materialize(toFixedString('c', 1))) == 'abc';",
            "name": "00949_format.sql"
        },
        {
            "query": "\nselect format('{}{}{}', materialize(toFixedString('a', 1)), 'b', toFixedString('c', 1)) == 'abc';",
            "name": "00949_format.sql"
        },
        {
            "query": "\nselect format('{}{}{}', materialize(toFixedString('a', 1)), 'b', materialize(toFixedString('c', 1))) == 'abc';",
            "name": "00949_format.sql"
        },
        {
            "query": "\nselect format('{}{}{}', materialize(toFixedString('a', 1)), materialize('b'), toFixedString('c', 1)) == 'abc';",
            "name": "00949_format.sql"
        },
        {
            "query": "\nselect format('{}{}{}', materialize(toFixedString('a', 1)), materialize('b'), materialize(toFixedString('c', 1))) == 'abc';",
            "name": "00949_format.sql"
        },
        {
            "query": "\n\nselect format('{}{}{}', toFixedString('a', 1), toFixedString('b', 1), 'c') == 'abc';",
            "name": "00949_format.sql"
        },
        {
            "query": "\nselect format('{}{}{}', toFixedString('a', 1), toFixedString('b', 1), materialize('c')) == 'abc';",
            "name": "00949_format.sql"
        },
        {
            "query": "\nselect format('{}{}{}', toFixedString('a', 1), materialize(toFixedString('b', 1)), 'c') == 'abc';",
            "name": "00949_format.sql"
        },
        {
            "query": "\nselect format('{}{}{}', toFixedString('a', 1), materialize(toFixedString('b', 1)), materialize('c')) == 'abc';",
            "name": "00949_format.sql"
        },
        {
            "query": "\nselect format('{}{}{}', materialize(toFixedString('a', 1)), toFixedString('b', 1), 'c') == 'abc';",
            "name": "00949_format.sql"
        },
        {
            "query": "\nselect format('{}{}{}', materialize(toFixedString('a', 1)), toFixedString('b', 1), materialize('c')) == 'abc';",
            "name": "00949_format.sql"
        },
        {
            "query": "\nselect format('{}{}{}', materialize(toFixedString('a', 1)), materialize(toFixedString('b', 1)), 'c') == 'abc';",
            "name": "00949_format.sql"
        },
        {
            "query": "\nselect format('{}{}{}', materialize(toFixedString('a', 1)), materialize(toFixedString('b', 1)), materialize('c')) == 'abc';",
            "name": "00949_format.sql"
        },
        {
            "query": "\n\nselect format('{}{}{}', toFixedString('a', 1), toFixedString('b', 1), toFixedString('c', 1)) == 'abc';",
            "name": "00949_format.sql"
        },
        {
            "query": "\nselect format('{}{}{}', toFixedString('a', 1), toFixedString('b', 1), materialize(toFixedString('c', 1))) == 'abc';",
            "name": "00949_format.sql"
        },
        {
            "query": "\nselect format('{}{}{}', toFixedString('a', 1), materialize(toFixedString('b', 1)), toFixedString('c', 1)) == 'abc';",
            "name": "00949_format.sql"
        },
        {
            "query": "\nselect format('{}{}{}', toFixedString('a', 1), materialize(toFixedString('b', 1)), materialize(toFixedString('c', 1))) == 'abc';",
            "name": "00949_format.sql"
        },
        {
            "query": "\nselect format('{}{}{}', materialize(toFixedString('a', 1)), toFixedString('b', 1), toFixedString('c', 1)) == 'abc';",
            "name": "00949_format.sql"
        },
        {
            "query": "\nselect format('{}{}{}', materialize(toFixedString('a', 1)), toFixedString('b', 1), materialize(toFixedString('c', 1))) == 'abc';",
            "name": "00949_format.sql"
        },
        {
            "query": "\nselect format('{}{}{}', materialize(toFixedString('a', 1)), materialize(toFixedString('b', 1)), toFixedString('c', 1)) == 'abc';",
            "name": "00949_format.sql"
        },
        {
            "query": "\nselect format('{}{}{}', materialize(toFixedString('a', 1)), materialize(toFixedString('b', 1)), materialize(toFixedString('c', 1))) == 'abc';",
            "name": "00949_format.sql"
        },
        {
            "query": "\n\nselect format('{}{}{}', 'a', 'b', 'c') == 'abc' from system.numbers limit 5;",
            "name": "00949_format.sql"
        },
        {
            "query": "\nselect format('{}{}{}', 'a', 'b', materialize('c')) == 'abc' from system.numbers limit 5;",
            "name": "00949_format.sql"
        },
        {
            "query": "\nselect format('{}{}{}', 'a', materialize('b'), 'c') == 'abc' from system.numbers limit 5;",
            "name": "00949_format.sql"
        },
        {
            "query": "\nselect format('{}{}{}', 'a', materialize('b'), materialize('c')) == 'abc' from system.numbers limit 5;",
            "name": "00949_format.sql"
        },
        {
            "query": "\nselect format('{}{}{}', materialize('a'), 'b', 'c') == 'abc' from system.numbers limit 5;",
            "name": "00949_format.sql"
        },
        {
            "query": "\nselect format('{}{}{}', materialize('a'), 'b', materialize('c')) == 'abc' from system.numbers limit 5;",
            "name": "00949_format.sql"
        },
        {
            "query": "\nselect format('{}{}{}', materialize('a'), materialize('b'), 'c') == 'abc' from system.numbers limit 5;",
            "name": "00949_format.sql"
        },
        {
            "query": "\nselect format('{}{}{}', materialize('a'), materialize('b'), materialize('c')) == 'abc' from system.numbers limit 5;",
            "name": "00949_format.sql"
        },
        {
            "query": "\n\nselect format('{}{}{}', 'a', 'b', toFixedString('c', 1)) == 'abc' from system.numbers limit 5;",
            "name": "00949_format.sql"
        },
        {
            "query": "\nselect format('{}{}{}', 'a', 'b', materialize(toFixedString('c', 1))) == 'abc' from system.numbers limit 5;",
            "name": "00949_format.sql"
        },
        {
            "query": "\nselect format('{}{}{}', 'a', materialize('b'), toFixedString('c', 1)) == 'abc' from system.numbers limit 5;",
            "name": "00949_format.sql"
        },
        {
            "query": "\nselect format('{}{}{}', 'a', materialize('b'), materialize(toFixedString('c', 1))) == 'abc' from system.numbers limit 5;",
            "name": "00949_format.sql"
        },
        {
            "query": "\nselect format('{}{}{}', materialize('a'), 'b', toFixedString('c', 1)) == 'abc' from system.numbers limit 5;",
            "name": "00949_format.sql"
        },
        {
            "query": "\nselect format('{}{}{}', materialize('a'), 'b', materialize(toFixedString('c', 1))) == 'abc' from system.numbers limit 5;",
            "name": "00949_format.sql"
        },
        {
            "query": "\nselect format('{}{}{}', materialize('a'), materialize('b'), toFixedString('c', 1)) == 'abc' from system.numbers limit 5;",
            "name": "00949_format.sql"
        },
        {
            "query": "\nselect format('{}{}{}', materialize('a'), materialize('b'), materialize(toFixedString('c', 1))) == 'abc' from system.numbers limit 5;",
            "name": "00949_format.sql"
        },
        {
            "query": "\n\nselect format('{}{}{}', 'a', toFixedString('b', 1), 'c') == 'abc' from system.numbers limit 5;",
            "name": "00949_format.sql"
        },
        {
            "query": "\nselect format('{}{}{}', 'a', toFixedString('b', 1), materialize('c')) == 'abc' from system.numbers limit 5;",
            "name": "00949_format.sql"
        },
        {
            "query": "\nselect format('{}{}{}', 'a', materialize(toFixedString('b', 1)), 'c') == 'abc' from system.numbers limit 5;",
            "name": "00949_format.sql"
        },
        {
            "query": "\nselect format('{}{}{}', 'a', materialize(toFixedString('b', 1)), materialize('c')) == 'abc' from system.numbers limit 5;",
            "name": "00949_format.sql"
        },
        {
            "query": "\nselect format('{}{}{}', materialize('a'), toFixedString('b', 1), 'c') == 'abc' from system.numbers limit 5;",
            "name": "00949_format.sql"
        },
        {
            "query": "\nselect format('{}{}{}', materialize('a'), toFixedString('b', 1), materialize('c')) == 'abc' from system.numbers limit 5;",
            "name": "00949_format.sql"
        },
        {
            "query": "\nselect format('{}{}{}', materialize('a'), materialize(toFixedString('b', 1)), 'c') == 'abc' from system.numbers limit 5;",
            "name": "00949_format.sql"
        },
        {
            "query": "\nselect format('{}{}{}', materialize('a'), materialize(toFixedString('b', 1)), materialize('c')) == 'abc' from system.numbers limit 5;",
            "name": "00949_format.sql"
        },
        {
            "query": "\n\nselect format('{}{}{}', 'a', toFixedString('b', 1), toFixedString('c', 1)) == 'abc' from system.numbers limit 5;",
            "name": "00949_format.sql"
        },
        {
            "query": "\nselect format('{}{}{}', 'a', toFixedString('b', 1), materialize(toFixedString('c', 1))) == 'abc' from system.numbers limit 5;",
            "name": "00949_format.sql"
        },
        {
            "query": "\nselect format('{}{}{}', 'a', materialize(toFixedString('b', 1)), toFixedString('c', 1)) == 'abc' from system.numbers limit 5;",
            "name": "00949_format.sql"
        },
        {
            "query": "\nselect format('{}{}{}', 'a', materialize(toFixedString('b', 1)), materialize(toFixedString('c', 1))) == 'abc' from system.numbers limit 5;",
            "name": "00949_format.sql"
        },
        {
            "query": "\nselect format('{}{}{}', materialize('a'), toFixedString('b', 1), toFixedString('c', 1)) == 'abc' from system.numbers limit 5;",
            "name": "00949_format.sql"
        },
        {
            "query": "\nselect format('{}{}{}', materialize('a'), toFixedString('b', 1), materialize(toFixedString('c', 1))) == 'abc' from system.numbers limit 5;",
            "name": "00949_format.sql"
        },
        {
            "query": "\nselect format('{}{}{}', materialize('a'), materialize(toFixedString('b', 1)), toFixedString('c', 1)) == 'abc' from system.numbers limit 5;",
            "name": "00949_format.sql"
        },
        {
            "query": "\nselect format('{}{}{}', materialize('a'), materialize(toFixedString('b', 1)), materialize(toFixedString('c', 1))) == 'abc' from system.numbers limit 5;",
            "name": "00949_format.sql"
        },
        {
            "query": "\n\nselect format('{}{}{}', toFixedString('a', 1), 'b', 'c') == 'abc' from system.numbers limit 5;",
            "name": "00949_format.sql"
        },
        {
            "query": "\nselect format('{}{}{}', toFixedString('a', 1), 'b', materialize('c')) == 'abc' from system.numbers limit 5;",
            "name": "00949_format.sql"
        },
        {
            "query": "\nselect format('{}{}{}', toFixedString('a', 1), materialize('b'), 'c') == 'abc' from system.numbers limit 5;",
            "name": "00949_format.sql"
        },
        {
            "query": "\nselect format('{}{}{}', toFixedString('a', 1), materialize('b'), materialize('c')) == 'abc' from system.numbers limit 5;",
            "name": "00949_format.sql"
        },
        {
            "query": "\nselect format('{}{}{}', materialize(toFixedString('a', 1)), 'b', 'c') == 'abc' from system.numbers limit 5;",
            "name": "00949_format.sql"
        },
        {
            "query": "\nselect format('{}{}{}', materialize(toFixedString('a', 1)), 'b', materialize('c')) == 'abc' from system.numbers limit 5;",
            "name": "00949_format.sql"
        },
        {
            "query": "\nselect format('{}{}{}', materialize(toFixedString('a', 1)), materialize('b'), 'c') == 'abc' from system.numbers limit 5;",
            "name": "00949_format.sql"
        },
        {
            "query": "\nselect format('{}{}{}', materialize(toFixedString('a', 1)), materialize('b'), materialize('c')) == 'abc' from system.numbers limit 5;",
            "name": "00949_format.sql"
        },
        {
            "query": "\n\nselect format('{}{}{}', toFixedString('a', 1), 'b', toFixedString('c', 1)) == 'abc' from system.numbers limit 5;",
            "name": "00949_format.sql"
        },
        {
            "query": "\nselect format('{}{}{}', toFixedString('a', 1), 'b', materialize(toFixedString('c', 1))) == 'abc' from system.numbers limit 5;",
            "name": "00949_format.sql"
        },
        {
            "query": "\nselect format('{}{}{}', toFixedString('a', 1), materialize('b'), toFixedString('c', 1)) == 'abc' from system.numbers limit 5;",
            "name": "00949_format.sql"
        },
        {
            "query": "\nselect format('{}{}{}', toFixedString('a', 1), materialize('b'), materialize(toFixedString('c', 1))) == 'abc' from system.numbers limit 5;",
            "name": "00949_format.sql"
        },
        {
            "query": "\nselect format('{}{}{}', materialize(toFixedString('a', 1)), 'b', toFixedString('c', 1)) == 'abc' from system.numbers limit 5;",
            "name": "00949_format.sql"
        },
        {
            "query": "\nselect format('{}{}{}', materialize(toFixedString('a', 1)), 'b', materialize(toFixedString('c', 1))) == 'abc' from system.numbers limit 5;",
            "name": "00949_format.sql"
        },
        {
            "query": "\nselect format('{}{}{}', materialize(toFixedString('a', 1)), materialize('b'), toFixedString('c', 1)) == 'abc' from system.numbers limit 5;",
            "name": "00949_format.sql"
        },
        {
            "query": "\nselect format('{}{}{}', materialize(toFixedString('a', 1)), materialize('b'), materialize(toFixedString('c', 1))) == 'abc' from system.numbers limit 5;",
            "name": "00949_format.sql"
        },
        {
            "query": "\n\nselect format('{}{}{}', toFixedString('a', 1), toFixedString('b', 1), 'c') == 'abc' from system.numbers limit 5;",
            "name": "00949_format.sql"
        },
        {
            "query": "\nselect format('{}{}{}', toFixedString('a', 1), toFixedString('b', 1), materialize('c')) == 'abc' from system.numbers limit 5;",
            "name": "00949_format.sql"
        },
        {
            "query": "\nselect format('{}{}{}', toFixedString('a', 1), materialize(toFixedString('b', 1)), 'c') == 'abc' from system.numbers limit 5;",
            "name": "00949_format.sql"
        },
        {
            "query": "\nselect format('{}{}{}', toFixedString('a', 1), materialize(toFixedString('b', 1)), materialize('c')) == 'abc' from system.numbers limit 5;",
            "name": "00949_format.sql"
        },
        {
            "query": "\nselect format('{}{}{}', materialize(toFixedString('a', 1)), toFixedString('b', 1), 'c') == 'abc' from system.numbers limit 5;",
            "name": "00949_format.sql"
        },
        {
            "query": "\nselect format('{}{}{}', materialize(toFixedString('a', 1)), toFixedString('b', 1), materialize('c')) == 'abc' from system.numbers limit 5;",
            "name": "00949_format.sql"
        },
        {
            "query": "\nselect format('{}{}{}', materialize(toFixedString('a', 1)), materialize(toFixedString('b', 1)), 'c') == 'abc' from system.numbers limit 5;",
            "name": "00949_format.sql"
        },
        {
            "query": "\nselect format('{}{}{}', materialize(toFixedString('a', 1)), materialize(toFixedString('b', 1)), materialize('c')) == 'abc' from system.numbers limit 5;",
            "name": "00949_format.sql"
        },
        {
            "query": "\n\nselect format('{}{}{}', toFixedString('a', 1), toFixedString('b', 1), toFixedString('c', 1)) == 'abc' from system.numbers limit 5;",
            "name": "00949_format.sql"
        },
        {
            "query": "\nselect format('{}{}{}', toFixedString('a', 1), toFixedString('b', 1), materialize(toFixedString('c', 1))) == 'abc' from system.numbers limit 5;",
            "name": "00949_format.sql"
        },
        {
            "query": "\nselect format('{}{}{}', toFixedString('a', 1), materialize(toFixedString('b', 1)), toFixedString('c', 1)) == 'abc' from system.numbers limit 5;",
            "name": "00949_format.sql"
        },
        {
            "query": "\nselect format('{}{}{}', toFixedString('a', 1), materialize(toFixedString('b', 1)), materialize(toFixedString('c', 1))) == 'abc' from system.numbers limit 5;",
            "name": "00949_format.sql"
        },
        {
            "query": "\nselect format('{}{}{}', materialize(toFixedString('a', 1)), toFixedString('b', 1), toFixedString('c', 1)) == 'abc' from system.numbers limit 5;",
            "name": "00949_format.sql"
        },
        {
            "query": "\nselect format('{}{}{}', materialize(toFixedString('a', 1)), toFixedString('b', 1), materialize(toFixedString('c', 1))) == 'abc' from system.numbers limit 5;",
            "name": "00949_format.sql"
        },
        {
            "query": "\nselect format('{}{}{}', materialize(toFixedString('a', 1)), materialize(toFixedString('b', 1)), toFixedString('c', 1)) == 'abc' from system.numbers limit 5;",
            "name": "00949_format.sql"
        },
        {
            "query": "\nselect format('{}{}{}', materialize(toFixedString('a', 1)), materialize(toFixedString('b', 1)), materialize(toFixedString('c', 1))) == 'abc' from system.numbers limit 5;",
            "name": "00949_format.sql"
        }
    ]
}