{
    "name": "02551_ipv4_implicit_uint64.sql",
    "tests": [
        {
            "query": "CREATE TABLE ip4test (ip IPv4) ENGINE=Memory;",
            "name": "02551_ipv4_implicit_uint64.sql"
        },
        {
            "query": "\nINSERT INTO ip4test VALUES (22906492245), (2319771222);",
            "name": "02551_ipv4_implicit_uint64.sql"
        },
        {
            "query": "\nSELECT * FROM ip4test;",
            "name": "02551_ipv4_implicit_uint64.sql"
        },
        {
            "query": "\nDROP TABLE ip4test;",
            "name": "02551_ipv4_implicit_uint64.sql"
        }
    ]
}