{
    "name": "01291_unsupported_conversion_from_decimal.sql",
    "tests": [
        {
            "query": "SELECT toIntervalSecond(now64());",
            "name": "01291_unsupported_conversion_from_decimal.sql"
        },
        {
            "query": " -- { serverError 70 }\nSELECT CAST(now64() AS IntervalSecond);",
            "name": "01291_unsupported_conversion_from_decimal.sql"
        },
        {
            "query": " -- { serverError 70 }\n\nSELECT toIntervalSecond(now64());",
            "name": "01291_unsupported_conversion_from_decimal.sql"
        },
        {
            "query": " -- { serverError 70 }\nSELECT CAST(now64() AS IntervalSecond);",
            "name": "01291_unsupported_conversion_from_decimal.sql"
        },
        {
            "query": " -- { serverError 70 }\n;",
            "name": "01291_unsupported_conversion_from_decimal.sql"
        }
    ]
}