{
    "name": "02497_if_transform_strings_to_enum.sql",
    "tests": [
        {
            "query": "SET allow_experimental_analyzer = 1;",
            "name": "02497_if_transform_strings_to_enum.sql"
        },
        {
            "query": "\nSET optimize_if_transform_strings_to_enum = 1;",
            "name": "02497_if_transform_strings_to_enum.sql"
        },
        {
            "query": "\n\nSELECT transform(number, [2, 4, 6], ['google', 'censor.net', 'yahoo'], 'other') FROM system.numbers LIMIT 10;",
            "name": "02497_if_transform_strings_to_enum.sql"
        },
        {
            "query": "\nEXPLAIN SYNTAX SELECT transform(number, [2, 4, 6], ['google', 'censor.net', 'yahoo'], 'other') FROM system.numbers LIMIT 10;",
            "name": "02497_if_transform_strings_to_enum.sql"
        },
        {
            "query": "\nEXPLAIN QUERY TREE run_passes = 1 SELECT transform(number, [2, 4, 6], ['google', 'censor.net', 'yahoo'], 'other') FROM system.numbers LIMIT 10;",
            "name": "02497_if_transform_strings_to_enum.sql"
        },
        {
            "query": "\n\nSELECT number > 5 ? 'censor.net' : 'google' FROM system.numbers LIMIT 10;",
            "name": "02497_if_transform_strings_to_enum.sql"
        },
        {
            "query": "\nEXPLAIN SYNTAX SELECT number > 5 ? 'censor.net' : 'google' FROM system.numbers LIMIT 10;",
            "name": "02497_if_transform_strings_to_enum.sql"
        },
        {
            "query": "\nEXPLAIN QUERY TREE run_passes = 1 SELECT number > 5 ? 'censor.net' : 'google' FROM system.numbers LIMIT 10;",
            "name": "02497_if_transform_strings_to_enum.sql"
        },
        {
            "query": "\n\nSELECT CONCAT(transform(number, [2, 4, 6], ['google', 'censor.net', 'yahoo'], 'other'), '1') FROM system.numbers LIMIT 10;",
            "name": "02497_if_transform_strings_to_enum.sql"
        },
        {
            "query": "\nEXPLAIN SYNTAX SELECT CONCAT(transform(number, [2, 4, 6], ['google', 'censor.net', 'yahoo'], 'other'), '1') FROM system.numbers LIMIT 10;",
            "name": "02497_if_transform_strings_to_enum.sql"
        },
        {
            "query": "\nEXPLAIN QUERY TREE run_passes = 1 SELECT CONCAT(transform(number, [2, 4, 6], ['google', 'censor.net', 'yahoo'], 'other'), '1') FROM system.numbers LIMIT 10;",
            "name": "02497_if_transform_strings_to_enum.sql"
        },
        {
            "query": "\n\nSELECT CONCAT(number > 5 ? 'censor.net' : 'google', '1') FROM system.numbers LIMIT 10;",
            "name": "02497_if_transform_strings_to_enum.sql"
        },
        {
            "query": "\nEXPLAIN SYNTAX SELECT CONCAT(number > 5 ? 'censor.net' : 'google', '1') FROM system.numbers LIMIT 10;",
            "name": "02497_if_transform_strings_to_enum.sql"
        },
        {
            "query": "\nEXPLAIN QUERY TREE run_passes = 1 SELECT CONCAT(number > 5 ? 'censor.net' : 'google', '1') FROM system.numbers LIMIT 10;",
            "name": "02497_if_transform_strings_to_enum.sql"
        },
        {
            "query": "\n\nSELECT t1.value FROM (SELECT number > 5 ? 'censor.net' : 'google' as value FROM system.numbers LIMIT 10) as t1;",
            "name": "02497_if_transform_strings_to_enum.sql"
        },
        {
            "query": "\nEXPLAIN SYNTAX SELECT t1.value FROM (SELECT number > 5 ? 'censor.net' : 'google' as value FROM system.numbers LIMIT 10) as t1;",
            "name": "02497_if_transform_strings_to_enum.sql"
        },
        {
            "query": "\nEXPLAIN QUERY TREE run_passes = 1 SELECT t1.value FROM (SELECT number > 5 ? 'censor.net' : 'google' as value FROM system.numbers LIMIT 10) as t1;",
            "name": "02497_if_transform_strings_to_enum.sql"
        },
        {
            "query": "\n\nSELECT t1.value FROM (SELECT transform(number, [2, 4, 6], ['google', 'censor.net', 'yahoo'], 'other') as value FROM system.numbers LIMIT 10) as t1;",
            "name": "02497_if_transform_strings_to_enum.sql"
        },
        {
            "query": "\nEXPLAIN SYNTAX SELECT t1.value FROM (SELECT transform(number, [2, 4, 6], ['google', 'censor.net', 'yahoo'], 'other') as value FROM system.numbers LIMIT 10) as t1;",
            "name": "02497_if_transform_strings_to_enum.sql"
        },
        {
            "query": "\nEXPLAIN QUERY TREE run_passes = 1 SELECT t1.value FROM (SELECT transform(number, [2, 4, 6], ['google', 'censor.net', 'yahoo'], 'other') as value FROM system.numbers LIMIT 10) as t1;",
            "name": "02497_if_transform_strings_to_enum.sql"
        },
        {
            "query": "\n\nSELECT number > 5 ? 'censor.net' : 'google' as value, value FROM system.numbers LIMIT 10;",
            "name": "02497_if_transform_strings_to_enum.sql"
        },
        {
            "query": "\nEXPLAIN SYNTAX SELECT number > 5 ? 'censor.net' : 'google' as value, value FROM system.numbers LIMIT 10;",
            "name": "02497_if_transform_strings_to_enum.sql"
        },
        {
            "query": "\nEXPLAIN QUERY TREE run_passes = 1 SELECT number > 5 ? 'censor.net' : 'google' as value, value FROM system.numbers LIMIT 10;",
            "name": "02497_if_transform_strings_to_enum.sql"
        },
        {
            "query": "\n\nSELECT transform(number, [2, 4, 6], ['google', 'censor.net', 'yahoo'], 'other') as value, value FROM system.numbers LIMIT 10;",
            "name": "02497_if_transform_strings_to_enum.sql"
        },
        {
            "query": "\nEXPLAIN SYNTAX SELECT transform(number, [2, 4, 6], ['google', 'censor.net', 'yahoo'], 'other') as value, value FROM system.numbers LIMIT 10;",
            "name": "02497_if_transform_strings_to_enum.sql"
        },
        {
            "query": "\nEXPLAIN QUERY TREE run_passes = 1 SELECT transform(number, [2, 4, 6], ['google', 'censor.net', 'yahoo'], 'other') as value, value FROM system.numbers LIMIT 10;",
            "name": "02497_if_transform_strings_to_enum.sql"
        },
        {
            "query": "\n\nSELECT transform(number, [NULL], ['google', 'censor.net', 'yahoo'], 'other') FROM (SELECT NULL as number FROM system.numbers LIMIT 10);",
            "name": "02497_if_transform_strings_to_enum.sql"
        },
        {
            "query": "\nEXPLAIN SYNTAX SELECT transform(number, [NULL], ['google', 'censor.net', 'yahoo'], 'other') FROM (SELECT NULL as number FROM system.numbers LIMIT 10);",
            "name": "02497_if_transform_strings_to_enum.sql"
        },
        {
            "query": "\nEXPLAIN QUERY TREE run_passes = 1 SELECT transform(number, [NULL], ['google', 'censor.net', 'yahoo'], 'other') FROM (SELECT NULL as number FROM system.numbers LIMIT 10);",
            "name": "02497_if_transform_strings_to_enum.sql"
        },
        {
            "query": "\n\nSELECT transform(number, NULL, ['google', 'censor.net', 'yahoo'], 'other') FROM system.numbers LIMIT 10;",
            "name": "02497_if_transform_strings_to_enum.sql"
        },
        {
            "query": " -- { serverError 43 }\nEXPLAIN SYNTAX SELECT transform(number, NULL, ['google', 'censor.net', 'yahoo'], 'other') FROM system.numbers LIMIT 10;",
            "name": "02497_if_transform_strings_to_enum.sql"
        },
        {
            "query": " -- { serverError 43 }\nEXPLAIN QUERY TREE run_passes = 1 SELECT transform(number, NULL, ['google', 'censor.net', 'yahoo'], 'other') FROM system.numbers LIMIT 10;",
            "name": "02497_if_transform_strings_to_enum.sql"
        },
        {
            "query": " -- { serverError 43 }\n\nSET optimize_if_transform_strings_to_enum = 0;",
            "name": "02497_if_transform_strings_to_enum.sql"
        },
        {
            "query": "\n\nSELECT transform(number, [2, 4, 6], ['google', 'censor.net', 'yahoo'], 'other') FROM system.numbers LIMIT 10;",
            "name": "02497_if_transform_strings_to_enum.sql"
        },
        {
            "query": "\nEXPLAIN SYNTAX SELECT transform(number, [2, 4, 6], ['google', 'censor.net', 'yahoo'], 'other') FROM system.numbers LIMIT 10;",
            "name": "02497_if_transform_strings_to_enum.sql"
        },
        {
            "query": "\nEXPLAIN QUERY TREE run_passes = 1 SELECT transform(number, [2, 4, 6], ['google', 'censor.net', 'yahoo'], 'other') FROM system.numbers LIMIT 10;",
            "name": "02497_if_transform_strings_to_enum.sql"
        },
        {
            "query": "\n\nSELECT number > 5 ? 'censor.net' : 'google' FROM system.numbers LIMIT 10;",
            "name": "02497_if_transform_strings_to_enum.sql"
        },
        {
            "query": "\nEXPLAIN SYNTAX SELECT number > 5 ? 'censor.net' : 'google' FROM system.numbers LIMIT 10;",
            "name": "02497_if_transform_strings_to_enum.sql"
        },
        {
            "query": "\nEXPLAIN QUERY TREE run_passes = 1 SELECT number > 5 ? 'censor.net' : 'google' FROM system.numbers LIMIT 10;",
            "name": "02497_if_transform_strings_to_enum.sql"
        }
    ]
}