{
    "name": "00420_null_in_scalar_subqueries.sql",
    "tests": [
        {
            "query": "SELECT (SELECT 1 WHERE 0);",
            "name": "00420_null_in_scalar_subqueries.sql"
        },
        {
            "query": "\nSELECT (SELECT * FROM (SELECT * FROM system.numbers LIMIT 2) WHERE number = number + 1);",
            "name": "00420_null_in_scalar_subqueries.sql"
        },
        {
            "query": "\nSELECT (SELECT NULL WHERE 0);",
            "name": "00420_null_in_scalar_subqueries.sql"
        },
        {
            "query": "\nSELECT (SELECT Null WHERE nuLL IS NOT NULL);",
            "name": "00420_null_in_scalar_subqueries.sql"
        },
        {
            "query": "\nSELECT (SELECT Null WHERE 1);",
            "name": "00420_null_in_scalar_subqueries.sql"
        },
        {
            "query": "\nSELECT CAST(NULL as Nullable(Nothing));",
            "name": "00420_null_in_scalar_subqueries.sql"
        },
        {
            "query": "\nSELECT (SELECT CAST(NULL as Nullable(Nothing)) WHERE 0);",
            "name": "00420_null_in_scalar_subqueries.sql"
        },
        {
            "query": "\nSELECT (SELECT 1 WHERE 0) AS a, (SELECT 1 WHERE 1) AS b FORMAT TSVWithNames;",
            "name": "00420_null_in_scalar_subqueries.sql"
        }
    ]
}