{
    "name": "02180_insert_into_values_settings.sql",
    "tests": [
        {
            "query": "drop table if exists t;",
            "name": "02180_insert_into_values_settings.sql"
        },
        {
            "query": "\ncreate table t (x Bool) engine=Memory();",
            "name": "02180_insert_into_values_settings.sql"
        },
        {
            "query": "\ninsert into t settings bool_true_representation='\u0434\u0430' values ('\u0434\u0430');",
            "name": "02180_insert_into_values_settings.sql"
        },
        {
            "query": "\ndrop table t;",
            "name": "02180_insert_into_values_settings.sql"
        }
    ]
}