{
    "name": "01149_zookeeper_mutation_stuck_after_replace_partition.sql",
    "tests": [
        {
            "query": "-- Tags: zookeeper\n\nSET insert_keeper_fault_injection_probability=0;",
            "name": "01149_zookeeper_mutation_stuck_after_replace_partition.sql"
        },
        {
            "query": " -- disable fault injection;",
            "name": "01149_zookeeper_mutation_stuck_after_replace_partition.sql"
        },
        {
            "query": " part ids are non-deterministic in case of insert retries\n\nset send_logs_level='error';",
            "name": "01149_zookeeper_mutation_stuck_after_replace_partition.sql"
        },
        {
            "query": "\ndrop table if exists mt;",
            "name": "01149_zookeeper_mutation_stuck_after_replace_partition.sql"
        },
        {
            "query": "\ndrop table if exists rmt sync;",
            "name": "01149_zookeeper_mutation_stuck_after_replace_partition.sql"
        },
        {
            "query": "\n\ncreate table mt (n UInt64, s String) engine = MergeTree partition by intDiv(n, 10) order by n;",
            "name": "01149_zookeeper_mutation_stuck_after_replace_partition.sql"
        },
        {
            "query": "\ninsert into mt values (3, '3'), (4, '4');",
            "name": "01149_zookeeper_mutation_stuck_after_replace_partition.sql"
        },
        {
            "query": "\n\ncreate table rmt (n UInt64, s String) engine = ReplicatedMergeTree('/clickhouse/test_01149_{database}/rmt', 'r1') partition by intDiv(n, 10) order by n;",
            "name": "01149_zookeeper_mutation_stuck_after_replace_partition.sql"
        },
        {
            "query": "\ninsert into rmt values (1, '1'), (2, '2');",
            "name": "01149_zookeeper_mutation_stuck_after_replace_partition.sql"
        },
        {
            "query": "\n\nselect * from rmt;",
            "name": "01149_zookeeper_mutation_stuck_after_replace_partition.sql"
        },
        {
            "query": "\nselect * from mt;",
            "name": "01149_zookeeper_mutation_stuck_after_replace_partition.sql"
        },
        {
            "query": "\nselect table, partition_id, name, rows from system.parts where database=currentDatabase() and table in ('mt', 'rmt') and active=1 order by table, name;",
            "name": "01149_zookeeper_mutation_stuck_after_replace_partition.sql"
        },
        {
            "query": "\n\nSET mutations_sync = 1;",
            "name": "01149_zookeeper_mutation_stuck_after_replace_partition.sql"
        },
        {
            "query": "\nalter table rmt update s = 's'||toString(n) where 1;",
            "name": "01149_zookeeper_mutation_stuck_after_replace_partition.sql"
        },
        {
            "query": "\n\nselect * from rmt;",
            "name": "01149_zookeeper_mutation_stuck_after_replace_partition.sql"
        },
        {
            "query": "\nalter table rmt replace partition '0' from mt;",
            "name": "01149_zookeeper_mutation_stuck_after_replace_partition.sql"
        },
        {
            "query": "\n\nsystem sync replica rmt;",
            "name": "01149_zookeeper_mutation_stuck_after_replace_partition.sql"
        },
        {
            "query": "\n\nselect table, partition_id, name, rows from system.parts where database=currentDatabase() and table in ('mt', 'rmt') and active=1 order by table, name;",
            "name": "01149_zookeeper_mutation_stuck_after_replace_partition.sql"
        },
        {
            "query": "\n\nalter table rmt drop column s;",
            "name": "01149_zookeeper_mutation_stuck_after_replace_partition.sql"
        },
        {
            "query": "\n\nselect mutation_id, command, parts_to_do_names, parts_to_do, is_done from system.mutations where database=currentDatabase() and table='rmt';",
            "name": "01149_zookeeper_mutation_stuck_after_replace_partition.sql"
        },
        {
            "query": "\nselect * from rmt;",
            "name": "01149_zookeeper_mutation_stuck_after_replace_partition.sql"
        },
        {
            "query": "\n\ndrop table rmt sync;",
            "name": "01149_zookeeper_mutation_stuck_after_replace_partition.sql"
        },
        {
            "query": "\n\nset replication_alter_partitions_sync=0;",
            "name": "01149_zookeeper_mutation_stuck_after_replace_partition.sql"
        },
        {
            "query": "\ncreate table rmt (n UInt64, s String) engine = ReplicatedMergeTree('/clickhouse/test_01149_{database}/rmt', 'r1') partition by intDiv(n, 10) order by n;",
            "name": "01149_zookeeper_mutation_stuck_after_replace_partition.sql"
        },
        {
            "query": "\ninsert into rmt values (1,'1'), (2, '2');",
            "name": "01149_zookeeper_mutation_stuck_after_replace_partition.sql"
        },
        {
            "query": "\n\nalter table rmt update s = 's'||toString(n) where 1;",
            "name": "01149_zookeeper_mutation_stuck_after_replace_partition.sql"
        },
        {
            "query": "\nalter table rmt drop partition '0';",
            "name": "01149_zookeeper_mutation_stuck_after_replace_partition.sql"
        },
        {
            "query": "\n\nset replication_alter_partitions_sync=1;",
            "name": "01149_zookeeper_mutation_stuck_after_replace_partition.sql"
        },
        {
            "query": "\nalter table rmt drop column s;",
            "name": "01149_zookeeper_mutation_stuck_after_replace_partition.sql"
        },
        {
            "query": "\n\ndrop table mt;",
            "name": "01149_zookeeper_mutation_stuck_after_replace_partition.sql"
        },
        {
            "query": "\ndrop table rmt sync;",
            "name": "01149_zookeeper_mutation_stuck_after_replace_partition.sql"
        }
    ]
}