{
    "name": "00509_extended_storage_definition_syntax_zookeeper.sql",
    "tests": [
        {
            "query": "-- Tags: zookeeper, no-shared-merge-tree\n-- no-shared-merge-tree: boring test, nothing new\n\nSET optimize_on_insert = 0;",
            "name": "00509_extended_storage_definition_syntax_zookeeper.sql"
        },
        {
            "query": "\n\nSELECT '*** Replicated with sampling ***';",
            "name": "00509_extended_storage_definition_syntax_zookeeper.sql"
        },
        {
            "query": "\n\nDROP TABLE IF EXISTS replicated_with_sampling;",
            "name": "00509_extended_storage_definition_syntax_zookeeper.sql"
        },
        {
            "query": "\n\nCREATE TABLE replicated_with_sampling(x UInt8)\n    ENGINE ReplicatedMergeTree('/clickhouse/tables/{database}/test_00509/replicated_with_sampling', 'r1')\n    ORDER BY x\n    SAMPLE BY x;",
            "name": "00509_extended_storage_definition_syntax_zookeeper.sql"
        },
        {
            "query": "\n\nINSERT INTO replicated_with_sampling VALUES (1), (128);",
            "name": "00509_extended_storage_definition_syntax_zookeeper.sql"
        },
        {
            "query": "\nSELECT sum(x) FROM replicated_with_sampling SAMPLE 1/2;",
            "name": "00509_extended_storage_definition_syntax_zookeeper.sql"
        },
        {
            "query": "\n\nDROP TABLE replicated_with_sampling;",
            "name": "00509_extended_storage_definition_syntax_zookeeper.sql"
        },
        {
            "query": "\n\nSELECT '*** Replacing with implicit version ***';",
            "name": "00509_extended_storage_definition_syntax_zookeeper.sql"
        },
        {
            "query": "\n\nDROP TABLE IF EXISTS replacing;",
            "name": "00509_extended_storage_definition_syntax_zookeeper.sql"
        },
        {
            "query": "\n\nCREATE TABLE replacing(d Date, x UInt32, s String) ENGINE = ReplacingMergeTree ORDER BY x PARTITION BY d;",
            "name": "00509_extended_storage_definition_syntax_zookeeper.sql"
        },
        {
            "query": "\n\nINSERT INTO replacing VALUES ('2017-10-23', 1, 'a');",
            "name": "00509_extended_storage_definition_syntax_zookeeper.sql"
        },
        {
            "query": "\nINSERT INTO replacing VALUES ('2017-10-23', 1, 'b');",
            "name": "00509_extended_storage_definition_syntax_zookeeper.sql"
        },
        {
            "query": "\nINSERT INTO replacing VALUES ('2017-10-23', 1, 'c');",
            "name": "00509_extended_storage_definition_syntax_zookeeper.sql"
        },
        {
            "query": "\n\nOPTIMIZE TABLE replacing PARTITION '2017-10-23' FINAL;",
            "name": "00509_extended_storage_definition_syntax_zookeeper.sql"
        },
        {
            "query": "\n\nSELECT * FROM replacing;",
            "name": "00509_extended_storage_definition_syntax_zookeeper.sql"
        },
        {
            "query": "\n\nDROP TABLE replacing;",
            "name": "00509_extended_storage_definition_syntax_zookeeper.sql"
        },
        {
            "query": "\n\nSELECT '*** Replicated Collapsing ***';",
            "name": "00509_extended_storage_definition_syntax_zookeeper.sql"
        },
        {
            "query": "\n\nDROP TABLE IF EXISTS replicated_collapsing;",
            "name": "00509_extended_storage_definition_syntax_zookeeper.sql"
        },
        {
            "query": "\n\nCREATE TABLE replicated_collapsing(d Date, x UInt32, sign Int8)\n    ENGINE = ReplicatedCollapsingMergeTree('/clickhouse/tables/{database}/test_00509/replicated_collapsing', 'r1', sign)\n    PARTITION BY toYYYYMM(d) ORDER BY d;",
            "name": "00509_extended_storage_definition_syntax_zookeeper.sql"
        },
        {
            "query": "\n\nINSERT INTO replicated_collapsing VALUES ('2017-10-23', 1, 1);",
            "name": "00509_extended_storage_definition_syntax_zookeeper.sql"
        },
        {
            "query": "\nINSERT INTO replicated_collapsing VALUES ('2017-10-23', 1, -1), ('2017-10-23', 2, 1);",
            "name": "00509_extended_storage_definition_syntax_zookeeper.sql"
        },
        {
            "query": "\n\nSYSTEM SYNC REPLICA replicated_collapsing PULL;",
            "name": "00509_extended_storage_definition_syntax_zookeeper.sql"
        },
        {
            "query": "\nOPTIMIZE TABLE replicated_collapsing PARTITION 201710 FINAL;",
            "name": "00509_extended_storage_definition_syntax_zookeeper.sql"
        },
        {
            "query": "\n\nSELECT * FROM replicated_collapsing;",
            "name": "00509_extended_storage_definition_syntax_zookeeper.sql"
        },
        {
            "query": "\n\nDROP TABLE replicated_collapsing;",
            "name": "00509_extended_storage_definition_syntax_zookeeper.sql"
        },
        {
            "query": "\n\nSELECT '*** Replicated VersionedCollapsing ***';",
            "name": "00509_extended_storage_definition_syntax_zookeeper.sql"
        },
        {
            "query": "\n\nDROP TABLE IF EXISTS replicated_versioned_collapsing;",
            "name": "00509_extended_storage_definition_syntax_zookeeper.sql"
        },
        {
            "query": "\n\nCREATE TABLE replicated_versioned_collapsing(d Date, x UInt32, sign Int8, version UInt8)\n    ENGINE = ReplicatedVersionedCollapsingMergeTree('/clickhouse/tables/{database}/test_00509/replicated_versioned_collapsing', 'r1', sign, version)\n    PARTITION BY toYYYYMM(d) ORDER BY (d, version);",
            "name": "00509_extended_storage_definition_syntax_zookeeper.sql"
        },
        {
            "query": "\n\nINSERT INTO replicated_versioned_collapsing VALUES ('2017-10-23', 1, 1, 0);",
            "name": "00509_extended_storage_definition_syntax_zookeeper.sql"
        },
        {
            "query": "\nINSERT INTO replicated_versioned_collapsing VALUES ('2017-10-23', 1, -1, 0), ('2017-10-23', 2, 1, 0);",
            "name": "00509_extended_storage_definition_syntax_zookeeper.sql"
        },
        {
            "query": "\nINSERT INTO replicated_versioned_collapsing VALUES ('2017-10-23', 1, -1, 1), ('2017-10-23', 2, 1, 2);",
            "name": "00509_extended_storage_definition_syntax_zookeeper.sql"
        },
        {
            "query": "\n\nSYSTEM SYNC REPLICA replicated_versioned_collapsing;",
            "name": "00509_extended_storage_definition_syntax_zookeeper.sql"
        },
        {
            "query": "\nOPTIMIZE TABLE replicated_versioned_collapsing PARTITION 201710 FINAL;",
            "name": "00509_extended_storage_definition_syntax_zookeeper.sql"
        },
        {
            "query": "\n\nSELECT * FROM replicated_versioned_collapsing;",
            "name": "00509_extended_storage_definition_syntax_zookeeper.sql"
        },
        {
            "query": "\n\nDROP TABLE replicated_versioned_collapsing;",
            "name": "00509_extended_storage_definition_syntax_zookeeper.sql"
        },
        {
            "query": "\n\nSELECT '*** Table definition with SETTINGS ***';",
            "name": "00509_extended_storage_definition_syntax_zookeeper.sql"
        },
        {
            "query": "\n\nDROP TABLE IF EXISTS with_settings;",
            "name": "00509_extended_storage_definition_syntax_zookeeper.sql"
        },
        {
            "query": "\n\nCREATE TABLE with_settings(x UInt32)\n    ENGINE ReplicatedMergeTree('/clickhouse/tables/{database}/test_00509/with_settings', 'r1')\n    ORDER BY x\n    SETTINGS replicated_can_become_leader = 0;",
            "name": "00509_extended_storage_definition_syntax_zookeeper.sql"
        },
        {
            "query": "\n\nSELECT sleep(1);",
            "name": "00509_extended_storage_definition_syntax_zookeeper.sql"
        },
        {
            "query": " -- If replicated_can_become_leader were true, this replica would become the leader after 1 second.\n\nSELECT is_leader FROM system.replicas WHERE database = currentDatabase() AND table = 'with_settings';",
            "name": "00509_extended_storage_definition_syntax_zookeeper.sql"
        },
        {
            "query": "\n\nDROP TABLE with_settings;",
            "name": "00509_extended_storage_definition_syntax_zookeeper.sql"
        }
    ]
}