{
    "name": "01625_constraints_index_append.sql",
    "tests": [
        {
            "query": "-- Tags: no-parallel\n\n-- CNF optimization uses QueryNodeHash to order conditions. We need fixed database.table.column identifier name to stabilize result\nDROP DATABASE IF EXISTS db_memory_01625;",
            "name": "01625_constraints_index_append.sql"
        },
        {
            "query": "\nCREATE DATABASE db_memory_01625 ENGINE = Memory;",
            "name": "01625_constraints_index_append.sql"
        },
        {
            "query": "\nUSE db_memory_01625;",
            "name": "01625_constraints_index_append.sql"
        },
        {
            "query": "\n\nDROP TABLE IF EXISTS index_append_test_test;",
            "name": "01625_constraints_index_append.sql"
        },
        {
            "query": "\n\nCREATE TABLE index_append_test_test (i Int64, a UInt32, b UInt64, CONSTRAINT c1 ASSUME i <= 2 * b AND i + 40 > a) ENGINE = MergeTree() ORDER BY i;",
            "name": "01625_constraints_index_append.sql"
        },
        {
            "query": "\n\nINSERT INTO index_append_test_test VALUES (1, 10, 1), (2, 20, 2);",
            "name": "01625_constraints_index_append.sql"
        },
        {
            "query": "\n\nSET convert_query_to_cnf = 1;",
            "name": "01625_constraints_index_append.sql"
        },
        {
            "query": "\nSET optimize_using_constraints = 1;",
            "name": "01625_constraints_index_append.sql"
        },
        {
            "query": "\nSET optimize_move_to_prewhere = 1;",
            "name": "01625_constraints_index_append.sql"
        },
        {
            "query": "\nSET optimize_substitute_columns = 1;",
            "name": "01625_constraints_index_append.sql"
        },
        {
            "query": "\nSET optimize_append_index = 1;",
            "name": "01625_constraints_index_append.sql"
        },
        {
            "query": "\n\nSELECT replaceRegexpAll(explain, '__table1\\.|_UInt8', '') FROM (EXPLAIN actions=1 SELECT i FROM index_append_test_test WHERE a = 0) WHERE explain LIKE '%Prewhere%' OR explain LIKE '%Filter column%';",
            "name": "01625_constraints_index_append.sql"
        },
        {
            "query": "\nSELECT replaceRegexpAll(explain, '__table1\\.|_UInt8', '') FROM (EXPLAIN actions=1 SELECT i FROM index_append_test_test WHERE a < 0) WHERE explain LIKE '%Prewhere%' OR explain LIKE '%Filter column%';",
            "name": "01625_constraints_index_append.sql"
        },
        {
            "query": "\nSELECT replaceRegexpAll(explain, '__table1\\.|_UInt8', '') FROM (EXPLAIN actions=1 SELECT i FROM index_append_test_test WHERE a >= 0) WHERE explain LIKE '%Prewhere%' OR explain LIKE '%Filter column%';",
            "name": "01625_constraints_index_append.sql"
        },
        {
            "query": "\nSELECT replaceRegexpAll(explain, '__table1\\.|_UInt8', '') FROM (EXPLAIN actions=1 SELECT i FROM index_append_test_test WHERE 2 * b < 100) WHERE explain LIKE '%Prewhere%' OR explain LIKE '%Filter column%';",
            "name": "01625_constraints_index_append.sql"
        },
        {
            "query": "\n\nDROP TABLE index_append_test_test;",
            "name": "01625_constraints_index_append.sql"
        },
        {
            "query": "\nDROP DATABASE db_memory_01625;",
            "name": "01625_constraints_index_append.sql"
        }
    ]
}