{
    "name": "01605_dictinct_two_level.sql",
    "tests": [
        {
            "query": "SET group_by_two_level_threshold_bytes = 1;",
            "name": "01605_dictinct_two_level.sql"
        },
        {
            "query": "\nSET group_by_two_level_threshold = 1;",
            "name": "01605_dictinct_two_level.sql"
        },
        {
            "query": "\n\nSELECT groupArray(DISTINCT toString(number % 10)) FROM numbers_mt(50000) \n    GROUP BY number ORDER BY number LIMIT 10\n    SETTINGS max_threads = 2, max_block_size = 2000;",
            "name": "01605_dictinct_two_level.sql"
        },
        {
            "query": "\n\nDROP TABLE IF EXISTS distinct_two_level;",
            "name": "01605_dictinct_two_level.sql"
        },
        {
            "query": "\n\nCREATE TABLE distinct_two_level (\n    time DateTime64(3),\n    domain String,\n    subdomain String\n) ENGINE = MergeTree ORDER BY time;",
            "name": "01605_dictinct_two_level.sql"
        },
        {
            "query": "\n\nINSERT INTO distinct_two_level SELECT 1546300800000, 'test.com', concat('foo', toString(number % 10000)) from numbers(10000);",
            "name": "01605_dictinct_two_level.sql"
        },
        {
            "query": "\nINSERT INTO distinct_two_level SELECT 1546300800000, concat('test.com', toString(number / 10000)) , concat('foo', toString(number % 10000)) from numbers(10000);",
            "name": "01605_dictinct_two_level.sql"
        },
        {
            "query": "\n\nSELECT\n    domain, arrayUniq(groupArraySample(5, 11111)(DISTINCT subdomain)) AS example_subdomains\nFROM distinct_two_level\nGROUP BY domain ORDER BY domain, example_subdomains\nLIMIT 10;",
            "name": "01605_dictinct_two_level.sql"
        },
        {
            "query": "\n\nDROP TABLE IF EXISTS distinct_two_level;",
            "name": "01605_dictinct_two_level.sql"
        }
    ]
}