{
    "name": "01191_rename_dictionary.sql",
    "tests": [
        {
            "query": "-- Tags: no-parallel\n\nDROP DATABASE IF EXISTS test_01191;",
            "name": "01191_rename_dictionary.sql"
        },
        {
            "query": "\nCREATE DATABASE test_01191 ENGINE=Atomic;",
            "name": "01191_rename_dictionary.sql"
        },
        {
            "query": "\n\nCREATE TABLE test_01191._ (n UInt64, s String) ENGINE = Memory();",
            "name": "01191_rename_dictionary.sql"
        },
        {
            "query": "\nCREATE TABLE test_01191.t (n UInt64, s String) ENGINE = Memory();",
            "name": "01191_rename_dictionary.sql"
        },
        {
            "query": "\n\nCREATE DICTIONARY test_01191.dict (n UInt64, s String)\nPRIMARY KEY n\nLAYOUT(DIRECT())\nSOURCE(CLICKHOUSE(HOST 'localhost' PORT tcpPort() USER 'default' TABLE '_' DB 'test_01191'));",
            "name": "01191_rename_dictionary.sql"
        },
        {
            "query": "\n\nINSERT INTO test_01191._ VALUES (42, 'test');",
            "name": "01191_rename_dictionary.sql"
        },
        {
            "query": "\n\nSELECT name, status FROM system.dictionaries WHERE database='test_01191';",
            "name": "01191_rename_dictionary.sql"
        },
        {
            "query": "\nSELECT name, engine FROM system.tables WHERE database='test_01191' ORDER BY name;",
            "name": "01191_rename_dictionary.sql"
        },
        {
            "query": "\n\nRENAME DICTIONARY test_01191.table TO test_01191.table1;",
            "name": "01191_rename_dictionary.sql"
        },
        {
            "query": " -- {serverError 60}\nEXCHANGE DICTIONARIES test_01191._ AND test_01191.dict;",
            "name": "01191_rename_dictionary.sql"
        },
        {
            "query": " -- {serverError 80}\nEXCHANGE TABLES test_01191.t AND test_01191.dict;",
            "name": "01191_rename_dictionary.sql"
        },
        {
            "query": "\nSELECT name, status FROM system.dictionaries WHERE database='test_01191';",
            "name": "01191_rename_dictionary.sql"
        },
        {
            "query": "\nSELECT name, engine FROM system.tables WHERE database='test_01191' ORDER BY name;",
            "name": "01191_rename_dictionary.sql"
        },
        {
            "query": "\nSELECT dictGet(test_01191.t, 's', toUInt64(42));",
            "name": "01191_rename_dictionary.sql"
        },
        {
            "query": "\nEXCHANGE TABLES test_01191.dict AND test_01191.t;",
            "name": "01191_rename_dictionary.sql"
        },
        {
            "query": "\nRENAME DICTIONARY test_01191.t TO test_01191.dict1;",
            "name": "01191_rename_dictionary.sql"
        },
        {
            "query": " -- {serverError 80}\nDROP DICTIONARY test_01191.t;",
            "name": "01191_rename_dictionary.sql"
        },
        {
            "query": " -- {serverError 80}\nDROP TABLE test_01191.t;",
            "name": "01191_rename_dictionary.sql"
        },
        {
            "query": "\n\nCREATE DATABASE dummy_db ENGINE=Atomic;",
            "name": "01191_rename_dictionary.sql"
        },
        {
            "query": "\nRENAME DICTIONARY test_01191.dict TO dummy_db.dict1;",
            "name": "01191_rename_dictionary.sql"
        },
        {
            "query": "\nRENAME DICTIONARY dummy_db.dict1 TO test_01191.dict;",
            "name": "01191_rename_dictionary.sql"
        },
        {
            "query": "\nDROP DATABASE dummy_db;",
            "name": "01191_rename_dictionary.sql"
        },
        {
            "query": "\n\nRENAME DICTIONARY test_01191.dict TO test_01191.dict1;",
            "name": "01191_rename_dictionary.sql"
        },
        {
            "query": "\n\nSELECT name, status FROM system.dictionaries WHERE database='test_01191';",
            "name": "01191_rename_dictionary.sql"
        },
        {
            "query": "\nSELECT name, engine FROM system.tables WHERE database='test_01191' ORDER BY name;",
            "name": "01191_rename_dictionary.sql"
        },
        {
            "query": "\nSELECT dictGet(test_01191.dict1, 's', toUInt64(42));",
            "name": "01191_rename_dictionary.sql"
        },
        {
            "query": "\n\nRENAME DICTIONARY test_01191.dict1 TO test_01191.dict2;",
            "name": "01191_rename_dictionary.sql"
        },
        {
            "query": "\n\nSELECT name, status FROM system.dictionaries WHERE database='test_01191';",
            "name": "01191_rename_dictionary.sql"
        },
        {
            "query": "\nSELECT name, engine FROM system.tables WHERE database='test_01191' ORDER BY name;",
            "name": "01191_rename_dictionary.sql"
        },
        {
            "query": "\nSELECT dictGet(test_01191.dict2, 's', toUInt64(42));",
            "name": "01191_rename_dictionary.sql"
        },
        {
            "query": "\n\nDROP DATABASE test_01191;",
            "name": "01191_rename_dictionary.sql"
        }
    ]
}