{
    "name": "02025_subcolumns_compact_parts.sql",
    "tests": [
        {
            "query": "DROP TABLE IF EXISTS t_comp_subcolumns;",
            "name": "02025_subcolumns_compact_parts.sql"
        },
        {
            "query": "\n\nCREATE TABLE t_comp_subcolumns (id UInt32, n Nullable(String), arr Array(Array(UInt32)))\nENGINE = MergeTree ORDER BY id;",
            "name": "02025_subcolumns_compact_parts.sql"
        },
        {
            "query": "\n\nINSERT INTO t_comp_subcolumns SELECT number, 'a', [range(number % 11), range(number % 13)] FROM numbers(20000);",
            "name": "02025_subcolumns_compact_parts.sql"
        },
        {
            "query": "\n\nSELECT sum(n.null) FROM t_comp_subcolumns;",
            "name": "02025_subcolumns_compact_parts.sql"
        },
        {
            "query": "\nSELECT n.null FROM t_comp_subcolumns LIMIT 10000, 5;",
            "name": "02025_subcolumns_compact_parts.sql"
        },
        {
            "query": "\n\nSELECT sum(arr.size0) FROM t_comp_subcolumns;",
            "name": "02025_subcolumns_compact_parts.sql"
        },
        {
            "query": "\nSELECT sumArray(arr.size1) FROM t_comp_subcolumns;",
            "name": "02025_subcolumns_compact_parts.sql"
        },
        {
            "query": "\n\nDROP TABLE t_comp_subcolumns;",
            "name": "02025_subcolumns_compact_parts.sql"
        }
    ]
}