{
    "name": "00278_insert_already_sorted.sql",
    "tests": [
        {
            "query": "DROP TABLE IF EXISTS sorted;",
            "name": "00278_insert_already_sorted.sql"
        },
        {
            "query": "\nset allow_deprecated_syntax_for_merge_tree=1;",
            "name": "00278_insert_already_sorted.sql"
        },
        {
            "query": "\nCREATE TABLE sorted (d Date DEFAULT '2000-01-01', x UInt64) ENGINE = MergeTree(d, x, 8192);",
            "name": "00278_insert_already_sorted.sql"
        },
        {
            "query": "\n\nINSERT INTO sorted (x) SELECT intDiv(number, 100000) AS x FROM system.numbers LIMIT 1000000;",
            "name": "00278_insert_already_sorted.sql"
        },
        {
            "query": "\n\nSET max_threads = 1;",
            "name": "00278_insert_already_sorted.sql"
        },
        {
            "query": "\n\nSELECT count() FROM sorted;",
            "name": "00278_insert_already_sorted.sql"
        },
        {
            "query": "\nSELECT x FROM (SELECT DISTINCT x FROM sorted) ORDER BY x;",
            "name": "00278_insert_already_sorted.sql"
        },
        {
            "query": "\n\nINSERT INTO sorted (x) SELECT (intHash64(number) % 1000 = 0 ? 999 : intDiv(number, 100000)) AS x FROM system.numbers LIMIT 1000000;",
            "name": "00278_insert_already_sorted.sql"
        },
        {
            "query": "\n\nSELECT count() FROM sorted;",
            "name": "00278_insert_already_sorted.sql"
        },
        {
            "query": "\nSELECT x FROM (SELECT DISTINCT x FROM sorted) ORDER BY x;",
            "name": "00278_insert_already_sorted.sql"
        },
        {
            "query": "\n\nDROP TABLE sorted;",
            "name": "00278_insert_already_sorted.sql"
        }
    ]
}