{
    "name": "01017_bithamming_distance.sql",
    "tests": [
        {
            "query": "SELECT bitHammingDistance(1, 5);",
            "name": "01017_bithamming_distance.sql"
        },
        {
            "query": "\nSELECT bitHammingDistance(100, 100000);",
            "name": "01017_bithamming_distance.sql"
        },
        {
            "query": "\nSELECT bitHammingDistance(-1, 1);",
            "name": "01017_bithamming_distance.sql"
        },
        {
            "query": "\n\nDROP TABLE IF EXISTS defaults;",
            "name": "01017_bithamming_distance.sql"
        },
        {
            "query": "\nCREATE TABLE defaults\n(\n\tn1 UInt8,\n\tn2 UInt16,\n\tn3 UInt32,\n\tn4 UInt64\n)ENGINE = Memory();",
            "name": "01017_bithamming_distance.sql"
        },
        {
            "query": "\n\nINSERT INTO defaults VALUES (1, 2, 3, 4) (12, 4345, 435, 1233) (45, 675, 32343, 54566) (90, 784, 9034, 778752);",
            "name": "01017_bithamming_distance.sql"
        },
        {
            "query": "\n\nSELECT bitHammingDistance(4, n1) FROM defaults;",
            "name": "01017_bithamming_distance.sql"
        },
        {
            "query": "\nSELECT bitHammingDistance(n2, 100) FROM defaults;",
            "name": "01017_bithamming_distance.sql"
        },
        {
            "query": "\nSELECT bitHammingDistance(n3, n4) FROM defaults;",
            "name": "01017_bithamming_distance.sql"
        },
        {
            "query": "\n\nDROP TABLE defaults;",
            "name": "01017_bithamming_distance.sql"
        },
        {
            "query": "\n\nDROP TABLE IF EXISTS test_string;",
            "name": "01017_bithamming_distance.sql"
        },
        {
            "query": "\n\nCREATE TABLE test_string\n(\n\ts1 String,\n\ts2 String,\n\ts3 FixedString(10),\n\ts4 FixedString(10),\n) ENGINE = Memory;",
            "name": "01017_bithamming_distance.sql"
        },
        {
            "query": "\n\nINSERT INTO test_string VALUES ('hello', 'hello', 'hello', 'hello') ('hello', 'hellow', 'hello', 'hellow') ('clickhouse', '012345', 'clickhouse', '012345');",
            "name": "01017_bithamming_distance.sql"
        },
        {
            "query": "\n\nSELECT bitHammingDistance('hello', 'hello');",
            "name": "01017_bithamming_distance.sql"
        },
        {
            "query": "\nSELECT bitHammingDistance('hello', 'hellow');",
            "name": "01017_bithamming_distance.sql"
        },
        {
            "query": "\nSELECT bitHammingDistance(toFixedString('hello', 6), toFixedString('hellow', 6));",
            "name": "01017_bithamming_distance.sql"
        },
        {
            "query": "\n\nSELECT bitHammingDistance(s1, s2) FROM test_string;",
            "name": "01017_bithamming_distance.sql"
        },
        {
            "query": "\nSELECT bitHammingDistance(s3, s4) FROM test_string;",
            "name": "01017_bithamming_distance.sql"
        },
        {
            "query": "\n\nSELECT bitHammingDistance('hello', s2) FROM test_string;",
            "name": "01017_bithamming_distance.sql"
        },
        {
            "query": "\nSELECT bitHammingDistance(s4, toFixedString('hello', 10)) FROM test_string;",
            "name": "01017_bithamming_distance.sql"
        },
        {
            "query": "\n\nDROP TABLE test_string;",
            "name": "01017_bithamming_distance.sql"
        }
    ]
}