{
    "name": "00910_buffer_prewhere_different_types.sql",
    "tests": [
        {
            "query": "DROP TABLE IF EXISTS buffer_table1__fuzz_28;",
            "name": "00910_buffer_prewhere_different_types.sql"
        },
        {
            "query": "\nDROP TABLE IF EXISTS merge_tree_table1;",
            "name": "00910_buffer_prewhere_different_types.sql"
        },
        {
            "query": "\n\nCREATE TABLE merge_tree_table1 (`x` UInt32) ENGINE = MergeTree ORDER BY x;",
            "name": "00910_buffer_prewhere_different_types.sql"
        },
        {
            "query": "\nINSERT INTO merge_tree_table1 VALUES (1), (2), (3), (4), (5), (6), (7), (8), (9), (10);",
            "name": "00910_buffer_prewhere_different_types.sql"
        },
        {
            "query": "\n\nSET send_logs_level='error';",
            "name": "00910_buffer_prewhere_different_types.sql"
        },
        {
            "query": "\n\nCREATE TABLE buffer_table1__fuzz_28 (`x` Nullable(UInt32)) ENGINE = Buffer(currentDatabase(), 'merge_tree_table1', 16, 10, 60, 10, 1000, 1048576, 2097152);",
            "name": "00910_buffer_prewhere_different_types.sql"
        },
        {
            "query": "\n\nSELECT * FROM buffer_table1__fuzz_28 PREWHERE x = toLowCardinality(1);",
            "name": "00910_buffer_prewhere_different_types.sql"
        },
        {
            "query": "\n\nCREATE ROW POLICY rp ON buffer_table1__fuzz_28 FOR SELECT USING x = toLowCardinality(1) TO default;",
            "name": "00910_buffer_prewhere_different_types.sql"
        },
        {
            "query": "\n\nSELECT * FROM buffer_table1__fuzz_28;",
            "name": "00910_buffer_prewhere_different_types.sql"
        }
    ]
}