{
    "name": "01109_exchange_tables.sql",
    "tests": [
        {
            "query": "-- Tags: no-parallel\nSET send_logs_level = 'fatal';",
            "name": "01109_exchange_tables.sql"
        },
        {
            "query": "\n\nDROP DATABASE IF EXISTS test_01109;",
            "name": "01109_exchange_tables.sql"
        },
        {
            "query": "\nCREATE DATABASE test_01109 ENGINE=Atomic;",
            "name": "01109_exchange_tables.sql"
        },
        {
            "query": "\n\nUSE test_01109;",
            "name": "01109_exchange_tables.sql"
        },
        {
            "query": "\n\nCREATE TABLE t0 ENGINE=MergeTree() ORDER BY tuple() AS SELECT rowNumberInAllBlocks(), * FROM (SELECT toLowCardinality(arrayJoin(['exchange', 'tables'])));",
            "name": "01109_exchange_tables.sql"
        },
        {
            "query": "\n-- NOTE: database = currentDatabase() is not mandatory\nCREATE TABLE t1 ENGINE=Log() AS SELECT * FROM system.tables AS t JOIN system.databases AS d ON t.database=d.name;",
            "name": "01109_exchange_tables.sql"
        },
        {
            "query": "\nCREATE TABLE t2 ENGINE=MergeTree() ORDER BY tuple() AS SELECT rowNumberInAllBlocks() + (SELECT count() FROM t0), * FROM (SELECT arrayJoin(['hello', 'world']));",
            "name": "01109_exchange_tables.sql"
        },
        {
            "query": "\n\nEXCHANGE TABLES t1 AND t3;",
            "name": "01109_exchange_tables.sql"
        },
        {
            "query": " -- { serverError 60 }\nEXCHANGE TABLES t4 AND t2;",
            "name": "01109_exchange_tables.sql"
        },
        {
            "query": " -- { serverError 60 }\nRENAME TABLE t0 TO t1;",
            "name": "01109_exchange_tables.sql"
        },
        {
            "query": " -- { serverError 57 }\nDROP TABLE t1;",
            "name": "01109_exchange_tables.sql"
        },
        {
            "query": "\nRENAME TABLE t0 TO t1;",
            "name": "01109_exchange_tables.sql"
        },
        {
            "query": "\nSELECT * FROM t1;",
            "name": "01109_exchange_tables.sql"
        },
        {
            "query": "\nSELECT * FROM t2;",
            "name": "01109_exchange_tables.sql"
        },
        {
            "query": "\n\nEXCHANGE TABLES t1 AND t2;",
            "name": "01109_exchange_tables.sql"
        },
        {
            "query": "\nSELECT * FROM t1;",
            "name": "01109_exchange_tables.sql"
        },
        {
            "query": "\nSELECT * FROM t2;",
            "name": "01109_exchange_tables.sql"
        },
        {
            "query": "\n\nRENAME TABLE t1 TO t1tmp, t2 TO t2tmp;",
            "name": "01109_exchange_tables.sql"
        },
        {
            "query": "\nRENAME TABLE t1tmp TO t2, t2tmp TO t1;",
            "name": "01109_exchange_tables.sql"
        },
        {
            "query": "\nSELECT * FROM t1;",
            "name": "01109_exchange_tables.sql"
        },
        {
            "query": "\nSELECT * FROM t2;",
            "name": "01109_exchange_tables.sql"
        },
        {
            "query": "\n\nDROP DATABASE IF EXISTS test_01109_other_atomic;",
            "name": "01109_exchange_tables.sql"
        },
        {
            "query": "\nDROP DATABASE IF EXISTS test_01109_ordinary;",
            "name": "01109_exchange_tables.sql"
        },
        {
            "query": "\nCREATE DATABASE test_01109_other_atomic;",
            "name": "01109_exchange_tables.sql"
        },
        {
            "query": "\nset allow_deprecated_database_ordinary=1;",
            "name": "01109_exchange_tables.sql"
        },
        {
            "query": "\n-- Creation of a database with Ordinary engine emits a warning.\nCREATE DATABASE test_01109_ordinary ENGINE=Ordinary;",
            "name": "01109_exchange_tables.sql"
        },
        {
            "query": "\n\nCREATE TABLE test_01109_other_atomic.t3 ENGINE=MergeTree() ORDER BY tuple()\n    AS SELECT rowNumberInAllBlocks() + (SELECT max((*,*).1.1) + 1 FROM (SELECT (*,) FROM t1 UNION ALL SELECT (*,) FROM t2)), *\n    FROM (SELECT arrayJoin(['another', 'db']));",
            "name": "01109_exchange_tables.sql"
        },
        {
            "query": "\n\nCREATE TABLE test_01109_ordinary.t4 AS t1;",
            "name": "01109_exchange_tables.sql"
        },
        {
            "query": "\n\nEXCHANGE TABLES test_01109_other_atomic.t3 AND test_01109_ordinary.t4;",
            "name": "01109_exchange_tables.sql"
        },
        {
            "query": " -- { serverError 48 }\nEXCHANGE TABLES test_01109_ordinary.t4 AND test_01109_other_atomic.t3;",
            "name": "01109_exchange_tables.sql"
        },
        {
            "query": " -- { serverError 48 }\nEXCHANGE TABLES test_01109_ordinary.t4 AND test_01109_ordinary.t4;",
            "name": "01109_exchange_tables.sql"
        },
        {
            "query": " -- { serverError 48 }\n\nEXCHANGE TABLES t1 AND test_01109_other_atomic.t3;",
            "name": "01109_exchange_tables.sql"
        },
        {
            "query": "\nEXCHANGE TABLES t2 AND t2;",
            "name": "01109_exchange_tables.sql"
        },
        {
            "query": "\nSELECT * FROM t1;",
            "name": "01109_exchange_tables.sql"
        },
        {
            "query": "\nSELECT * FROM t2;",
            "name": "01109_exchange_tables.sql"
        },
        {
            "query": "\nSELECT * FROM test_01109_other_atomic.t3;",
            "name": "01109_exchange_tables.sql"
        },
        {
            "query": "\nSELECT * FROM test_01109_ordinary.t4;",
            "name": "01109_exchange_tables.sql"
        },
        {
            "query": "\n\nDROP DATABASE IF EXISTS test_01109_rename_exists;",
            "name": "01109_exchange_tables.sql"
        },
        {
            "query": "\nCREATE DATABASE test_01109_rename_exists ENGINE=Atomic;",
            "name": "01109_exchange_tables.sql"
        },
        {
            "query": "\nUSE test_01109_rename_exists;",
            "name": "01109_exchange_tables.sql"
        },
        {
            "query": "\nCREATE TABLE t0 ENGINE=Log() AS SELECT * FROM system.numbers limit 2;",
            "name": "01109_exchange_tables.sql"
        },
        {
            "query": "\nRENAME TABLE t0_tmp TO t1;",
            "name": "01109_exchange_tables.sql"
        },
        {
            "query": " -- { serverError 60 }\nRENAME TABLE if exists t0_tmp TO t1;",
            "name": "01109_exchange_tables.sql"
        },
        {
            "query": "\nRENAME TABLE if exists t0 TO t1;",
            "name": "01109_exchange_tables.sql"
        },
        {
            "query": "\nSELECT * FROM t1;",
            "name": "01109_exchange_tables.sql"
        },
        {
            "query": "\n\nDROP DATABASE test_01109;",
            "name": "01109_exchange_tables.sql"
        },
        {
            "query": "\nDROP DATABASE test_01109_other_atomic;",
            "name": "01109_exchange_tables.sql"
        },
        {
            "query": "\nDROP DATABASE test_01109_ordinary;",
            "name": "01109_exchange_tables.sql"
        },
        {
            "query": "\nDROP DATABASE test_01109_rename_exists;",
            "name": "01109_exchange_tables.sql"
        }
    ]
}