{
    "name": "00744_join_not_found_column.sql",
    "tests": [
        {
            "query": "SET joined_subquery_requires_alias = 0;",
            "name": "00744_join_not_found_column.sql"
        },
        {
            "query": "\n\nDROP TEMPORARY TABLE IF EXISTS test_00744;",
            "name": "00744_join_not_found_column.sql"
        },
        {
            "query": "\nCREATE TEMPORARY TABLE test_00744\n(\n    x Int32\n);",
            "name": "00744_join_not_found_column.sql"
        },
        {
            "query": "\n\nINSERT INTO test_00744 VALUES (1);",
            "name": "00744_join_not_found_column.sql"
        },
        {
            "query": "\n\nSELECT x\nFROM\n(\n    SELECT\n        x,\n        `1`\n    FROM\n    (\n        SELECT x, 1 FROM test_00744\n    )\n    ALL INNER JOIN\n    (\n        SELECT\n            count(),\n            1\n        FROM test_00744\n    ) jss2 USING (`1`)\n    LIMIT 10\n);",
            "name": "00744_join_not_found_column.sql"
        },
        {
            "query": "\n\nSELECT\n    x,\n    `1`\nFROM\n(\n    SELECT x, 1 FROM test_00744\n)\nALL INNER JOIN\n(\n    SELECT\n        count(),\n        1\n    FROM test_00744\n) js2 USING (`1`)\nLIMIT 10;",
            "name": "00744_join_not_found_column.sql"
        }
    ]
}