{
    "name": "03036_with_numbers.sql",
    "tests": [
        {
            "query": "-- https://github.com/ClickHouse/ClickHouse/issues/13843\nSET allow_experimental_analyzer=1;",
            "name": "03036_with_numbers.sql"
        },
        {
            "query": "\nWITH 10 AS n\nSELECT *\nFROM numbers(n);",
            "name": "03036_with_numbers.sql"
        },
        {
            "query": "\n\nWITH cast(10, 'UInt64') AS n\nSELECT *\nFROM numbers(n);",
            "name": "03036_with_numbers.sql"
        }
    ]
}