{
    "name": "00647_histogram_negative.sql",
    "tests": [
        {
            "query": "drop table if exists histogram;",
            "name": "00647_histogram_negative.sql"
        },
        {
            "query": "\ncreate table histogram(num Int64) engine=TinyLog;",
            "name": "00647_histogram_negative.sql"
        },
        {
            "query": "\ninsert into histogram values(-1);",
            "name": "00647_histogram_negative.sql"
        },
        {
            "query": "\ninsert into histogram values(-1);",
            "name": "00647_histogram_negative.sql"
        },
        {
            "query": "\nselect histogram(2)(num) from histogram;",
            "name": "00647_histogram_negative.sql"
        },
        {
            "query": "\ndrop table if exists histogram;",
            "name": "00647_histogram_negative.sql"
        }
    ]
}