{
    "name": "02016_bit_shift_right_for_string_integer.sql",
    "tests": [
        {
            "query": "SELECT 'String ConstConst';",
            "name": "02016_bit_shift_right_for_string_integer.sql"
        },
        {
            "query": "\nSELECT bin('Hello') == bin(bitShiftRight('Hello', 0));",
            "name": "02016_bit_shift_right_for_string_integer.sql"
        },
        {
            "query": "\nSELECT 0, 'Hello',bin(bitShiftRight('Hello', 0));",
            "name": "02016_bit_shift_right_for_string_integer.sql"
        },
        {
            "query": "\nSELECT 1, 'Hello',bin(bitShiftRight('Hello', 1));",
            "name": "02016_bit_shift_right_for_string_integer.sql"
        },
        {
            "query": "\nSELECT 2, 'Hello',bin(bitShiftRight('Hello', 2));",
            "name": "02016_bit_shift_right_for_string_integer.sql"
        },
        {
            "query": "\nSELECT 3, 'Hello',bin(bitShiftRight('Hello', 3));",
            "name": "02016_bit_shift_right_for_string_integer.sql"
        },
        {
            "query": "\nSELECT 4, 'Hello',bin(bitShiftRight('Hello', 4));",
            "name": "02016_bit_shift_right_for_string_integer.sql"
        },
        {
            "query": "\nSELECT 5, 'Hello',bin(bitShiftRight('Hello', 5));",
            "name": "02016_bit_shift_right_for_string_integer.sql"
        },
        {
            "query": "\nSELECT 6, 'Hello',bin(bitShiftRight('Hello', 6));",
            "name": "02016_bit_shift_right_for_string_integer.sql"
        },
        {
            "query": "\nSELECT 7, 'Hello',bin(bitShiftRight('Hello', 7));",
            "name": "02016_bit_shift_right_for_string_integer.sql"
        },
        {
            "query": "\nSELECT 8, 'Hello',bin(bitShiftRight('Hello', 8));",
            "name": "02016_bit_shift_right_for_string_integer.sql"
        },
        {
            "query": "\nSELECT 9, 'Hello',bin(bitShiftRight('Hello', 9));",
            "name": "02016_bit_shift_right_for_string_integer.sql"
        },
        {
            "query": "\nSELECT 10,'Hello',bin(bitShiftRight('Hello', 10));",
            "name": "02016_bit_shift_right_for_string_integer.sql"
        },
        {
            "query": "\nSELECT 11,'Hello',bin(bitShiftRight('Hello', 11));",
            "name": "02016_bit_shift_right_for_string_integer.sql"
        },
        {
            "query": "\nSELECT 12,'Hello',bin(bitShiftRight('Hello', 12));",
            "name": "02016_bit_shift_right_for_string_integer.sql"
        },
        {
            "query": "\nSELECT 13,'Hello',bin(bitShiftRight('Hello', 13));",
            "name": "02016_bit_shift_right_for_string_integer.sql"
        },
        {
            "query": "\nSELECT 14,'Hello',bin(bitShiftRight('Hello', 14));",
            "name": "02016_bit_shift_right_for_string_integer.sql"
        },
        {
            "query": "\nSELECT 15,'Hello',bin(bitShiftRight('Hello', 15));",
            "name": "02016_bit_shift_right_for_string_integer.sql"
        },
        {
            "query": "\nSELECT 16,'Hello',bin(bitShiftRight('Hello', 16));",
            "name": "02016_bit_shift_right_for_string_integer.sql"
        },
        {
            "query": "\nSELECT 17,'Hello',bin(bitShiftRight('Hello', 17));",
            "name": "02016_bit_shift_right_for_string_integer.sql"
        },
        {
            "query": "\nSELECT 18,'Hello',bin(bitShiftRight('Hello', 18));",
            "name": "02016_bit_shift_right_for_string_integer.sql"
        },
        {
            "query": "\nSELECT 19,'Hello',bin(bitShiftRight('Hello', 19));",
            "name": "02016_bit_shift_right_for_string_integer.sql"
        },
        {
            "query": "\nSELECT 20,'Hello',bin(bitShiftRight('Hello', 20));",
            "name": "02016_bit_shift_right_for_string_integer.sql"
        },
        {
            "query": "\nSELECT 21,'Hello',bin(bitShiftRight('Hello', 21));",
            "name": "02016_bit_shift_right_for_string_integer.sql"
        },
        {
            "query": "\nSELECT 22,'Hello',bin(bitShiftRight('Hello', 22));",
            "name": "02016_bit_shift_right_for_string_integer.sql"
        },
        {
            "query": "\nSELECT 23,'Hello',bin(bitShiftRight('Hello', 23));",
            "name": "02016_bit_shift_right_for_string_integer.sql"
        },
        {
            "query": "\nSELECT 24,'Hello',bin(bitShiftRight('Hello', 24));",
            "name": "02016_bit_shift_right_for_string_integer.sql"
        },
        {
            "query": "\nSELECT 25,'Hello',bin(bitShiftRight('Hello', 25));",
            "name": "02016_bit_shift_right_for_string_integer.sql"
        },
        {
            "query": "\nSELECT 26,'Hello',bin(bitShiftRight('Hello', 26));",
            "name": "02016_bit_shift_right_for_string_integer.sql"
        },
        {
            "query": "\nSELECT 27,'Hello',bin(bitShiftRight('Hello', 27));",
            "name": "02016_bit_shift_right_for_string_integer.sql"
        },
        {
            "query": "\nSELECT 28,'Hello',bin(bitShiftRight('Hello', 28));",
            "name": "02016_bit_shift_right_for_string_integer.sql"
        },
        {
            "query": "\nSELECT 29,'Hello',bin(bitShiftRight('Hello', 29));",
            "name": "02016_bit_shift_right_for_string_integer.sql"
        },
        {
            "query": "\nSELECT 30,'Hello',bin(bitShiftRight('Hello', 30));",
            "name": "02016_bit_shift_right_for_string_integer.sql"
        },
        {
            "query": "\nSELECT 31,'Hello',bin(bitShiftRight('Hello', 31));",
            "name": "02016_bit_shift_right_for_string_integer.sql"
        },
        {
            "query": "\nSELECT 32,'Hello',bin(bitShiftRight('Hello', 32));",
            "name": "02016_bit_shift_right_for_string_integer.sql"
        },
        {
            "query": "\nSELECT 33,'Hello',bin(bitShiftRight('Hello', 33));",
            "name": "02016_bit_shift_right_for_string_integer.sql"
        },
        {
            "query": "\nSELECT 34,'Hello',bin(bitShiftRight('Hello', 34));",
            "name": "02016_bit_shift_right_for_string_integer.sql"
        },
        {
            "query": "\nSELECT 35,'Hello',bin(bitShiftRight('Hello', 35));",
            "name": "02016_bit_shift_right_for_string_integer.sql"
        },
        {
            "query": "\nSELECT 36,'Hello',bin(bitShiftRight('Hello', 36));",
            "name": "02016_bit_shift_right_for_string_integer.sql"
        },
        {
            "query": "\nSELECT 37,'Hello',bin(bitShiftRight('Hello', 37));",
            "name": "02016_bit_shift_right_for_string_integer.sql"
        },
        {
            "query": "\nSELECT 38,'Hello',bin(bitShiftRight('Hello', 38));",
            "name": "02016_bit_shift_right_for_string_integer.sql"
        },
        {
            "query": "\nSELECT 39,'Hello',bin(bitShiftRight('Hello', 39));",
            "name": "02016_bit_shift_right_for_string_integer.sql"
        },
        {
            "query": "\nSELECT 40,'Hello',bin(bitShiftRight('Hello', 40));",
            "name": "02016_bit_shift_right_for_string_integer.sql"
        },
        {
            "query": "\nSELECT 41,'Hello',bin(bitShiftRight('Hello', 41));",
            "name": "02016_bit_shift_right_for_string_integer.sql"
        },
        {
            "query": "\nSELECT 42,'Hello',bin(bitShiftRight('Hello', 42));",
            "name": "02016_bit_shift_right_for_string_integer.sql"
        },
        {
            "query": "\n\nSELECT 'FixedString ConstConst';",
            "name": "02016_bit_shift_right_for_string_integer.sql"
        },
        {
            "query": "\nSELECT bin(toFixedString('Hello', 10)) == bin(bitShiftRight(toFixedString('Hello', 10), 0));",
            "name": "02016_bit_shift_right_for_string_integer.sql"
        },
        {
            "query": "\nSELECT 0, toFixedString('Hello', 10), bin(bitShiftRight(toFixedString('Hello', 10), 0));",
            "name": "02016_bit_shift_right_for_string_integer.sql"
        },
        {
            "query": "\nSELECT 1, toFixedString('Hello', 10), bin(bitShiftRight(toFixedString('Hello', 10), 1));",
            "name": "02016_bit_shift_right_for_string_integer.sql"
        },
        {
            "query": "\nSELECT 2, toFixedString('Hello', 10), bin(bitShiftRight(toFixedString('Hello', 10), 2));",
            "name": "02016_bit_shift_right_for_string_integer.sql"
        },
        {
            "query": "\nSELECT 3, toFixedString('Hello', 10), bin(bitShiftRight(toFixedString('Hello', 10), 3));",
            "name": "02016_bit_shift_right_for_string_integer.sql"
        },
        {
            "query": "\nSELECT 4, toFixedString('Hello', 10), bin(bitShiftRight(toFixedString('Hello', 10), 4));",
            "name": "02016_bit_shift_right_for_string_integer.sql"
        },
        {
            "query": "\nSELECT 5, toFixedString('Hello', 10), bin(bitShiftRight(toFixedString('Hello', 10), 5));",
            "name": "02016_bit_shift_right_for_string_integer.sql"
        },
        {
            "query": "\nSELECT 6, toFixedString('Hello', 10), bin(bitShiftRight(toFixedString('Hello', 10), 6));",
            "name": "02016_bit_shift_right_for_string_integer.sql"
        },
        {
            "query": "\nSELECT 7, toFixedString('Hello', 10), bin(bitShiftRight(toFixedString('Hello', 10), 7));",
            "name": "02016_bit_shift_right_for_string_integer.sql"
        },
        {
            "query": "\nSELECT 8, toFixedString('Hello', 10), bin(bitShiftRight(toFixedString('Hello', 10), 8));",
            "name": "02016_bit_shift_right_for_string_integer.sql"
        },
        {
            "query": "\nSELECT 9, toFixedString('Hello', 10), bin(bitShiftRight(toFixedString('Hello', 10), 9));",
            "name": "02016_bit_shift_right_for_string_integer.sql"
        },
        {
            "query": "\nSELECT 10,toFixedString('Hello', 10), bin(bitShiftRight(toFixedString('Hello', 10), 10));",
            "name": "02016_bit_shift_right_for_string_integer.sql"
        },
        {
            "query": "\nSELECT 11,toFixedString('Hello', 10), bin(bitShiftRight(toFixedString('Hello', 10), 11));",
            "name": "02016_bit_shift_right_for_string_integer.sql"
        },
        {
            "query": "\nSELECT 12,toFixedString('Hello', 10), bin(bitShiftRight(toFixedString('Hello', 10), 12));",
            "name": "02016_bit_shift_right_for_string_integer.sql"
        },
        {
            "query": "\nSELECT 13,toFixedString('Hello', 10), bin(bitShiftRight(toFixedString('Hello', 10), 13));",
            "name": "02016_bit_shift_right_for_string_integer.sql"
        },
        {
            "query": "\nSELECT 14,toFixedString('Hello', 10), bin(bitShiftRight(toFixedString('Hello', 10), 14));",
            "name": "02016_bit_shift_right_for_string_integer.sql"
        },
        {
            "query": "\nSELECT 15,toFixedString('Hello', 10), bin(bitShiftRight(toFixedString('Hello', 10), 15));",
            "name": "02016_bit_shift_right_for_string_integer.sql"
        },
        {
            "query": "\nSELECT 16,toFixedString('Hello', 10), bin(bitShiftRight(toFixedString('Hello', 10), 16));",
            "name": "02016_bit_shift_right_for_string_integer.sql"
        },
        {
            "query": "\nSELECT 17,toFixedString('Hello', 10), bin(bitShiftRight(toFixedString('Hello', 10), 17));",
            "name": "02016_bit_shift_right_for_string_integer.sql"
        },
        {
            "query": "\nSELECT 18,toFixedString('Hello', 10), bin(bitShiftRight(toFixedString('Hello', 10), 18));",
            "name": "02016_bit_shift_right_for_string_integer.sql"
        },
        {
            "query": "\nSELECT 19,toFixedString('Hello', 10), bin(bitShiftRight(toFixedString('Hello', 10), 19));",
            "name": "02016_bit_shift_right_for_string_integer.sql"
        },
        {
            "query": "\nSELECT 20,toFixedString('Hello', 10), bin(bitShiftRight(toFixedString('Hello', 10), 20));",
            "name": "02016_bit_shift_right_for_string_integer.sql"
        },
        {
            "query": "\nSELECT 21,toFixedString('Hello', 10), bin(bitShiftRight(toFixedString('Hello', 10), 21));",
            "name": "02016_bit_shift_right_for_string_integer.sql"
        },
        {
            "query": "\nSELECT 22,toFixedString('Hello', 10), bin(bitShiftRight(toFixedString('Hello', 10), 22));",
            "name": "02016_bit_shift_right_for_string_integer.sql"
        },
        {
            "query": "\nSELECT 23,toFixedString('Hello', 10), bin(bitShiftRight(toFixedString('Hello', 10), 23));",
            "name": "02016_bit_shift_right_for_string_integer.sql"
        },
        {
            "query": "\nSELECT 24,toFixedString('Hello', 10), bin(bitShiftRight(toFixedString('Hello', 10), 24));",
            "name": "02016_bit_shift_right_for_string_integer.sql"
        },
        {
            "query": "\nSELECT 25,toFixedString('Hello', 10), bin(bitShiftRight(toFixedString('Hello', 10), 25));",
            "name": "02016_bit_shift_right_for_string_integer.sql"
        },
        {
            "query": "\nSELECT 26,toFixedString('Hello', 10), bin(bitShiftRight(toFixedString('Hello', 10), 26));",
            "name": "02016_bit_shift_right_for_string_integer.sql"
        },
        {
            "query": "\nSELECT 27,toFixedString('Hello', 10), bin(bitShiftRight(toFixedString('Hello', 10), 27));",
            "name": "02016_bit_shift_right_for_string_integer.sql"
        },
        {
            "query": "\nSELECT 28,toFixedString('Hello', 10), bin(bitShiftRight(toFixedString('Hello', 10), 28));",
            "name": "02016_bit_shift_right_for_string_integer.sql"
        },
        {
            "query": "\nSELECT 29,toFixedString('Hello', 10), bin(bitShiftRight(toFixedString('Hello', 10), 29));",
            "name": "02016_bit_shift_right_for_string_integer.sql"
        },
        {
            "query": "\nSELECT 30,toFixedString('Hello', 10), bin(bitShiftRight(toFixedString('Hello', 10), 30));",
            "name": "02016_bit_shift_right_for_string_integer.sql"
        },
        {
            "query": "\nSELECT 31,toFixedString('Hello', 10), bin(bitShiftRight(toFixedString('Hello', 10), 31));",
            "name": "02016_bit_shift_right_for_string_integer.sql"
        },
        {
            "query": "\nSELECT 32,toFixedString('Hello', 10), bin(bitShiftRight(toFixedString('Hello', 10), 32));",
            "name": "02016_bit_shift_right_for_string_integer.sql"
        },
        {
            "query": "\nSELECT 33,toFixedString('Hello', 10), bin(bitShiftRight(toFixedString('Hello', 10), 33));",
            "name": "02016_bit_shift_right_for_string_integer.sql"
        },
        {
            "query": "\nSELECT 34,toFixedString('Hello', 10), bin(bitShiftRight(toFixedString('Hello', 10), 34));",
            "name": "02016_bit_shift_right_for_string_integer.sql"
        },
        {
            "query": "\nSELECT 35,toFixedString('Hello', 10), bin(bitShiftRight(toFixedString('Hello', 10), 35));",
            "name": "02016_bit_shift_right_for_string_integer.sql"
        },
        {
            "query": "\nSELECT 36,toFixedString('Hello', 10), bin(bitShiftRight(toFixedString('Hello', 10), 36));",
            "name": "02016_bit_shift_right_for_string_integer.sql"
        },
        {
            "query": "\nSELECT 37,toFixedString('Hello', 10), bin(bitShiftRight(toFixedString('Hello', 10), 37));",
            "name": "02016_bit_shift_right_for_string_integer.sql"
        },
        {
            "query": "\nSELECT 38,toFixedString('Hello', 10), bin(bitShiftRight(toFixedString('Hello', 10), 38));",
            "name": "02016_bit_shift_right_for_string_integer.sql"
        },
        {
            "query": "\nSELECT 39,toFixedString('Hello', 10), bin(bitShiftRight(toFixedString('Hello', 10), 39));",
            "name": "02016_bit_shift_right_for_string_integer.sql"
        },
        {
            "query": "\nSELECT 40,toFixedString('Hello', 10), bin(bitShiftRight(toFixedString('Hello', 10), 40));",
            "name": "02016_bit_shift_right_for_string_integer.sql"
        },
        {
            "query": "\nSELECT 41,toFixedString('Hello', 10), bin(bitShiftRight(toFixedString('Hello', 10), 41));",
            "name": "02016_bit_shift_right_for_string_integer.sql"
        },
        {
            "query": "\nSELECT 42,toFixedString('Hello', 10), bin(bitShiftRight(toFixedString('Hello', 10), 42));",
            "name": "02016_bit_shift_right_for_string_integer.sql"
        },
        {
            "query": "\nSELECT 77,toFixedString('Hello', 10), bin(bitShiftRight(toFixedString('Hello', 10), 77));",
            "name": "02016_bit_shift_right_for_string_integer.sql"
        },
        {
            "query": "\nSELECT 78,toFixedString('Hello', 10), bin(bitShiftRight(toFixedString('Hello', 10), 78));",
            "name": "02016_bit_shift_right_for_string_integer.sql"
        },
        {
            "query": "\nSELECT 79,toFixedString('Hello', 10), bin(bitShiftRight(toFixedString('Hello', 10), 79));",
            "name": "02016_bit_shift_right_for_string_integer.sql"
        },
        {
            "query": "\nSELECT 80,toFixedString('Hello', 10), bin(bitShiftRight(toFixedString('Hello', 10), 80));",
            "name": "02016_bit_shift_right_for_string_integer.sql"
        },
        {
            "query": "\nSELECT 81,toFixedString('Hello', 10), bin(bitShiftRight(toFixedString('Hello', 10), 81));",
            "name": "02016_bit_shift_right_for_string_integer.sql"
        },
        {
            "query": "\n\nDROP TABLE IF EXISTS test_bit_shift_right_string_integer;",
            "name": "02016_bit_shift_right_for_string_integer.sql"
        },
        {
            "query": "\n\nCREATE TABLE test_bit_shift_right_string_integer (str String, fixedStr FixedString(10), id Int64) engine=Log;",
            "name": "02016_bit_shift_right_for_string_integer.sql"
        },
        {
            "query": "\n\nINSERT INTO test_bit_shift_right_string_integer VALUES('Hello','Hello',-1)('Hello','Hello',0),('Hello','Hello',1),('Hello','Hello',7),('Hello','Hello',8),('Hello','Hello',9),('Hello','Hello',15),('Hello','Hello',16),('Hello','Hello',17),('Hello','Hello',23),('Hello','Hello',24),('Hello','Hello',25),('Hello','Hello',31),('Hello','Hello',32),('Hello','Hello',33),('Hello','Hello',39),('Hello','Hello',40),('Hello','Hello',41),('Hello','Hello',42),('Hel','Hel',7),('Hel','Hel',8),('Hel','Hel',9);",
            "name": "02016_bit_shift_right_for_string_integer.sql"
        },
        {
            "query": "\n\nSELECT bin(bitShiftRight('Hello', 42));",
            "name": "02016_bit_shift_right_for_string_integer.sql"
        },
        {
            "query": "  --A blank line\nSELECT 'String VectorVector';",
            "name": "02016_bit_shift_right_for_string_integer.sql"
        },
        {
            "query": "\nSELECT id as shift_right_bit,str as arg,bin(bitShiftRight(str, id)) as string_res FROM test_bit_shift_right_string_integer;",
            "name": "02016_bit_shift_right_for_string_integer.sql"
        },
        {
            "query": "\nSELECT id as shift_right_bit,str as arg,bin(bitShiftRight(str, id)) as string_res FROM test_bit_shift_right_string_integer WHERE (str='Hello' AND (id=23 OR id=24 OR id=25)) OR (str='Hel' AND (id=7 OR id=8 OR id=9));",
            "name": "02016_bit_shift_right_for_string_integer.sql"
        },
        {
            "query": "\n\nSELECT bin(bitShiftRight('Hello', 42));",
            "name": "02016_bit_shift_right_for_string_integer.sql"
        },
        {
            "query": "\nSELECT 'FixedString VectorVector';",
            "name": "02016_bit_shift_right_for_string_integer.sql"
        },
        {
            "query": "\nSELECT id as shift_right_bit,fixedStr as arg,bin(bitShiftRight(fixedStr, id)) as fixed_string_res FROM test_bit_shift_right_string_integer;",
            "name": "02016_bit_shift_right_for_string_integer.sql"
        },
        {
            "query": "\nSELECT id as shift_right_bit,fixedStr as arg,bin(bitShiftRight(fixedStr, id)) as fixed_string_res FROM test_bit_shift_right_string_integer WHERE (str='Hello' AND (id=23 OR id=24 OR id=25)) OR (str='Hel' AND (id=7 OR id=8 OR id=9));",
            "name": "02016_bit_shift_right_for_string_integer.sql"
        },
        {
            "query": "\n\nSELECT bin(bitShiftRight('Hello', 42));",
            "name": "02016_bit_shift_right_for_string_integer.sql"
        },
        {
            "query": "  --A blank line\nSELECT 'String VectorConst';",
            "name": "02016_bit_shift_right_for_string_integer.sql"
        },
        {
            "query": "\nSELECT 7 as shift_right_bit,str as arg,bin(bitShiftRight(str, 7)) as string_res FROM test_bit_shift_right_string_integer;",
            "name": "02016_bit_shift_right_for_string_integer.sql"
        },
        {
            "query": "\nSELECT 8 as shift_right_bit,str as arg,bin(bitShiftRight(str, 8)) as string_res FROM test_bit_shift_right_string_integer;",
            "name": "02016_bit_shift_right_for_string_integer.sql"
        },
        {
            "query": "\n\nSELECT bin(bitShiftRight('Hello', 42));",
            "name": "02016_bit_shift_right_for_string_integer.sql"
        },
        {
            "query": "  --A blank line\nSELECT 'FixedString VectorConst';",
            "name": "02016_bit_shift_right_for_string_integer.sql"
        },
        {
            "query": "\nSELECT 7 as shift_right_bit,fixedStr as arg,bin(bitShiftRight(fixedStr, 7)) as fixed_string_res FROM test_bit_shift_right_string_integer;",
            "name": "02016_bit_shift_right_for_string_integer.sql"
        },
        {
            "query": "\nSELECT 8 as shift_right_bit,fixedStr as arg,bin(bitShiftRight(fixedStr, 8)) as fixed_string_res FROM test_bit_shift_right_string_integer;",
            "name": "02016_bit_shift_right_for_string_integer.sql"
        },
        {
            "query": "\n\nSELECT bin(bitShiftRight('Hello', 42));",
            "name": "02016_bit_shift_right_for_string_integer.sql"
        },
        {
            "query": "  --A blank line\nSELECT 'String ConstVector';",
            "name": "02016_bit_shift_right_for_string_integer.sql"
        },
        {
            "query": "\nSELECT id as shift_right_bit,'Hello' as arg,bin(bitShiftRight('Hello', id)) as string_res FROM test_bit_shift_right_string_integer;",
            "name": "02016_bit_shift_right_for_string_integer.sql"
        },
        {
            "query": "\nSELECT id as shift_right_bit,'Hel' as arg,bin(bitShiftRight('Hel', id)) as string_res FROM test_bit_shift_right_string_integer;",
            "name": "02016_bit_shift_right_for_string_integer.sql"
        },
        {
            "query": "\n\nSELECT bin(bitShiftRight('Hello', 42));",
            "name": "02016_bit_shift_right_for_string_integer.sql"
        },
        {
            "query": "  --A blank line\nSELECT 'FixedString ConstVector';",
            "name": "02016_bit_shift_right_for_string_integer.sql"
        },
        {
            "query": "\nSELECT id as shift_right_bit,toFixedString('Hello', 10) as arg,bin(bitShiftRight(toFixedString('Hello', 10), id)) as fixed_string_res FROM test_bit_shift_right_string_integer;",
            "name": "02016_bit_shift_right_for_string_integer.sql"
        },
        {
            "query": "\nSELECT id as shift_right_bit,toFixedString('Hel', 10) as arg,bin(bitShiftRight(toFixedString('Hel', 10), id)) as fixed_string_res FROM test_bit_shift_right_string_integer;",
            "name": "02016_bit_shift_right_for_string_integer.sql"
        },
        {
            "query": "\n\nDROP TABLE IF EXISTS test_bit_shift_right_string_integer;",
            "name": "02016_bit_shift_right_for_string_integer.sql"
        }
    ]
}