{
    "name": "02469_fix_aliases_parser.sql",
    "tests": [
        {
            "query": "SELECT sum(number number number) FROM numbers(10);",
            "name": "02469_fix_aliases_parser.sql"
        },
        {
            "query": " -- { clientError 62 }\nSELECT sum(number number) FROM numbers(10);",
            "name": "02469_fix_aliases_parser.sql"
        },
        {
            "query": " -- { clientError 62 }\nSELECT sum(number AS number) FROM numbers(10);",
            "name": "02469_fix_aliases_parser.sql"
        },
        {
            "query": "\n\nSELECT [number number number] FROM numbers(1);",
            "name": "02469_fix_aliases_parser.sql"
        },
        {
            "query": " -- { clientError 62 }\nSELECT [number number] FROM numbers(1);",
            "name": "02469_fix_aliases_parser.sql"
        },
        {
            "query": " -- { clientError 62 }\nSELECT [number AS number] FROM numbers(1);",
            "name": "02469_fix_aliases_parser.sql"
        },
        {
            "query": "\n\nSELECT cast('1234' lhs lhs, 'UInt32'), lhs;",
            "name": "02469_fix_aliases_parser.sql"
        },
        {
            "query": " -- { clientError 62 };",
            "name": "02469_fix_aliases_parser.sql"
        }
    ]
}