{
    "name": "02406_minmax_behaviour.sql",
    "tests": [
        {
            "query": "-- { echoOn }\nSET compile_aggregate_expressions=0;",
            "name": "02406_minmax_behaviour.sql"
        },
        {
            "query": "\n\nWITH\n    arrayJoin([1, 2, 3, nan, 4, 5]) AS data,\n    arrayJoin([nan, 1, 2, 3, 4]) AS data2,\n    arrayJoin([1, 2, 3, 4, nan]) AS data3,\n    arrayJoin([nan, nan, nan]) AS data4,\n    arrayJoin([nan, 1, 2, 3, nan]) AS data5\nSELECT\n    min(data),\n    min(data2),\n    min(data3),\n    min(data4),\n    min(data5);",
            "name": "02406_minmax_behaviour.sql"
        },
        {
            "query": "\n\nWITH\n    arrayJoin([1, 2, 3, nan, 4, 5]) AS data,\n    arrayJoin([nan, 1, 2, 3, 4]) AS data2,\n    arrayJoin([1, 2, 3, 4, nan]) AS data3,\n    arrayJoin([nan, nan, nan]) AS data4,\n    arrayJoin([nan, 1, 2, 3, nan]) AS data5\nSELECT\n    max(data),\n    max(data2),\n    max(data3),\n    max(data4),\n    max(data5);",
            "name": "02406_minmax_behaviour.sql"
        },
        {
            "query": "\n\nSelect max(number) from numbers(100) settings max_threads=1, max_block_size=10;",
            "name": "02406_minmax_behaviour.sql"
        },
        {
            "query": "\nSelect max(-number) from numbers(100);",
            "name": "02406_minmax_behaviour.sql"
        },
        {
            "query": "\nSelect min(number) from numbers(100) settings max_threads=1, max_block_size=10;",
            "name": "02406_minmax_behaviour.sql"
        },
        {
            "query": "\nSelect min(-number) from numbers(100);",
            "name": "02406_minmax_behaviour.sql"
        },
        {
            "query": "\n\nSELECT minIf(number, rand() % 2 == 3) from numbers(10) settings max_threads=1, max_block_size=5;",
            "name": "02406_minmax_behaviour.sql"
        },
        {
            "query": "\nSELECT maxIf(number, rand() % 2 == 3) from numbers(10) settings max_threads=1, max_block_size=5;",
            "name": "02406_minmax_behaviour.sql"
        },
        {
            "query": "\n\nSELECT minIf(number::Float64, rand() % 2 == 3) from numbers(10) settings max_threads=1, max_block_size=5;",
            "name": "02406_minmax_behaviour.sql"
        },
        {
            "query": "\nSELECT maxIf(number::Float64, rand() % 2 == 3) from numbers(10) settings max_threads=1, max_block_size=5;",
            "name": "02406_minmax_behaviour.sql"
        },
        {
            "query": "\n\nSELECT minIf(number::String, number < 10) as number from numbers(10, 1000);",
            "name": "02406_minmax_behaviour.sql"
        },
        {
            "query": "\nSELECT maxIf(number::String, number < 10) as number from numbers(10, 1000);",
            "name": "02406_minmax_behaviour.sql"
        },
        {
            "query": "\nSELECT maxIf(number::String, number % 3), maxIf(number::String, number % 5), minIf(number::String, number % 3), minIf(number::String, number > 10) from numbers(400);",
            "name": "02406_minmax_behaviour.sql"
        },
        {
            "query": "\n\nSELECT minIf(number::Nullable(String), number < 10) as number from numbers(10, 1000);",
            "name": "02406_minmax_behaviour.sql"
        },
        {
            "query": "\nSELECT maxIf(number::Nullable(String), number < 10) as number from numbers(10, 1000);",
            "name": "02406_minmax_behaviour.sql"
        },
        {
            "query": "\n\nSELECT min(n::Nullable(String)) from (Select if(number < 15 and number % 2 == 1, number * 2, NULL) as n from numbers(10, 20));",
            "name": "02406_minmax_behaviour.sql"
        },
        {
            "query": "\nSELECT max(n::Nullable(String)) from (Select if(number < 15 and number % 2 == 1, number * 2, NULL) as n from numbers(10, 20));",
            "name": "02406_minmax_behaviour.sql"
        },
        {
            "query": "\n\nSELECT max(number) from (Select if(number % 2 == 1, NULL, -number::Int8) as number FROM numbers(128));",
            "name": "02406_minmax_behaviour.sql"
        },
        {
            "query": "\nSELECT min(number) from (Select if(number % 2 == 1, NULL, -number::Int8) as number FROM numbers(128));",
            "name": "02406_minmax_behaviour.sql"
        },
        {
            "query": "\n\nSELECT argMax(number, now()) FROM (Select number as number from numbers(10, 10000)) settings max_threads=1, max_block_size=100;",
            "name": "02406_minmax_behaviour.sql"
        },
        {
            "query": "\nSELECT argMax(number, now()) FROM (Select number as number from numbers(10, 10000)) settings max_threads=1, max_block_size=20000;",
            "name": "02406_minmax_behaviour.sql"
        },
        {
            "query": "\nSELECT argMax(number, 1) FROM (Select number as number from numbers(10, 10000)) settings max_threads=1, max_block_size=100;",
            "name": "02406_minmax_behaviour.sql"
        },
        {
            "query": "\nSELECT argMax(number, 1) FROM (Select number as number from numbers(10, 10000)) settings max_threads=1, max_block_size=20000;",
            "name": "02406_minmax_behaviour.sql"
        },
        {
            "query": "\nSELECT argMax(number::String, 1) FROM (Select number as number from numbers(10, 10000)) settings max_threads=1, max_block_size=100;",
            "name": "02406_minmax_behaviour.sql"
        },
        {
            "query": "\nSELECT argMax(number::String, 1) FROM (Select number as number from numbers(10, 10000)) settings max_threads=1, max_block_size=20000;",
            "name": "02406_minmax_behaviour.sql"
        },
        {
            "query": "\nSELECT argMax(number, now() + number) FROM (Select number as number from numbers(10, 10000)) settings max_threads=1, max_block_size=100;",
            "name": "02406_minmax_behaviour.sql"
        },
        {
            "query": "\nSELECT argMax(number, now() + number) FROM (Select number as number from numbers(10, 10000)) settings max_threads=1, max_block_size=20000;",
            "name": "02406_minmax_behaviour.sql"
        },
        {
            "query": "\nSELECT argMaxIf(number, now() + number, number % 10 < 20) FROM (Select number as number from numbers(10, 10000)) settings max_threads=1, max_block_size=100;",
            "name": "02406_minmax_behaviour.sql"
        },
        {
            "query": "\nSELECT argMaxIf(number, now() + number, number % 10 < 20) FROM (Select number as number from numbers(10, 10000)) settings max_threads=1, max_block_size=20000;",
            "name": "02406_minmax_behaviour.sql"
        },
        {
            "query": "\nSELECT argMaxIf(number, now() + number, number % 10 > 20) FROM (Select number as number from numbers(10, 10000)) settings max_threads=1, max_block_size=100;",
            "name": "02406_minmax_behaviour.sql"
        },
        {
            "query": "\nSELECT argMaxIf(number, now() + number, number % 10 > 20) FROM (Select number as number from numbers(10, 10000)) settings max_threads=1, max_block_size=20000;",
            "name": "02406_minmax_behaviour.sql"
        },
        {
            "query": "\nSELECT argMax(number, number::Float64) from numbers(2029);",
            "name": "02406_minmax_behaviour.sql"
        },
        {
            "query": "\nSELECT argMaxIf(number, number::Float64, number > 2030) from numbers(2029);",
            "name": "02406_minmax_behaviour.sql"
        },
        {
            "query": "\nSELECT argMaxIf(number, number::Float64, number > 2030) from numbers(2032);",
            "name": "02406_minmax_behaviour.sql"
        },
        {
            "query": "\nSELECT argMax(number, -number::Float64) from numbers(2029);",
            "name": "02406_minmax_behaviour.sql"
        },
        {
            "query": "\nSELECT argMaxIf(number, -number::Float64, number > 2030) from numbers(2029);",
            "name": "02406_minmax_behaviour.sql"
        },
        {
            "query": "\nSELECT argMaxIf(number, -number::Float64, number > 2030) from numbers(2032);",
            "name": "02406_minmax_behaviour.sql"
        },
        {
            "query": "\n\nSELECT argMin(number, now()) FROM (Select number as number from numbers(10, 10000)) settings max_threads=1, max_block_size=100;",
            "name": "02406_minmax_behaviour.sql"
        },
        {
            "query": "\nSELECT argMin(number, now()) FROM (Select number as number from numbers(10, 10000)) settings max_threads=1, max_block_size=20000;",
            "name": "02406_minmax_behaviour.sql"
        },
        {
            "query": "\nSELECT argMin(number, 1) FROM (Select number as number from numbers(10, 10000)) settings max_threads=1, max_block_size=100;",
            "name": "02406_minmax_behaviour.sql"
        },
        {
            "query": "\nSELECT argMin(number, 1) FROM (Select number as number from numbers(10, 10000)) settings max_threads=1, max_block_size=20000;",
            "name": "02406_minmax_behaviour.sql"
        },
        {
            "query": "\nSELECT argMin(number::String, 1) FROM (Select number as number from numbers(10, 10000)) settings max_threads=1, max_block_size=100;",
            "name": "02406_minmax_behaviour.sql"
        },
        {
            "query": "\nSELECT argMin(number::String, 1) FROM (Select number as number from numbers(10, 10000)) settings max_threads=1, max_block_size=20000;",
            "name": "02406_minmax_behaviour.sql"
        },
        {
            "query": "\nSELECT argMin(number, now() + number) FROM (Select number as number from numbers(10, 10000)) settings max_threads=1, max_block_size=100;",
            "name": "02406_minmax_behaviour.sql"
        },
        {
            "query": "\nSELECT argMin(number, now() + number) FROM (Select number as number from numbers(10, 10000)) settings max_threads=1, max_block_size=20000;",
            "name": "02406_minmax_behaviour.sql"
        },
        {
            "query": "\nSELECT argMinIf(number, now() + number, number % 10 < 20) FROM (Select number as number from numbers(10, 10000)) settings max_threads=1, max_block_size=100;",
            "name": "02406_minmax_behaviour.sql"
        },
        {
            "query": "\nSELECT argMinIf(number, now() + number, number % 10 < 20) FROM (Select number as number from numbers(10, 10000)) settings max_threads=1, max_block_size=20000;",
            "name": "02406_minmax_behaviour.sql"
        },
        {
            "query": "\nSELECT argMinIf(number, now() + number, number % 10 > 20) FROM (Select number as number from numbers(10, 10000)) settings max_threads=1, max_block_size=100;",
            "name": "02406_minmax_behaviour.sql"
        },
        {
            "query": "\nSELECT argMinIf(number, now() + number, number % 10 > 20) FROM (Select number as number from numbers(10, 10000)) settings max_threads=1, max_block_size=20000;",
            "name": "02406_minmax_behaviour.sql"
        },
        {
            "query": "\nSELECT argMin(number, number::Float64) from numbers(2029);",
            "name": "02406_minmax_behaviour.sql"
        },
        {
            "query": "\nSELECT argMinIf(number, number::Float64, number > 2030) from numbers(2029);",
            "name": "02406_minmax_behaviour.sql"
        },
        {
            "query": "\nSELECT argMinIf(number, number::Float64, number > 2030) from numbers(2032);",
            "name": "02406_minmax_behaviour.sql"
        },
        {
            "query": "\nSELECT argMin(number, -number::Float64) from numbers(2029);",
            "name": "02406_minmax_behaviour.sql"
        },
        {
            "query": "\nSELECT argMinIf(number, -number::Float64, number > 2030) from numbers(2029);",
            "name": "02406_minmax_behaviour.sql"
        },
        {
            "query": "\nSELECT argMinIf(number, -number::Float64, number > 2030) from numbers(2032);",
            "name": "02406_minmax_behaviour.sql"
        },
        {
            "query": "\n\nSelect argMax((n, n), n) t, toTypeName(t) FROM (Select if(number % 3 == 0, NULL, number) as n from numbers(10));",
            "name": "02406_minmax_behaviour.sql"
        },
        {
            "query": "\nSelect argMaxIf((n, n), n, n < 5) t, toTypeName(t) FROM (Select if(number % 3 == 0, NULL, number) as n from numbers(10));",
            "name": "02406_minmax_behaviour.sql"
        },
        {
            "query": "\nSelect argMaxIf((n, n), n, n > 5) t, toTypeName(t) FROM (Select if(number % 3 == 0, NULL, number) as n from numbers(10));",
            "name": "02406_minmax_behaviour.sql"
        },
        {
            "query": "\n\nSelect argMin((n, n), n) t, toTypeName(t) FROM (Select if(number % 3 == 0, NULL, number) as n from numbers(10));",
            "name": "02406_minmax_behaviour.sql"
        },
        {
            "query": "\nSelect argMinIf((n, n), n, n < 5) t, toTypeName(t) FROM (Select if(number % 3 == 0, NULL, number) as n from numbers(10));",
            "name": "02406_minmax_behaviour.sql"
        },
        {
            "query": "\nSelect argMinIf((n, n), n, n > 5) t, toTypeName(t) FROM (Select if(number % 3 == 0, NULL, number) as n from numbers(10));",
            "name": "02406_minmax_behaviour.sql"
        },
        {
            "query": "\n\nSET compile_aggregate_expressions=1;",
            "name": "02406_minmax_behaviour.sql"
        },
        {
            "query": "\nSET min_count_to_compile_aggregate_expression=0;",
            "name": "02406_minmax_behaviour.sql"
        },
        {
            "query": "\n\nWITH\n    arrayJoin([1, 2, 3, nan, 4, 5]) AS data,\n    arrayJoin([nan, 1, 2, 3, 4]) AS data2,\n    arrayJoin([1, 2, 3, 4, nan]) AS data3,\n    arrayJoin([nan, nan, nan]) AS data4,\n    arrayJoin([nan, 1, 2, 3, nan]) AS data5\nSELECT\n    min(data),\n    min(data2),\n    min(data3),\n    min(data4),\n    min(data5);",
            "name": "02406_minmax_behaviour.sql"
        },
        {
            "query": "\n\nWITH\n    arrayJoin([1, 2, 3, nan, 4, 5]) AS data,\n    arrayJoin([nan, 1, 2, 3, 4]) AS data2,\n    arrayJoin([1, 2, 3, 4, nan]) AS data3,\n    arrayJoin([nan, nan, nan]) AS data4,\n    arrayJoin([nan, 1, 2, 3, nan]) AS data5\nSELECT\n    max(data),\n    max(data2),\n    max(data3),\n    max(data4),\n    max(data5);",
            "name": "02406_minmax_behaviour.sql"
        },
        {
            "query": "\n\nSELECT minIf(number, rand() % 2 == 3) from numbers(10);",
            "name": "02406_minmax_behaviour.sql"
        },
        {
            "query": "\nSELECT maxIf(number, rand() % 2 == 3) from numbers(10);",
            "name": "02406_minmax_behaviour.sql"
        },
        {
            "query": "\n\nSELECT minIf(number::Float64, rand() % 2 == 3) from numbers(10);",
            "name": "02406_minmax_behaviour.sql"
        },
        {
            "query": "\nSELECT maxIf(number::Float64, rand() % 2 == 3) from numbers(10);",
            "name": "02406_minmax_behaviour.sql"
        },
        {
            "query": "\n\nSELECT minIf(number::String, number < 10) as number from numbers(10, 1000);",
            "name": "02406_minmax_behaviour.sql"
        },
        {
            "query": "\nSELECT maxIf(number::String, number < 10) as number from numbers(10, 1000);",
            "name": "02406_minmax_behaviour.sql"
        },
        {
            "query": "\nSELECT maxIf(number::String, number % 3), maxIf(number::String, number % 5), minIf(number::String, number % 3), minIf(number::String, number > 10) from numbers(400);",
            "name": "02406_minmax_behaviour.sql"
        },
        {
            "query": "\n\nSELECT minIf(number::Nullable(String), number < 10) as number from numbers(10, 1000);",
            "name": "02406_minmax_behaviour.sql"
        },
        {
            "query": "\nSELECT maxIf(number::Nullable(String), number < 10) as number from numbers(10, 1000);",
            "name": "02406_minmax_behaviour.sql"
        },
        {
            "query": "\n\nSELECT min(n::Nullable(String)) from (Select if(number < 15 and number % 2 == 1, number * 2, NULL) as n from numbers(10, 20));",
            "name": "02406_minmax_behaviour.sql"
        },
        {
            "query": "\nSELECT max(n::Nullable(String)) from (Select if(number < 15 and number % 2 == 1, number * 2, NULL) as n from numbers(10, 20));",
            "name": "02406_minmax_behaviour.sql"
        },
        {
            "query": "\n\nSELECT max(number::Nullable(Decimal64(3))) from numbers(11) settings max_block_size=10;",
            "name": "02406_minmax_behaviour.sql"
        },
        {
            "query": "\nSELECT min(-number::Nullable(Decimal64(3))) from numbers(11) settings max_block_size=10;",
            "name": "02406_minmax_behaviour.sql"
        }
    ]
}