{
    "name": "02455_extract_fixed_string_from_nested_json.sql",
    "tests": [
        {
            "query": "DROP TABLE IF EXISTS test_fixed_string_nested_json;",
            "name": "02455_extract_fixed_string_from_nested_json.sql"
        },
        {
            "query": "\nCREATE TABLE test_fixed_string_nested_json (data String) ENGINE MergeTree ORDER BY data;",
            "name": "02455_extract_fixed_string_from_nested_json.sql"
        },
        {
            "query": "\nINSERT INTO test_fixed_string_nested_json (data) VALUES ('{\"a\" : {\"b\" : {\"c\" : 1, \"d\" : \"str\"}}}');",
            "name": "02455_extract_fixed_string_from_nested_json.sql"
        },
        {
            "query": "\nSELECT JSONExtract(data, 'Tuple(a FixedString(24))') AS json FROM test_fixed_string_nested_json;",
            "name": "02455_extract_fixed_string_from_nested_json.sql"
        },
        {
            "query": "\nDROP TABLE test_fixed_string_nested_json;",
            "name": "02455_extract_fixed_string_from_nested_json.sql"
        }
    ]
}