{
    "name": "01280_min_map_max_map.sql",
    "tests": [
        {
            "query": "select minMap([toInt32(number % 10), number % 10 + 1], [number, 1]) as m, toTypeName(m) from numbers(1, 100);",
            "name": "01280_min_map_max_map.sql"
        },
        {
            "query": "\nselect minMap([1], [toInt32(number) - 50]) from numbers(1, 100);",
            "name": "01280_min_map_max_map.sql"
        },
        {
            "query": "\nselect minMap([cast(1, 'Decimal(10, 2)')], [cast(toInt32(number) - 50, 'Decimal(10, 2)')]) from numbers(1, 100);",
            "name": "01280_min_map_max_map.sql"
        },
        {
            "query": "\n\nselect maxMap([toInt32(number % 10), number % 10 + 1], [number, 1]) as m, toTypeName(m) from numbers(1, 100);",
            "name": "01280_min_map_max_map.sql"
        },
        {
            "query": "\nselect maxMap([1], [toInt32(number) - 50]) from numbers(1, 100);",
            "name": "01280_min_map_max_map.sql"
        },
        {
            "query": "\nselect maxMap([cast(1, 'Decimal(10, 2)')], [cast(toInt32(number) - 50, 'Decimal(10, 2)')]) from numbers(1, 100);",
            "name": "01280_min_map_max_map.sql"
        },
        {
            "query": "\n\n-- check different types for minMap\nselect minMap(val, cnt) from values ('val Array(UUID), cnt Array(UUID)',\n\t(['01234567-89ab-cdef-0123-456789abcdef'], ['01111111-89ab-cdef-0123-456789abcdef']),\n\t(['01234567-89ab-cdef-0123-456789abcdef'], ['02222222-89ab-cdef-0123-456789abcdef']));",
            "name": "01280_min_map_max_map.sql"
        },
        {
            "query": "\nselect minMap(val, cnt) from values ('val Array(String), cnt Array(String)',  (['1'], ['1']), (['1'], ['2']));",
            "name": "01280_min_map_max_map.sql"
        },
        {
            "query": "\nselect minMap(val, cnt) from values ('val Array(FixedString(1)), cnt Array(FixedString(1))',  (['1'], ['1']), (['1'], ['2']));",
            "name": "01280_min_map_max_map.sql"
        },
        {
            "query": "\nselect minMap(val, cnt) from values ('val Array(UInt64), cnt Array(UInt64)',  ([1], [1]), ([1], [2]));",
            "name": "01280_min_map_max_map.sql"
        },
        {
            "query": "\nselect minMap(val, cnt) from values ('val Array(Float64), cnt Array(Int8)',  ([1], [1]), ([1], [2]));",
            "name": "01280_min_map_max_map.sql"
        },
        {
            "query": "\nselect minMap(val, cnt) from values ('val Array(Date), cnt Array(Int16)',  ([1], [1]), ([1], [2]));",
            "name": "01280_min_map_max_map.sql"
        },
        {
            "query": "\nselect minMap(val, cnt) from values ('val Array(DateTime(\\'Asia/Istanbul\\')), cnt Array(Int32)',  ([1], [1]), ([1], [2]));",
            "name": "01280_min_map_max_map.sql"
        },
        {
            "query": "\nselect minMap(val, cnt) from values ('val Array(Decimal(10, 2)), cnt Array(Int16)',  (['1.01'], [1]), (['1.01'], [2]));",
            "name": "01280_min_map_max_map.sql"
        },
        {
            "query": "\nselect minMap(val, cnt) from values ('val Array(Enum16(\\'a\\'=1)), cnt Array(Int16)',  (['a'], [1]), (['a'], [2]));",
            "name": "01280_min_map_max_map.sql"
        },
        {
            "query": "\n\n-- check different types for maxMap\nselect maxMap(val, cnt) from values ('val Array(UUID), cnt Array(UUID)',\n\t(['01234567-89ab-cdef-0123-456789abcdef'], ['01111111-89ab-cdef-0123-456789abcdef']),\n\t(['01234567-89ab-cdef-0123-456789abcdef'], ['02222222-89ab-cdef-0123-456789abcdef']));",
            "name": "01280_min_map_max_map.sql"
        },
        {
            "query": "\nselect maxMap(val, cnt) from values ('val Array(String), cnt Array(String)',  (['1'], ['1']), (['1'], ['2']));",
            "name": "01280_min_map_max_map.sql"
        },
        {
            "query": "\nselect maxMap(val, cnt) from values ('val Array(FixedString(1)), cnt Array(FixedString(1))',  (['1'], ['1']), (['1'], ['2']));",
            "name": "01280_min_map_max_map.sql"
        },
        {
            "query": "\nselect maxMap(val, cnt) from values ('val Array(UInt64), cnt Array(UInt64)',  ([1], [1]), ([1], [2]));",
            "name": "01280_min_map_max_map.sql"
        },
        {
            "query": "\nselect maxMap(val, cnt) from values ('val Array(Float64), cnt Array(Int8)',  ([1], [1]), ([1], [2]));",
            "name": "01280_min_map_max_map.sql"
        },
        {
            "query": "\nselect maxMap(val, cnt) from values ('val Array(Date), cnt Array(Int16)',  ([1], [1]), ([1], [2]));",
            "name": "01280_min_map_max_map.sql"
        },
        {
            "query": "\nselect maxMap(val, cnt) from values ('val Array(DateTime(\\'Asia/Istanbul\\')), cnt Array(Int32)',  ([1], [1]), ([1], [2]));",
            "name": "01280_min_map_max_map.sql"
        },
        {
            "query": "\nselect maxMap(val, cnt) from values ('val Array(Decimal(10, 2)), cnt Array(Int16)',  (['1.01'], [1]), (['1.01'], [2]));",
            "name": "01280_min_map_max_map.sql"
        },
        {
            "query": "\nselect maxMap(val, cnt) from values ('val Array(Enum16(\\'a\\'=1)), cnt Array(Int16)',  (['a'], [1]), (['a'], [2]));",
            "name": "01280_min_map_max_map.sql"
        },
        {
            "query": "\n\n-- bugfix, minMap and maxMap should not remove values with zero and empty strings but this behavior should not affect sumMap\nselect minMap(val, cnt) from values ('val Array(UInt64), cnt Array(UInt64)',  ([1], [0]), ([2], [0]));",
            "name": "01280_min_map_max_map.sql"
        },
        {
            "query": "\nselect maxMap(val, cnt) from values ('val Array(UInt64), cnt Array(UInt64)',  ([1], [0]), ([2], [0]));",
            "name": "01280_min_map_max_map.sql"
        },
        {
            "query": "\nselect minMap(val, cnt) from values ('val Array(String), cnt Array(String)',  (['A'], ['']), (['B'], ['']));",
            "name": "01280_min_map_max_map.sql"
        },
        {
            "query": "\nselect maxMap(val, cnt) from values ('val Array(String), cnt Array(String)',  (['A'], ['']), (['B'], ['']));",
            "name": "01280_min_map_max_map.sql"
        },
        {
            "query": "\nselect sumMap(val, cnt) from values ('val Array(UInt64), cnt Array(UInt64)',  ([1], [0]), ([2], [0]));",
            "name": "01280_min_map_max_map.sql"
        },
        {
            "query": "\n\n-- check working with arrays and tuples as values\nselect minMap([1, 1, 1], [[1, 2], [1], [1, 2, 3]]);",
            "name": "01280_min_map_max_map.sql"
        },
        {
            "query": "\nselect maxMap([1, 1, 1], [[1, 2], [1], [1, 2, 3]]);",
            "name": "01280_min_map_max_map.sql"
        },
        {
            "query": "\nselect minMap([1, 1, 1], [(1, 2), (1, 1), (1, 3)]);",
            "name": "01280_min_map_max_map.sql"
        },
        {
            "query": "\nselect maxMap([1, 1, 1], [(1, 2), (1, 1), (1, 3)]);",
            "name": "01280_min_map_max_map.sql"
        }
    ]
}