{
    "name": "01754_direct_dictionary_complex_key.sql",
    "tests": [
        {
            "query": "-- Tags: no-parallel\n\nDROP DATABASE IF EXISTS 01754_dictionary_db;",
            "name": "01754_direct_dictionary_complex_key.sql"
        },
        {
            "query": "\nCREATE DATABASE 01754_dictionary_db;",
            "name": "01754_direct_dictionary_complex_key.sql"
        },
        {
            "query": "\n\nCREATE TABLE 01754_dictionary_db.complex_key_simple_attributes_source_table\n(\n   id UInt64,\n   id_key String,\n   value_first String,\n   value_second String\n)\nENGINE = TinyLog;",
            "name": "01754_direct_dictionary_complex_key.sql"
        },
        {
            "query": "\n\nINSERT INTO 01754_dictionary_db.complex_key_simple_attributes_source_table VALUES(0, 'id_key_0', 'value_0', 'value_second_0');",
            "name": "01754_direct_dictionary_complex_key.sql"
        },
        {
            "query": "\nINSERT INTO 01754_dictionary_db.complex_key_simple_attributes_source_table VALUES(1, 'id_key_1', 'value_1', 'value_second_1');",
            "name": "01754_direct_dictionary_complex_key.sql"
        },
        {
            "query": "\nINSERT INTO 01754_dictionary_db.complex_key_simple_attributes_source_table VALUES(2, 'id_key_2', 'value_2', 'value_second_2');",
            "name": "01754_direct_dictionary_complex_key.sql"
        },
        {
            "query": "\n\nCREATE DICTIONARY 01754_dictionary_db.direct_dictionary_complex_key_simple_attributes\n(\n   id UInt64,\n   id_key String DEFAULT 'test_default_id_key',\n   value_first String DEFAULT 'value_first_default',\n   value_second String DEFAULT 'value_second_default'\n)\nPRIMARY KEY id, id_key\nSOURCE(CLICKHOUSE(HOST 'localhost' PORT tcpPort() USER 'default' TABLE 'complex_key_simple_attributes_source_table'))\nLAYOUT(COMPLEX_KEY_DIRECT());",
            "name": "01754_direct_dictionary_complex_key.sql"
        },
        {
            "query": "\n\nSELECT 'Dictionary direct_dictionary_complex_key_simple_attributes';",
            "name": "01754_direct_dictionary_complex_key.sql"
        },
        {
            "query": "\nSELECT 'dictGet existing value';",
            "name": "01754_direct_dictionary_complex_key.sql"
        },
        {
            "query": "\nSELECT dictGet('01754_dictionary_db.direct_dictionary_complex_key_simple_attributes', 'value_first', (number, concat('id_key_', toString(number)))) as value_first,\n    dictGet('01754_dictionary_db.direct_dictionary_complex_key_simple_attributes', 'value_second', (number, concat('id_key_', toString(number)))) as value_second FROM system.numbers LIMIT 3;",
            "name": "01754_direct_dictionary_complex_key.sql"
        },
        {
            "query": "\nSELECT 'dictGet with non existing value';",
            "name": "01754_direct_dictionary_complex_key.sql"
        },
        {
            "query": "\nSELECT dictGet('01754_dictionary_db.direct_dictionary_complex_key_simple_attributes', 'value_first', (number, concat('id_key_', toString(number)))) as value_first,\n    dictGet('01754_dictionary_db.direct_dictionary_complex_key_simple_attributes', 'value_second', (number, concat('id_key_', toString(number)))) as value_second FROM system.numbers LIMIT 4;",
            "name": "01754_direct_dictionary_complex_key.sql"
        },
        {
            "query": "\nSELECT 'dictGetOrDefault existing value';",
            "name": "01754_direct_dictionary_complex_key.sql"
        },
        {
            "query": "\nSELECT dictGetOrDefault('01754_dictionary_db.direct_dictionary_complex_key_simple_attributes', 'value_first', (number, concat('id_key_', toString(number))), toString('default')) as value_first,\n    dictGetOrDefault('01754_dictionary_db.direct_dictionary_complex_key_simple_attributes', 'value_second', (number, concat('id_key_', toString(number))), toString('default')) as value_second FROM system.numbers LIMIT 3;",
            "name": "01754_direct_dictionary_complex_key.sql"
        },
        {
            "query": "\nSELECT 'dictGetOrDefault non existing value';",
            "name": "01754_direct_dictionary_complex_key.sql"
        },
        {
            "query": "\nSELECT dictGetOrDefault('01754_dictionary_db.direct_dictionary_complex_key_simple_attributes', 'value_first', (number, concat('id_key_', toString(number))), toString('default')) as value_first,\n    dictGetOrDefault('01754_dictionary_db.direct_dictionary_complex_key_simple_attributes', 'value_second', (number, concat('id_key_', toString(number))), toString('default')) as value_second FROM system.numbers LIMIT 4;",
            "name": "01754_direct_dictionary_complex_key.sql"
        },
        {
            "query": "\nSELECT 'dictHas';",
            "name": "01754_direct_dictionary_complex_key.sql"
        },
        {
            "query": "\nSELECT dictHas('01754_dictionary_db.direct_dictionary_complex_key_simple_attributes', (number, concat('id_key_', toString(number)))) FROM system.numbers LIMIT 4;",
            "name": "01754_direct_dictionary_complex_key.sql"
        },
        {
            "query": "\nSELECT 'select all values as input stream';",
            "name": "01754_direct_dictionary_complex_key.sql"
        },
        {
            "query": "\nSELECT * FROM 01754_dictionary_db.direct_dictionary_complex_key_simple_attributes;",
            "name": "01754_direct_dictionary_complex_key.sql"
        },
        {
            "query": "\n\nDROP DICTIONARY 01754_dictionary_db.direct_dictionary_complex_key_simple_attributes;",
            "name": "01754_direct_dictionary_complex_key.sql"
        },
        {
            "query": "\nDROP TABLE 01754_dictionary_db.complex_key_simple_attributes_source_table;",
            "name": "01754_direct_dictionary_complex_key.sql"
        },
        {
            "query": "\n\nCREATE TABLE 01754_dictionary_db.complex_key_complex_attributes_source_table\n(\n   id UInt64,\n   id_key String,\n   value_first String,\n   value_second Nullable(String)\n)\nENGINE = TinyLog;",
            "name": "01754_direct_dictionary_complex_key.sql"
        },
        {
            "query": "\n\nINSERT INTO 01754_dictionary_db.complex_key_complex_attributes_source_table VALUES(0, 'id_key_0', 'value_0', 'value_second_0');",
            "name": "01754_direct_dictionary_complex_key.sql"
        },
        {
            "query": "\nINSERT INTO 01754_dictionary_db.complex_key_complex_attributes_source_table VALUES(1, 'id_key_1', 'value_1', NULL);",
            "name": "01754_direct_dictionary_complex_key.sql"
        },
        {
            "query": "\nINSERT INTO 01754_dictionary_db.complex_key_complex_attributes_source_table VALUES(2, 'id_key_2', 'value_2', 'value_second_2');",
            "name": "01754_direct_dictionary_complex_key.sql"
        },
        {
            "query": "\n\nCREATE DICTIONARY 01754_dictionary_db.direct_dictionary_complex_key_complex_attributes\n(\n    id UInt64,\n    id_key String,\n\n    value_first String DEFAULT 'value_first_default',\n    value_second Nullable(String) DEFAULT 'value_second_default'\n)\nPRIMARY KEY id, id_key\nSOURCE(CLICKHOUSE(HOST 'localhost' PORT tcpPort() USER 'default' TABLE 'complex_key_complex_attributes_source_table'))\nLAYOUT(COMPLEX_KEY_DIRECT());",
            "name": "01754_direct_dictionary_complex_key.sql"
        },
        {
            "query": "\n\nSELECT 'Dictionary direct_dictionary_complex_key_complex_attributes';",
            "name": "01754_direct_dictionary_complex_key.sql"
        },
        {
            "query": "\nSELECT 'dictGet existing value';",
            "name": "01754_direct_dictionary_complex_key.sql"
        },
        {
            "query": "\nSELECT dictGet('01754_dictionary_db.direct_dictionary_complex_key_complex_attributes', 'value_first', (number, concat('id_key_', toString(number)))) as value_first,\n    dictGet('01754_dictionary_db.direct_dictionary_complex_key_complex_attributes', 'value_second', (number, concat('id_key_', toString(number)))) as value_second FROM system.numbers LIMIT 3;",
            "name": "01754_direct_dictionary_complex_key.sql"
        },
        {
            "query": "\nSELECT 'dictGet with non existing value';",
            "name": "01754_direct_dictionary_complex_key.sql"
        },
        {
            "query": "\nSELECT dictGet('01754_dictionary_db.direct_dictionary_complex_key_complex_attributes', 'value_first', (number, concat('id_key_', toString(number)))) as value_first,\n    dictGet('01754_dictionary_db.direct_dictionary_complex_key_complex_attributes', 'value_second', (number, concat('id_key_', toString(number)))) as value_second FROM system.numbers LIMIT 4;",
            "name": "01754_direct_dictionary_complex_key.sql"
        },
        {
            "query": "\nSELECT 'dictGetOrDefault existing value';",
            "name": "01754_direct_dictionary_complex_key.sql"
        },
        {
            "query": "\nSELECT dictGetOrDefault('01754_dictionary_db.direct_dictionary_complex_key_complex_attributes', 'value_first', (number, concat('id_key_', toString(number))), toString('default')) as value_first,\n    dictGetOrDefault('01754_dictionary_db.direct_dictionary_complex_key_complex_attributes', 'value_second', (number, concat('id_key_', toString(number))), toString('default')) as value_second FROM system.numbers LIMIT 3;",
            "name": "01754_direct_dictionary_complex_key.sql"
        },
        {
            "query": "\nSELECT 'dictGetOrDefault non existing value';",
            "name": "01754_direct_dictionary_complex_key.sql"
        },
        {
            "query": "\nSELECT dictGetOrDefault('01754_dictionary_db.direct_dictionary_complex_key_complex_attributes', 'value_first', (number, concat('id_key_', toString(number))), toString('default')) as value_first,\n    dictGetOrDefault('01754_dictionary_db.direct_dictionary_complex_key_complex_attributes', 'value_second', (number, concat('id_key_', toString(number))), toString('default')) as value_second FROM system.numbers LIMIT 4;",
            "name": "01754_direct_dictionary_complex_key.sql"
        },
        {
            "query": "\nSELECT 'dictHas';",
            "name": "01754_direct_dictionary_complex_key.sql"
        },
        {
            "query": "\nSELECT dictHas('01754_dictionary_db.direct_dictionary_complex_key_complex_attributes', (number, concat('id_key_', toString(number)))) FROM system.numbers LIMIT 4;",
            "name": "01754_direct_dictionary_complex_key.sql"
        },
        {
            "query": "\nSELECT 'select all values as input stream';",
            "name": "01754_direct_dictionary_complex_key.sql"
        },
        {
            "query": "\nSELECT * FROM 01754_dictionary_db.direct_dictionary_complex_key_complex_attributes;",
            "name": "01754_direct_dictionary_complex_key.sql"
        },
        {
            "query": "\n\nDROP DICTIONARY 01754_dictionary_db.direct_dictionary_complex_key_complex_attributes;",
            "name": "01754_direct_dictionary_complex_key.sql"
        },
        {
            "query": "\nDROP TABLE 01754_dictionary_db.complex_key_complex_attributes_source_table;",
            "name": "01754_direct_dictionary_complex_key.sql"
        },
        {
            "query": "\n\nDROP DATABASE 01754_dictionary_db;",
            "name": "01754_direct_dictionary_complex_key.sql"
        }
    ]
}