{
    "name": "02046_remote_table_function_named_collections.sql",
    "tests": [
        {
            "query": "-- Tags: shard, no-fasttest\n\nDROP TABLE IF EXISTS remote_test;",
            "name": "02046_remote_table_function_named_collections.sql"
        },
        {
            "query": "\nCREATE TABLE remote_test(a1 UInt8) ENGINE=Memory;",
            "name": "02046_remote_table_function_named_collections.sql"
        },
        {
            "query": "\nINSERT INTO FUNCTION remote(remote1, database=currentDatabase()) VALUES(1);",
            "name": "02046_remote_table_function_named_collections.sql"
        },
        {
            "query": "\nINSERT INTO FUNCTION remote(remote1, database=currentDatabase()) VALUES(2);",
            "name": "02046_remote_table_function_named_collections.sql"
        },
        {
            "query": "\nINSERT INTO FUNCTION remote(remote1, database=currentDatabase()) VALUES(3);",
            "name": "02046_remote_table_function_named_collections.sql"
        },
        {
            "query": "\nINSERT INTO FUNCTION remote(remote1, database=currentDatabase()) VALUES(4);",
            "name": "02046_remote_table_function_named_collections.sql"
        },
        {
            "query": "\nSELECT count() FROM remote(remote1, database=currentDatabase());",
            "name": "02046_remote_table_function_named_collections.sql"
        },
        {
            "query": "\nSELECT count() FROM remote(remote2, database=merge(currentDatabase(), '^remote_test'));",
            "name": "02046_remote_table_function_named_collections.sql"
        },
        {
            "query": "\nDROP TABLE remote_test;",
            "name": "02046_remote_table_function_named_collections.sql"
        }
    ]
}