{
    "name": "01056_negative_with_bloom_filter.sql",
    "tests": [
        {
            "query": "DROP TABLE IF EXISTS test;",
            "name": "01056_negative_with_bloom_filter.sql"
        },
        {
            "query": "\n\nCREATE TABLE test (`int8` Int8, `int16` Int16, `int32` Int32, `int64` Int64, INDEX idx (`int8`, `int16`, `int32`, `int64`) TYPE bloom_filter(0.01) GRANULARITY 8192 ) ENGINE = MergeTree() ORDER BY `int8`;",
            "name": "01056_negative_with_bloom_filter.sql"
        },
        {
            "query": "\n\nINSERT INTO test VALUES (-1, -1, -1, -1);",
            "name": "01056_negative_with_bloom_filter.sql"
        },
        {
            "query": "\n\nSELECT * FROM test WHERE `int8` = -1;",
            "name": "01056_negative_with_bloom_filter.sql"
        },
        {
            "query": "\nSELECT * FROM test WHERE `int16` = -1;",
            "name": "01056_negative_with_bloom_filter.sql"
        },
        {
            "query": "\nSELECT * FROM test WHERE `int32` = -1;",
            "name": "01056_negative_with_bloom_filter.sql"
        },
        {
            "query": "\nSELECT * FROM test WHERE `int64` = -1;",
            "name": "01056_negative_with_bloom_filter.sql"
        },
        {
            "query": "\n\nDROP TABLE IF EXISTS test;",
            "name": "01056_negative_with_bloom_filter.sql"
        }
    ]
}