{
    "name": "00620_optimize_on_nonleader_replica_zookeeper.sql",
    "tests": [
        {
            "query": "-- Tags: replica, no-replicated-database\n-- Tag no-replicated-database: Fails due to additional replicas or shards\n\n-- The test is mostly outdated as now every replica is leader and can do OPTIMIZE locally.\n\nDROP TABLE IF EXISTS rename1;",
            "name": "00620_optimize_on_nonleader_replica_zookeeper.sql"
        },
        {
            "query": "\nDROP TABLE IF EXISTS rename2;",
            "name": "00620_optimize_on_nonleader_replica_zookeeper.sql"
        },
        {
            "query": "\nDROP TABLE IF EXISTS rename3;",
            "name": "00620_optimize_on_nonleader_replica_zookeeper.sql"
        },
        {
            "query": "\nCREATE TABLE rename1 (p Int64, i Int64, v UInt64) ENGINE = ReplicatedReplacingMergeTree('/clickhouse/tables/{database}/rename', '1', v) PARTITION BY p ORDER BY i;",
            "name": "00620_optimize_on_nonleader_replica_zookeeper.sql"
        },
        {
            "query": "\nCREATE TABLE rename2 (p Int64, i Int64, v UInt64) ENGINE = ReplicatedReplacingMergeTree('/clickhouse/tables/{database}/rename', '2', v) PARTITION BY p ORDER BY i;",
            "name": "00620_optimize_on_nonleader_replica_zookeeper.sql"
        },
        {
            "query": "\n\nINSERT INTO rename1 VALUES (0, 1, 0);",
            "name": "00620_optimize_on_nonleader_replica_zookeeper.sql"
        },
        {
            "query": "\nINSERT INTO rename1 VALUES (0, 1, 1);",
            "name": "00620_optimize_on_nonleader_replica_zookeeper.sql"
        },
        {
            "query": "\n\nSYSTEM SYNC REPLICA rename1 PULL;",
            "name": "00620_optimize_on_nonleader_replica_zookeeper.sql"
        },
        {
            "query": " -- Avoid \"Cannot select parts for optimization: Entry for part 0_1_1_0 hasn't been read from the replication log yet\"\nSYSTEM SYNC REPLICA rename2;",
            "name": "00620_optimize_on_nonleader_replica_zookeeper.sql"
        },
        {
            "query": "\nOPTIMIZE TABLE rename1 FINAL;",
            "name": "00620_optimize_on_nonleader_replica_zookeeper.sql"
        },
        {
            "query": "\nOPTIMIZE TABLE rename2 FINAL;",
            "name": "00620_optimize_on_nonleader_replica_zookeeper.sql"
        },
        {
            "query": "\nSELECT * FROM rename1;",
            "name": "00620_optimize_on_nonleader_replica_zookeeper.sql"
        },
        {
            "query": "\n\nRENAME TABLE rename2 TO rename3;",
            "name": "00620_optimize_on_nonleader_replica_zookeeper.sql"
        },
        {
            "query": "\n\nINSERT INTO rename1 VALUES (0, 1, 2);",
            "name": "00620_optimize_on_nonleader_replica_zookeeper.sql"
        },
        {
            "query": "\nSYSTEM SYNC REPLICA rename3;",
            "name": "00620_optimize_on_nonleader_replica_zookeeper.sql"
        },
        {
            "query": " -- Make \"rename3\" to see all data parts.\nOPTIMIZE TABLE rename3;",
            "name": "00620_optimize_on_nonleader_replica_zookeeper.sql"
        },
        {
            "query": "\nSYSTEM SYNC REPLICA rename1;",
            "name": "00620_optimize_on_nonleader_replica_zookeeper.sql"
        },
        {
            "query": " -- Make \"rename1\" to see and process all scheduled merges.\nSELECT * FROM rename1;",
            "name": "00620_optimize_on_nonleader_replica_zookeeper.sql"
        },
        {
            "query": "\n\nDROP TABLE IF EXISTS rename1;",
            "name": "00620_optimize_on_nonleader_replica_zookeeper.sql"
        },
        {
            "query": "\nDROP TABLE IF EXISTS rename2;",
            "name": "00620_optimize_on_nonleader_replica_zookeeper.sql"
        },
        {
            "query": "\nDROP TABLE IF EXISTS rename3;",
            "name": "00620_optimize_on_nonleader_replica_zookeeper.sql"
        }
    ]
}