{
    "name": "02481_analyzer_optimize_grouping_sets_keys.sql",
    "tests": [
        {
            "query": "set allow_experimental_analyzer = 1;",
            "name": "02481_analyzer_optimize_grouping_sets_keys.sql"
        },
        {
            "query": "\nset optimize_syntax_fuse_functions = 0;",
            "name": "02481_analyzer_optimize_grouping_sets_keys.sql"
        },
        {
            "query": "\n\nEXPLAIN QUERY TREE run_passes=1\nSELECT avg(log(2) * number) AS k FROM numbers(10000000)\nGROUP BY GROUPING SETS (((number % 2) * (number % 3)), number % 3, number % 2)\nHAVING avg(log(2) * number) > 3465735.3\nORDER BY k;",
            "name": "02481_analyzer_optimize_grouping_sets_keys.sql"
        },
        {
            "query": "\n\nEXPLAIN QUERY TREE run_passes=1\nSELECT avg(log(2) * number) AS k FROM numbers(10000000)\nGROUP BY GROUPING SETS (((number % 2) * (number % 3), number % 3, number % 2), (number % 4))\nHAVING avg(log(2) * number) > 3465735.3\nORDER BY k;",
            "name": "02481_analyzer_optimize_grouping_sets_keys.sql"
        },
        {
            "query": "\n\nEXPLAIN QUERY TREE run_passes=1\nSELECT avg(log(2) * number) AS k FROM numbers(10000000)\nGROUP BY GROUPING SETS (((number % 2) * (number % 3), number % 3), (number % 2))\nHAVING avg(log(2) * number) > 3465735.3\nORDER BY k;",
            "name": "02481_analyzer_optimize_grouping_sets_keys.sql"
        },
        {
            "query": "\n\nEXPLAIN QUERY TREE run_passes=1\nSELECT count() FROM numbers(1000)\nGROUP BY GROUPING SETS\n    (\n        (number, number + 1, number +2),\n        (number % 2, number % 3),\n        (number / 2, number / 3)\n    );",
            "name": "02481_analyzer_optimize_grouping_sets_keys.sql"
        }
    ]
}