{
    "name": "02286_vertical_merges_missed_column.sql",
    "tests": [
        {
            "query": "DROP TABLE IF EXISTS t_vertical_merges;",
            "name": "02286_vertical_merges_missed_column.sql"
        },
        {
            "query": "\n\nCREATE TABLE t_vertical_merges\n(\n  a   Nullable(String),\n  b   Int8\n)\nENGINE = MergeTree\nORDER BY tuple()\nsettings\n    vertical_merge_algorithm_min_columns_to_activate=1,\n    vertical_merge_algorithm_min_rows_to_activate=1,\n    min_bytes_for_wide_part=0;",
            "name": "02286_vertical_merges_missed_column.sql"
        },
        {
            "query": "\n\nINSERT INTO t_vertical_merges SELECT NULL, 1;",
            "name": "02286_vertical_merges_missed_column.sql"
        },
        {
            "query": "\nALTER TABLE t_vertical_merges ADD COLUMN c String;",
            "name": "02286_vertical_merges_missed_column.sql"
        },
        {
            "query": "\nOPTIMIZE TABLE t_vertical_merges FINAL;",
            "name": "02286_vertical_merges_missed_column.sql"
        },
        {
            "query": "\nSELECT a, b, c FROM t_vertical_merges;",
            "name": "02286_vertical_merges_missed_column.sql"
        },
        {
            "query": "\n\nDROP TABLE IF EXISTS t_vertical_merges;",
            "name": "02286_vertical_merges_missed_column.sql"
        },
        {
            "query": "\n\nCREATE TABLE t_vertical_merges\n(\n  a   Array(Int16),\n  b   Int8\n)\nENGINE = MergeTree\nORDER BY tuple()\nsettings\n    vertical_merge_algorithm_min_columns_to_activate=1,\n    vertical_merge_algorithm_min_rows_to_activate=1,\n    min_bytes_for_wide_part=0;",
            "name": "02286_vertical_merges_missed_column.sql"
        },
        {
            "query": "\n\nINSERT INTO t_vertical_merges SELECT [], 1;",
            "name": "02286_vertical_merges_missed_column.sql"
        },
        {
            "query": "\nALTER TABLE t_vertical_merges CLEAR COLUMN b;",
            "name": "02286_vertical_merges_missed_column.sql"
        },
        {
            "query": "\nOPTIMIZE TABLE t_vertical_merges FINAL;",
            "name": "02286_vertical_merges_missed_column.sql"
        },
        {
            "query": "\nSELECT a, b FROM t_vertical_merges;",
            "name": "02286_vertical_merges_missed_column.sql"
        },
        {
            "query": "\n\nDROP TABLE IF EXISTS t_vertical_merges;",
            "name": "02286_vertical_merges_missed_column.sql"
        }
    ]
}