{
    "name": "02302_defaults_in_columnar_formats.sql",
    "tests": [
        {
            "query": "-- Tags: no-fasttest, no-parallel\n\ninsert into function file(data_02302.parquet) select 1 as x settings engine_file_truncate_on_insert=1;",
            "name": "02302_defaults_in_columnar_formats.sql"
        },
        {
            "query": "\nselect * from file(data_02302.parquet, auto, 'x UInt8, y default 42, z default x + y') settings input_format_parquet_allow_missing_columns=1;",
            "name": "02302_defaults_in_columnar_formats.sql"
        },
        {
            "query": "\ninsert into function file(data_02302.orc) select 1 as x settings engine_file_truncate_on_insert=1;",
            "name": "02302_defaults_in_columnar_formats.sql"
        },
        {
            "query": " \nselect * from file(data_02302.orc, auto, 'x UInt8, y default 42, z default x + y') settings input_format_orc_allow_missing_columns=1;",
            "name": "02302_defaults_in_columnar_formats.sql"
        },
        {
            "query": "\ninsert into function file(data_02302.arrow) select 1 as x settings engine_file_truncate_on_insert=1;",
            "name": "02302_defaults_in_columnar_formats.sql"
        },
        {
            "query": " \nselect * from file(data_02302.arrow, auto, 'x UInt8, y default 42, z default x + y') settings input_format_arrow_allow_missing_columns=1;",
            "name": "02302_defaults_in_columnar_formats.sql"
        }
    ]
}