{
    "name": "02114_bool_type.sql",
    "tests": [
        {
            "query": "DROP TABLE IF EXISTS bool_test;",
            "name": "02114_bool_type.sql"
        },
        {
            "query": "\n\nCREATE TABLE bool_test (value Bool,f String) ENGINE = Memory;",
            "name": "02114_bool_type.sql"
        },
        {
            "query": "\n\n-- value column shoud have type 'Bool'\nSHOW CREATE TABLE bool_test;",
            "name": "02114_bool_type.sql"
        },
        {
            "query": "\n\nINSERT INTO bool_test (value,f) VALUES (false, 'test'), (true , 'test'), (0, 'test'), (1, 'test'), (FALSE, 'test'), (TRUE, 'test');",
            "name": "02114_bool_type.sql"
        },
        {
            "query": "\nINSERT INTO bool_test (value,f) FORMAT JSONEachRow {\"value\":false,\"f\":\"test\"}{\"value\":true,\"f\":\"test\"}{\"value\":0,\"f\":\"test\"}{\"value\":1,\"f\":\"test\"}\n\nSELECT value,f FROM bool_test;",
            "name": "02114_bool_type.sql"
        },
        {
            "query": "\nSELECT value,f FROM bool_test FORMAT JSONEachRow;",
            "name": "02114_bool_type.sql"
        },
        {
            "query": "\nSELECT toUInt64(value),f FROM bool_test;",
            "name": "02114_bool_type.sql"
        },
        {
            "query": "\nSELECT value,f FROM bool_test where value > 0;",
            "name": "02114_bool_type.sql"
        },
        {
            "query": "\n\nset bool_true_representation='True';",
            "name": "02114_bool_type.sql"
        },
        {
            "query": "\nset bool_false_representation='False';",
            "name": "02114_bool_type.sql"
        },
        {
            "query": "\nINSERT INTO bool_test (value,f) FORMAT CSV True,test\nINSERT INTO bool_test (value,f) FORMAT TSV False\ttest\nSELECT value,f FROM bool_test order by value FORMAT CSV;",
            "name": "02114_bool_type.sql"
        },
        {
            "query": "\nSELECT value,f FROM bool_test order by value FORMAT TSV;",
            "name": "02114_bool_type.sql"
        },
        {
            "query": "\n\nset bool_true_representation='Yes';",
            "name": "02114_bool_type.sql"
        },
        {
            "query": "\nset bool_false_representation='No';",
            "name": "02114_bool_type.sql"
        },
        {
            "query": "\nINSERT INTO bool_test (value,f) FORMAT CSV Yes,test\nINSERT INTO bool_test (value,f) FORMAT TSV No\ttest\nSELECT value,f FROM bool_test order by value FORMAT CSV;",
            "name": "02114_bool_type.sql"
        },
        {
            "query": "\nSELECT value,f FROM bool_test order by value FORMAT TSV;",
            "name": "02114_bool_type.sql"
        },
        {
            "query": "\n\nset bool_true_representation='On';",
            "name": "02114_bool_type.sql"
        },
        {
            "query": "\nset bool_false_representation='Off';",
            "name": "02114_bool_type.sql"
        },
        {
            "query": "\nINSERT INTO bool_test (value,f) FORMAT CSV On,test\nINSERT INTO bool_test (value,f) FORMAT TSV Off\ttest\nSELECT value,f FROM bool_test order by value FORMAT CSV;",
            "name": "02114_bool_type.sql"
        },
        {
            "query": "\nSELECT value,f FROM bool_test order by value FORMAT TSV;",
            "name": "02114_bool_type.sql"
        },
        {
            "query": "\n\nDROP TABLE IF EXISTS bool_test;",
            "name": "02114_bool_type.sql"
        }
    ]
}