{
    "name": "01410_nullable_key_and_index.sql",
    "tests": [
        {
            "query": "DROP TABLE IF EXISTS nullable_key;",
            "name": "01410_nullable_key_and_index.sql"
        },
        {
            "query": "\nDROP TABLE IF EXISTS nullable_key_without_final_mark;",
            "name": "01410_nullable_key_and_index.sql"
        },
        {
            "query": "\nDROP TABLE IF EXISTS nullable_minmax_index;",
            "name": "01410_nullable_key_and_index.sql"
        },
        {
            "query": "\n\nSET max_threads = 1;",
            "name": "01410_nullable_key_and_index.sql"
        },
        {
            "query": "\nSET optimize_read_in_order=0;",
            "name": "01410_nullable_key_and_index.sql"
        },
        {
            "query": "\n\nCREATE TABLE nullable_key (k Nullable(int), v int) ENGINE MergeTree ORDER BY k SETTINGS allow_nullable_key = 1, index_granularity = 1;",
            "name": "01410_nullable_key_and_index.sql"
        },
        {
            "query": "\n\nINSERT INTO nullable_key SELECT number * 2, number * 3 FROM numbers(10);",
            "name": "01410_nullable_key_and_index.sql"
        },
        {
            "query": "\nINSERT INTO nullable_key SELECT NULL, -number FROM numbers(3);",
            "name": "01410_nullable_key_and_index.sql"
        },
        {
            "query": "\n\nSELECT * FROM nullable_key ORDER BY k, v;",
            "name": "01410_nullable_key_and_index.sql"
        },
        {
            "query": "\n\nSET force_primary_key = 1;",
            "name": "01410_nullable_key_and_index.sql"
        },
        {
            "query": "\nSET max_rows_to_read = 3;",
            "name": "01410_nullable_key_and_index.sql"
        },
        {
            "query": "\nSELECT * FROM nullable_key WHERE k IS NULL;",
            "name": "01410_nullable_key_and_index.sql"
        },
        {
            "query": "\nSET max_rows_to_read = 10;",
            "name": "01410_nullable_key_and_index.sql"
        },
        {
            "query": "\nSELECT * FROM nullable_key WHERE k IS NOT NULL;",
            "name": "01410_nullable_key_and_index.sql"
        },
        {
            "query": "\nSET max_rows_to_read = 5;",
            "name": "01410_nullable_key_and_index.sql"
        },
        {
            "query": "\nSELECT * FROM nullable_key WHERE k > 10;",
            "name": "01410_nullable_key_and_index.sql"
        },
        {
            "query": "\nSELECT * FROM nullable_key WHERE k < 10;",
            "name": "01410_nullable_key_and_index.sql"
        },
        {
            "query": "\n\nOPTIMIZE TABLE nullable_key FINAL;",
            "name": "01410_nullable_key_and_index.sql"
        },
        {
            "query": "\n\nSET max_rows_to_read = 4;",
            "name": "01410_nullable_key_and_index.sql"
        },
        {
            "query": " -- one additional left mark needs to be read\nSELECT * FROM nullable_key WHERE k IS NULL;",
            "name": "01410_nullable_key_and_index.sql"
        },
        {
            "query": "\nSET max_rows_to_read = 10;",
            "name": "01410_nullable_key_and_index.sql"
        },
        {
            "query": "\nSELECT * FROM nullable_key WHERE k IS NOT NULL;",
            "name": "01410_nullable_key_and_index.sql"
        },
        {
            "query": "\n\n-- Nullable in set and with transform_null_in = 1\nSET max_rows_to_read = 3;",
            "name": "01410_nullable_key_and_index.sql"
        },
        {
            "query": "\nSELECT * FROM nullable_key WHERE k IN (10, 20) SETTINGS transform_null_in = 1;",
            "name": "01410_nullable_key_and_index.sql"
        },
        {
            "query": "\nSET max_rows_to_read = 5;",
            "name": "01410_nullable_key_and_index.sql"
        },
        {
            "query": "\nSELECT * FROM nullable_key WHERE k IN (3, NULL) SETTINGS transform_null_in = 1;",
            "name": "01410_nullable_key_and_index.sql"
        },
        {
            "query": "\n\nCREATE TABLE nullable_key_without_final_mark (s Nullable(String)) ENGINE MergeTree ORDER BY s SETTINGS allow_nullable_key = 1, write_final_mark = 0;",
            "name": "01410_nullable_key_and_index.sql"
        },
        {
            "query": "\nINSERT INTO nullable_key_without_final_mark VALUES ('123'), (NULL);",
            "name": "01410_nullable_key_and_index.sql"
        },
        {
            "query": "\nSET max_rows_to_read = 0;",
            "name": "01410_nullable_key_and_index.sql"
        },
        {
            "query": "\nSELECT * FROM nullable_key_without_final_mark WHERE s IS NULL;",
            "name": "01410_nullable_key_and_index.sql"
        },
        {
            "query": "\nSELECT * FROM nullable_key_without_final_mark WHERE s IS NOT NULL;",
            "name": "01410_nullable_key_and_index.sql"
        },
        {
            "query": "\n\nCREATE TABLE nullable_minmax_index (k int, v Nullable(int), INDEX v_minmax v TYPE minmax GRANULARITY 4) ENGINE MergeTree ORDER BY k SETTINGS index_granularity = 1;",
            "name": "01410_nullable_key_and_index.sql"
        },
        {
            "query": "\n\nINSERT INTO nullable_minmax_index VALUES (1, 3), (2, 7), (3, 4), (2, NULL);",
            "name": "01410_nullable_key_and_index.sql"
        },
        {
            "query": " -- [3, +Inf]\nINSERT INTO nullable_minmax_index VALUES (1, 1), (2, 2), (3, 2), (2, 1);",
            "name": "01410_nullable_key_and_index.sql"
        },
        {
            "query": " -- [1, 2]\nINSERT INTO nullable_minmax_index VALUES (2, NULL), (3, NULL);",
            "name": "01410_nullable_key_and_index.sql"
        },
        {
            "query": " -- [+Inf, +Inf]\n\nSET force_primary_key = 0;",
            "name": "01410_nullable_key_and_index.sql"
        },
        {
            "query": "\nSELECT * FROM nullable_minmax_index ORDER BY k, v;",
            "name": "01410_nullable_key_and_index.sql"
        },
        {
            "query": "\nSET max_rows_to_read = 6;",
            "name": "01410_nullable_key_and_index.sql"
        },
        {
            "query": "\nSELECT * FROM nullable_minmax_index WHERE v IS NULL;",
            "name": "01410_nullable_key_and_index.sql"
        },
        {
            "query": "\nSET max_rows_to_read = 8;",
            "name": "01410_nullable_key_and_index.sql"
        },
        {
            "query": "\nSELECT * FROM nullable_minmax_index WHERE v IS NOT NULL;",
            "name": "01410_nullable_key_and_index.sql"
        },
        {
            "query": "\nSET max_rows_to_read = 6;",
            "name": "01410_nullable_key_and_index.sql"
        },
        {
            "query": "\nSELECT * FROM nullable_minmax_index WHERE v > 2;",
            "name": "01410_nullable_key_and_index.sql"
        },
        {
            "query": "\nSET max_rows_to_read = 4;",
            "name": "01410_nullable_key_and_index.sql"
        },
        {
            "query": "\nSELECT * FROM nullable_minmax_index WHERE v <= 2;",
            "name": "01410_nullable_key_and_index.sql"
        },
        {
            "query": "\n\nDROP TABLE nullable_key;",
            "name": "01410_nullable_key_and_index.sql"
        },
        {
            "query": "\nDROP TABLE nullable_key_without_final_mark;",
            "name": "01410_nullable_key_and_index.sql"
        },
        {
            "query": "\nDROP TABLE nullable_minmax_index;",
            "name": "01410_nullable_key_and_index.sql"
        },
        {
            "query": "\n\nDROP TABLE IF EXISTS xxxx_null;",
            "name": "01410_nullable_key_and_index.sql"
        },
        {
            "query": "\nCREATE TABLE xxxx_null (`ts` Nullable(DateTime)) ENGINE = MergeTree ORDER BY toStartOfHour(ts) SETTINGS allow_nullable_key = 1;",
            "name": "01410_nullable_key_and_index.sql"
        },
        {
            "query": "\nINSERT INTO xxxx_null SELECT '2021-11-11 00:00:00';",
            "name": "01410_nullable_key_and_index.sql"
        },
        {
            "query": "\nSELECT * FROM xxxx_null WHERE ts > '2021-10-11 00:00:00';",
            "name": "01410_nullable_key_and_index.sql"
        },
        {
            "query": "\nDROP TABLE xxxx_null;",
            "name": "01410_nullable_key_and_index.sql"
        },
        {
            "query": "\n\n-- nullable keys are forbidden when `allow_nullable_key = 0`\nCREATE TABLE invalid_null (id Nullable(String)) ENGINE = MergeTree ORDER BY id;",
            "name": "01410_nullable_key_and_index.sql"
        },
        {
            "query": " -- { serverError 44 }\nCREATE TABLE invalid_lc_null (id LowCardinality(Nullable(String))) ENGINE = MergeTree ORDER BY id;",
            "name": "01410_nullable_key_and_index.sql"
        },
        {
            "query": " -- { serverError 44 }\nCREATE TABLE invalid_array_null (id Array(Nullable(String))) ENGINE = MergeTree ORDER BY id;",
            "name": "01410_nullable_key_and_index.sql"
        },
        {
            "query": " -- { serverError 44 }\nCREATE TABLE invalid_tuple_null (id Tuple(Nullable(String), UInt8)) ENGINE = MergeTree ORDER BY id;",
            "name": "01410_nullable_key_and_index.sql"
        },
        {
            "query": " -- { serverError 44 }\nCREATE TABLE invalid_map_null (id Map(UInt8, Nullable(String))) ENGINE = MergeTree ORDER BY id;",
            "name": "01410_nullable_key_and_index.sql"
        },
        {
            "query": " -- { serverError 44 }\nCREATE TABLE invalid_simple_agg_state_null (id SimpleAggregateFunction(sum, Nullable(UInt64))) ENGINE = MergeTree ORDER BY id;",
            "name": "01410_nullable_key_and_index.sql"
        },
        {
            "query": " -- { serverError DATA_TYPE_CANNOT_BE_USED_IN_KEY }\n-- AggregateFunctions are not comparable and cannot be used in key expressions. No need to test it.\n;",
            "name": "01410_nullable_key_and_index.sql"
        }
    ]
}