{
    "name": "02723_jit_aggregation_bug_48120.sql",
    "tests": [
        {
            "query": "-- Tags: no-fasttest, no-msan\n\ndrop table if exists dummy;",
            "name": "02723_jit_aggregation_bug_48120.sql"
        },
        {
            "query": "\nCREATE TABLE dummy ( num1 Int32, num2 Enum8('foo' = 0, 'bar' = 1, 'tar' = 2) )\nENGINE = MergeTree ORDER BY num1 as select 5, 'bar';",
            "name": "02723_jit_aggregation_bug_48120.sql"
        },
        {
            "query": "\n\nset compile_aggregate_expressions=1;",
            "name": "02723_jit_aggregation_bug_48120.sql"
        },
        {
            "query": "\nset min_count_to_compile_aggregate_expression=0;",
            "name": "02723_jit_aggregation_bug_48120.sql"
        },
        {
            "query": "\n\n-- { echoOn }\nSYSTEM DROP COMPILED EXPRESSION CACHE;",
            "name": "02723_jit_aggregation_bug_48120.sql"
        },
        {
            "query": "\nSELECT minIf(num1, num1 < 5) FROM dummy GROUP BY num2;",
            "name": "02723_jit_aggregation_bug_48120.sql"
        },
        {
            "query": "\nSYSTEM DROP COMPILED EXPRESSION CACHE;",
            "name": "02723_jit_aggregation_bug_48120.sql"
        },
        {
            "query": "\nSELECT minIf(num1, num1 >= 5) FROM dummy GROUP BY num2;",
            "name": "02723_jit_aggregation_bug_48120.sql"
        },
        {
            "query": "\n-- { echoOff }\n\ndrop table dummy;",
            "name": "02723_jit_aggregation_bug_48120.sql"
        }
    ]
}