{
    "name": "01917_distinct_on.sql",
    "tests": [
        {
            "query": "DROP TABLE IF EXISTS t1;",
            "name": "01917_distinct_on.sql"
        },
        {
            "query": "\n\nCREATE TABLE t1 (`a` UInt32, `b` UInt32, `c` UInt32 ) ENGINE = Memory;",
            "name": "01917_distinct_on.sql"
        },
        {
            "query": "\nINSERT INTO t1 VALUES (1, 1, 1), (1, 1, 2), (2, 2, 2), (1, 2, 2);",
            "name": "01917_distinct_on.sql"
        },
        {
            "query": "\n\nSELECT DISTINCT ON (a, b) a, b, c FROM t1;",
            "name": "01917_distinct_on.sql"
        },
        {
            "query": "\nSELECT DISTINCT ON (a, b) * FROM t1;",
            "name": "01917_distinct_on.sql"
        },
        {
            "query": "\nSELECT DISTINCT ON (a) * FROM t1;",
            "name": "01917_distinct_on.sql"
        },
        {
            "query": "\n\n-- fuzzer will fail, enable when fixed\n-- SELECT DISTINCT ON (a, b) a, b, c FROM t1 LIMIT 1 BY a, b;",
            "name": "01917_distinct_on.sql"
        },
        {
            "query": " -- { clientError 62 }\n\n-- SELECT DISTINCT ON a, b a, b FROM t1;",
            "name": "01917_distinct_on.sql"
        },
        {
            "query": " -- { clientError 62 }\n-- SELECT DISTINCT ON a a, b FROM t1;",
            "name": "01917_distinct_on.sql"
        },
        {
            "query": " -- { clientError 62 }\n\n-- \"Code: 47. DB::Exception: Missing columns: 'DISTINCT'\" - error can be better\n-- SELECT DISTINCT ON (a, b) DISTINCT a, b FROM t1;",
            "name": "01917_distinct_on.sql"
        },
        {
            "query": " -- { serverError 47 }\n-- SELECT DISTINCT DISTINCT ON (a, b) a, b FROM t1;",
            "name": "01917_distinct_on.sql"
        },
        {
            "query": " -- { clientError 62 }\n\n-- SELECT ALL DISTINCT ON (a, b) a, b FROM t1;",
            "name": "01917_distinct_on.sql"
        },
        {
            "query": " -- { clientError 62 }\n-- SELECT DISTINCT ON (a, b) ALL a, b FROM t1;",
            "name": "01917_distinct_on.sql"
        },
        {
            "query": " -- { clientError 62 }\n\nDROP TABLE IF EXISTS t1;",
            "name": "01917_distinct_on.sql"
        }
    ]
}