{
    "name": "01281_sum_nullable.sql",
    "tests": [
        {
            "query": "SELECT sumKahan(toFloat64(number)) FROM numbers(10);",
            "name": "01281_sum_nullable.sql"
        },
        {
            "query": "\nSELECT sumKahan(toNullable(toFloat64(number))) FROM numbers(10);",
            "name": "01281_sum_nullable.sql"
        },
        {
            "query": "\nSELECT sum(toNullable(number)) FROM numbers(10);",
            "name": "01281_sum_nullable.sql"
        },
        {
            "query": "\nSELECT sum(x) FROM (SELECT 1 AS x UNION ALL SELECT NULL);",
            "name": "01281_sum_nullable.sql"
        },
        {
            "query": "\nSELECT sum(number) FROM numbers(10);",
            "name": "01281_sum_nullable.sql"
        },
        {
            "query": "\nSELECT sum(number < 1000 ? NULL : number) FROM numbers(10);",
            "name": "01281_sum_nullable.sql"
        }
    ]
}