{
    "name": "03056_analyzer_double_subquery_alias.sql",
    "tests": [
        {
            "query": "-- https://github.com/ClickHouse/ClickHouse/issues/22627\nSET allow_experimental_analyzer=1;",
            "name": "03056_analyzer_double_subquery_alias.sql"
        },
        {
            "query": "\nWITH\n    x AS\n    (\n        SELECT 1 AS a\n    ),\n    xx AS\n    (\n        SELECT *\n        FROM x\n        , x AS x1\n        , x AS x2\n    )\nSELECT *\nFROM xx\nWHERE a = 1;",
            "name": "03056_analyzer_double_subquery_alias.sql"
        }
    ]
}