{
    "name": "00688_case_without_else.sql",
    "tests": [
        {
            "query": "DROP TABLE IF EXISTS test_00688;",
            "name": "00688_case_without_else.sql"
        },
        {
            "query": "\n\nCREATE TABLE test_00688 (a UInt8) ENGINE = Memory;",
            "name": "00688_case_without_else.sql"
        },
        {
            "query": "\n\nINSERT INTO test_00688 VALUES (1), (2), (1), (3);",
            "name": "00688_case_without_else.sql"
        },
        {
            "query": "\n\nSELECT CASE WHEN a=1 THEN 0 END FROM test_00688;",
            "name": "00688_case_without_else.sql"
        },
        {
            "query": "\n\nDROP TABLE test_00688;",
            "name": "00688_case_without_else.sql"
        }
    ]
}