{
    "name": "00836_indices_alter_replicated_zookeeper_long.sql",
    "tests": [
        {
            "query": "-- Tags: long, replica\n\nDROP TABLE IF EXISTS minmax_idx;",
            "name": "00836_indices_alter_replicated_zookeeper_long.sql"
        },
        {
            "query": "\nDROP TABLE IF EXISTS minmax_idx_r;",
            "name": "00836_indices_alter_replicated_zookeeper_long.sql"
        },
        {
            "query": "\nDROP TABLE IF EXISTS minmax_idx2;",
            "name": "00836_indices_alter_replicated_zookeeper_long.sql"
        },
        {
            "query": "\nDROP TABLE IF EXISTS minmax_idx2_r;",
            "name": "00836_indices_alter_replicated_zookeeper_long.sql"
        },
        {
            "query": "\n\nSET replication_alter_partitions_sync = 2;",
            "name": "00836_indices_alter_replicated_zookeeper_long.sql"
        },
        {
            "query": "\n\nCREATE TABLE minmax_idx\n(\n    u64 UInt64,\n    i32 Int32\n) ENGINE = ReplicatedMergeTree('/clickhouse/tables/{database}/test_00836/indices_alter1', 'r1')\nORDER BY u64;",
            "name": "00836_indices_alter_replicated_zookeeper_long.sql"
        },
        {
            "query": "\n\nCREATE TABLE minmax_idx_r\n(\n    u64 UInt64,\n    i32 Int32\n) ENGINE = ReplicatedMergeTree('/clickhouse/tables/{database}/test_00836/indices_alter1', 'r2')\nORDER BY u64;",
            "name": "00836_indices_alter_replicated_zookeeper_long.sql"
        },
        {
            "query": "\n\nINSERT INTO minmax_idx VALUES (1, 2);",
            "name": "00836_indices_alter_replicated_zookeeper_long.sql"
        },
        {
            "query": "\n\nSYSTEM SYNC REPLICA minmax_idx_r;",
            "name": "00836_indices_alter_replicated_zookeeper_long.sql"
        },
        {
            "query": "\n\nALTER TABLE minmax_idx ADD INDEX idx1 u64 * i32 TYPE minmax GRANULARITY 10;",
            "name": "00836_indices_alter_replicated_zookeeper_long.sql"
        },
        {
            "query": "\nALTER TABLE minmax_idx_r ADD INDEX idx2 u64 + i32 TYPE minmax GRANULARITY 10;",
            "name": "00836_indices_alter_replicated_zookeeper_long.sql"
        },
        {
            "query": "\nALTER TABLE minmax_idx ADD INDEX idx3 u64 - i32 TYPE minmax GRANULARITY 10 AFTER idx1;",
            "name": "00836_indices_alter_replicated_zookeeper_long.sql"
        },
        {
            "query": "\n\nSHOW CREATE TABLE minmax_idx;",
            "name": "00836_indices_alter_replicated_zookeeper_long.sql"
        },
        {
            "query": "\nSHOW CREATE TABLE minmax_idx_r;",
            "name": "00836_indices_alter_replicated_zookeeper_long.sql"
        },
        {
            "query": "\n\nSELECT * FROM minmax_idx WHERE u64 * i32 = 2 ORDER BY (u64, i32);",
            "name": "00836_indices_alter_replicated_zookeeper_long.sql"
        },
        {
            "query": "\nSELECT * FROM minmax_idx_r WHERE u64 * i32 = 2 ORDER BY (u64, i32);",
            "name": "00836_indices_alter_replicated_zookeeper_long.sql"
        },
        {
            "query": "\n\nINSERT INTO minmax_idx VALUES (1, 4);",
            "name": "00836_indices_alter_replicated_zookeeper_long.sql"
        },
        {
            "query": "\nINSERT INTO minmax_idx_r VALUES (3, 2);",
            "name": "00836_indices_alter_replicated_zookeeper_long.sql"
        },
        {
            "query": "\nINSERT INTO minmax_idx VALUES (1, 5);",
            "name": "00836_indices_alter_replicated_zookeeper_long.sql"
        },
        {
            "query": "\nINSERT INTO minmax_idx_r VALUES (65, 75);",
            "name": "00836_indices_alter_replicated_zookeeper_long.sql"
        },
        {
            "query": "\nINSERT INTO minmax_idx VALUES (19, 9);",
            "name": "00836_indices_alter_replicated_zookeeper_long.sql"
        },
        {
            "query": "\n\nSYSTEM SYNC REPLICA minmax_idx;",
            "name": "00836_indices_alter_replicated_zookeeper_long.sql"
        },
        {
            "query": "\nSYSTEM SYNC REPLICA minmax_idx_r;",
            "name": "00836_indices_alter_replicated_zookeeper_long.sql"
        },
        {
            "query": "\n\nSELECT * FROM minmax_idx WHERE u64 * i32 > 1 ORDER BY (u64, i32);",
            "name": "00836_indices_alter_replicated_zookeeper_long.sql"
        },
        {
            "query": "\nSELECT * FROM minmax_idx_r WHERE u64 * i32 > 1 ORDER BY (u64, i32);",
            "name": "00836_indices_alter_replicated_zookeeper_long.sql"
        },
        {
            "query": "\n\nALTER TABLE minmax_idx DROP INDEX idx1;",
            "name": "00836_indices_alter_replicated_zookeeper_long.sql"
        },
        {
            "query": "\n\nSHOW CREATE TABLE minmax_idx;",
            "name": "00836_indices_alter_replicated_zookeeper_long.sql"
        },
        {
            "query": "\nSHOW CREATE TABLE minmax_idx_r;",
            "name": "00836_indices_alter_replicated_zookeeper_long.sql"
        },
        {
            "query": "\n\nSELECT * FROM minmax_idx WHERE u64 * i32 > 1 ORDER BY (u64, i32);",
            "name": "00836_indices_alter_replicated_zookeeper_long.sql"
        },
        {
            "query": "\nSELECT * FROM minmax_idx_r WHERE u64 * i32 > 1 ORDER BY (u64, i32);",
            "name": "00836_indices_alter_replicated_zookeeper_long.sql"
        },
        {
            "query": "\n\nALTER TABLE minmax_idx DROP INDEX idx2;",
            "name": "00836_indices_alter_replicated_zookeeper_long.sql"
        },
        {
            "query": "\nALTER TABLE minmax_idx_r DROP INDEX idx3;",
            "name": "00836_indices_alter_replicated_zookeeper_long.sql"
        },
        {
            "query": "\n\nSHOW CREATE TABLE minmax_idx;",
            "name": "00836_indices_alter_replicated_zookeeper_long.sql"
        },
        {
            "query": "\nSHOW CREATE TABLE minmax_idx_r;",
            "name": "00836_indices_alter_replicated_zookeeper_long.sql"
        },
        {
            "query": "\n\nALTER TABLE minmax_idx ADD INDEX idx1 u64 * i32 TYPE minmax GRANULARITY 10;",
            "name": "00836_indices_alter_replicated_zookeeper_long.sql"
        },
        {
            "query": "\n\nSHOW CREATE TABLE minmax_idx;",
            "name": "00836_indices_alter_replicated_zookeeper_long.sql"
        },
        {
            "query": "\nSHOW CREATE TABLE minmax_idx_r;",
            "name": "00836_indices_alter_replicated_zookeeper_long.sql"
        },
        {
            "query": "\n\nSELECT * FROM minmax_idx WHERE u64 * i32 > 1 ORDER BY (u64, i32);",
            "name": "00836_indices_alter_replicated_zookeeper_long.sql"
        },
        {
            "query": "\nSELECT * FROM minmax_idx_r WHERE u64 * i32 > 1 ORDER BY (u64, i32);",
            "name": "00836_indices_alter_replicated_zookeeper_long.sql"
        },
        {
            "query": "\n\n\nCREATE TABLE minmax_idx2\n(\n    u64 UInt64,\n    i32 Int32,\n    INDEX idx1 u64 + i32 TYPE minmax GRANULARITY 10,\n    INDEX idx2 u64 * i32 TYPE minmax GRANULARITY 10\n) ENGINE = ReplicatedMergeTree('/clickhouse/tables/{database}/test_00836/indices_alter2', 'r1')\nORDER BY u64;",
            "name": "00836_indices_alter_replicated_zookeeper_long.sql"
        },
        {
            "query": "\n\nCREATE TABLE minmax_idx2_r\n(\n    u64 UInt64,\n    i32 Int32,\n    INDEX idx1 u64 + i32 TYPE minmax GRANULARITY 10,\n    INDEX idx2 u64 * i32 TYPE minmax GRANULARITY 10\n) ENGINE = ReplicatedMergeTree('/clickhouse/tables/{database}/test_00836/indices_alter2', 'r2')\nORDER BY u64;",
            "name": "00836_indices_alter_replicated_zookeeper_long.sql"
        },
        {
            "query": "\n\n\nSHOW CREATE TABLE minmax_idx2;",
            "name": "00836_indices_alter_replicated_zookeeper_long.sql"
        },
        {
            "query": "\nSHOW CREATE TABLE minmax_idx2_r;",
            "name": "00836_indices_alter_replicated_zookeeper_long.sql"
        },
        {
            "query": "\n\nINSERT INTO minmax_idx2 VALUES (1, 2);",
            "name": "00836_indices_alter_replicated_zookeeper_long.sql"
        },
        {
            "query": "\nINSERT INTO minmax_idx2_r VALUES (1, 3);",
            "name": "00836_indices_alter_replicated_zookeeper_long.sql"
        },
        {
            "query": "\n\nSYSTEM SYNC REPLICA minmax_idx2;",
            "name": "00836_indices_alter_replicated_zookeeper_long.sql"
        },
        {
            "query": "\nSYSTEM SYNC REPLICA minmax_idx2_r;",
            "name": "00836_indices_alter_replicated_zookeeper_long.sql"
        },
        {
            "query": "\n\nSELECT * FROM minmax_idx2 WHERE u64 * i32 >= 2 ORDER BY (u64, i32);",
            "name": "00836_indices_alter_replicated_zookeeper_long.sql"
        },
        {
            "query": "\nSELECT * FROM minmax_idx2_r WHERE u64 * i32 >= 2 ORDER BY (u64, i32);",
            "name": "00836_indices_alter_replicated_zookeeper_long.sql"
        },
        {
            "query": "\n\nALTER TABLE minmax_idx2_r DROP INDEX idx1, DROP INDEX idx2;",
            "name": "00836_indices_alter_replicated_zookeeper_long.sql"
        },
        {
            "query": "\n\nSHOW CREATE TABLE minmax_idx2;",
            "name": "00836_indices_alter_replicated_zookeeper_long.sql"
        },
        {
            "query": "\nSHOW CREATE TABLE minmax_idx2_r;",
            "name": "00836_indices_alter_replicated_zookeeper_long.sql"
        },
        {
            "query": "\n\nSELECT * FROM minmax_idx2 WHERE u64 * i32 >= 2 ORDER BY (u64, i32);",
            "name": "00836_indices_alter_replicated_zookeeper_long.sql"
        },
        {
            "query": "\nSELECT * FROM minmax_idx2_r WHERE u64 * i32 >= 2 ORDER BY (u64, i32);",
            "name": "00836_indices_alter_replicated_zookeeper_long.sql"
        },
        {
            "query": "\n\nDROP TABLE minmax_idx;",
            "name": "00836_indices_alter_replicated_zookeeper_long.sql"
        },
        {
            "query": "\nDROP TABLE minmax_idx_r;",
            "name": "00836_indices_alter_replicated_zookeeper_long.sql"
        },
        {
            "query": "\nDROP TABLE minmax_idx2;",
            "name": "00836_indices_alter_replicated_zookeeper_long.sql"
        },
        {
            "query": "\nDROP TABLE minmax_idx2_r;",
            "name": "00836_indices_alter_replicated_zookeeper_long.sql"
        }
    ]
}