{
    "name": "02474_analyzer_subqueries_table_expression_modifiers.sql",
    "tests": [
        {
            "query": "SET allow_experimental_analyzer = 1;",
            "name": "02474_analyzer_subqueries_table_expression_modifiers.sql"
        },
        {
            "query": "\n\nSELECT * FROM (SELECT 1) FINAL;",
            "name": "02474_analyzer_subqueries_table_expression_modifiers.sql"
        },
        {
            "query": " -- { serverError 1 }\nSELECT * FROM (SELECT 1) SAMPLE 1/2;",
            "name": "02474_analyzer_subqueries_table_expression_modifiers.sql"
        },
        {
            "query": " -- { serverError 1 }\nSELECT * FROM (SELECT 1) FINAL SAMPLE 1/2;",
            "name": "02474_analyzer_subqueries_table_expression_modifiers.sql"
        },
        {
            "query": " -- { serverError 1 }\n\nWITH cte_subquery AS (SELECT 1) SELECT * FROM cte_subquery FINAL;",
            "name": "02474_analyzer_subqueries_table_expression_modifiers.sql"
        },
        {
            "query": " -- { serverError 1 }\nWITH cte_subquery AS (SELECT 1) SELECT * FROM cte_subquery SAMPLE 1/2;",
            "name": "02474_analyzer_subqueries_table_expression_modifiers.sql"
        },
        {
            "query": " -- { serverError 1 }\nWITH cte_subquery AS (SELECT 1) SELECT * FROM cte_subquery FINAL SAMPLE 1/2;",
            "name": "02474_analyzer_subqueries_table_expression_modifiers.sql"
        },
        {
            "query": " -- { serverError 1 }\n\nSELECT * FROM (SELECT 1 UNION ALL SELECT 1) FINAL;",
            "name": "02474_analyzer_subqueries_table_expression_modifiers.sql"
        },
        {
            "query": " -- { serverError 1 }\nSELECT * FROM (SELECT 1 UNION ALL SELECT 1) SAMPLE 1/2;",
            "name": "02474_analyzer_subqueries_table_expression_modifiers.sql"
        },
        {
            "query": " -- { serverError 1 }\nSELECT * FROM (SELECT 1 UNION ALL SELECT 1) FINAL SAMPLE 1/2;",
            "name": "02474_analyzer_subqueries_table_expression_modifiers.sql"
        },
        {
            "query": " -- { serverError 1 }\n\nWITH cte_subquery AS (SELECT 1 UNION ALL SELECT 1) SELECT * FROM cte_subquery FINAL;",
            "name": "02474_analyzer_subqueries_table_expression_modifiers.sql"
        },
        {
            "query": " -- { serverError 1 }\nWITH cte_subquery AS (SELECT 1 UNION ALL SELECT 1) SELECT * FROM cte_subquery SAMPLE 1/2;",
            "name": "02474_analyzer_subqueries_table_expression_modifiers.sql"
        },
        {
            "query": " -- { serverError 1 }\nWITH cte_subquery AS (SELECT 1 UNION ALL SELECT 1) SELECT * FROM cte_subquery FINAL SAMPLE 1/2;",
            "name": "02474_analyzer_subqueries_table_expression_modifiers.sql"
        },
        {
            "query": " -- { serverError 1 }\n;",
            "name": "02474_analyzer_subqueries_table_expression_modifiers.sql"
        }
    ]
}