{
    "name": "00917_least_sqr.sql",
    "tests": [
        {
            "query": "select arrayReduce('simpleLinearRegression', [1, 2, 3, 4], [100, 110, 120, 130]);",
            "name": "00917_least_sqr.sql"
        },
        {
            "query": "\nselect arrayReduce('simpleLinearRegression', [1, 2, 3, 4], [100, 110, 120, 131]);",
            "name": "00917_least_sqr.sql"
        },
        {
            "query": "\nselect arrayReduce('simpleLinearRegression', [-1, -2, -3, -4], [-100, -110, -120, -130]);",
            "name": "00917_least_sqr.sql"
        },
        {
            "query": "\nselect arrayReduce('simpleLinearRegression', [5, 5.1], [6, 6.1]);",
            "name": "00917_least_sqr.sql"
        },
        {
            "query": "\nselect arrayReduce('simpleLinearRegression', [0], [0]);",
            "name": "00917_least_sqr.sql"
        },
        {
            "query": "\nselect arrayReduce('simpleLinearRegression', [3, 4], [3, 3]);",
            "name": "00917_least_sqr.sql"
        },
        {
            "query": "\nselect arrayReduce('simpleLinearRegression', [3, 3], [3, 4]);",
            "name": "00917_least_sqr.sql"
        },
        {
            "query": "\nselect arrayReduce('simpleLinearRegression', emptyArrayUInt8(), emptyArrayUInt8());",
            "name": "00917_least_sqr.sql"
        },
        {
            "query": "\nselect arrayReduce('simpleLinearRegression', [1, 2, 3, 4], [1000000000, 1100000000, 1200000000, 1300000000]);",
            "name": "00917_least_sqr.sql"
        }
    ]
}