{
    "name": "00834_limit_with_constant_expressions.sql",
    "tests": [
        {
            "query": "SELECT number FROM numbers(10) LIMIT 0 + 1;",
            "name": "00834_limit_with_constant_expressions.sql"
        },
        {
            "query": "\nSELECT number FROM numbers(10) LIMIT 1 - 1;",
            "name": "00834_limit_with_constant_expressions.sql"
        },
        {
            "query": "\nSELECT number FROM numbers(10) LIMIT 2 - 1;",
            "name": "00834_limit_with_constant_expressions.sql"
        },
        {
            "query": "\nSELECT number FROM numbers(10) LIMIT 0 - 1;",
            "name": "00834_limit_with_constant_expressions.sql"
        },
        {
            "query": " -- { serverError 440 }\nSELECT number FROM numbers(10) LIMIT 1.0;",
            "name": "00834_limit_with_constant_expressions.sql"
        },
        {
            "query": "\nSELECT number FROM numbers(10) LIMIT 1.5;",
            "name": "00834_limit_with_constant_expressions.sql"
        },
        {
            "query": " -- { serverError 440 }\nSELECT number FROM numbers(10) LIMIT '1';",
            "name": "00834_limit_with_constant_expressions.sql"
        },
        {
            "query": " -- { serverError 440 }\nSELECT number FROM numbers(10) LIMIT now();",
            "name": "00834_limit_with_constant_expressions.sql"
        },
        {
            "query": " -- { serverError 440 }\nSELECT number FROM numbers(10) LIMIT today();",
            "name": "00834_limit_with_constant_expressions.sql"
        },
        {
            "query": " -- { serverError 440 }\nSELECT number FROM numbers(10) LIMIT toUInt8('1');",
            "name": "00834_limit_with_constant_expressions.sql"
        },
        {
            "query": "\nSELECT number FROM numbers(10) LIMIT toFloat32('1');",
            "name": "00834_limit_with_constant_expressions.sql"
        },
        {
            "query": "\nSELECT number FROM numbers(10) LIMIT rand();",
            "name": "00834_limit_with_constant_expressions.sql"
        },
        {
            "query": " -- { serverError 36, 440 }\n\nSELECT count() <= 1 FROM (SELECT number FROM numbers(10) LIMIT randConstant() % 2);",
            "name": "00834_limit_with_constant_expressions.sql"
        },
        {
            "query": "\n\nSELECT number FROM numbers(10) LIMIT 0 + 1 BY number;",
            "name": "00834_limit_with_constant_expressions.sql"
        },
        {
            "query": "\nSELECT number FROM numbers(10) LIMIT 0 BY number;",
            "name": "00834_limit_with_constant_expressions.sql"
        },
        {
            "query": "\n\nSELECT TOP 5 * FROM numbers(10);",
            "name": "00834_limit_with_constant_expressions.sql"
        },
        {
            "query": "\n\nSELECT * FROM numbers(10) LIMIT 0.33 / 0.165 - 0.33 + 0.67;",
            "name": "00834_limit_with_constant_expressions.sql"
        },
        {
            "query": " -- { serverError 440 }\nSELECT * FROM numbers(10) LIMIT LENGTH('NNN') + COS(0), toDate('0000-00-02');",
            "name": "00834_limit_with_constant_expressions.sql"
        },
        {
            "query": " -- { serverError 440 }\nSELECT * FROM numbers(10) LIMIT LENGTH('NNN') + COS(0), toDate('0000-00-02');",
            "name": "00834_limit_with_constant_expressions.sql"
        },
        {
            "query": " -- { serverError 440 }\nSELECT * FROM numbers(10) LIMIT a + 5 - a;",
            "name": "00834_limit_with_constant_expressions.sql"
        },
        {
            "query": " -- { serverError 47 }\nSELECT * FROM numbers(10) LIMIT a + b;",
            "name": "00834_limit_with_constant_expressions.sql"
        },
        {
            "query": " -- { serverError 47 }\nSELECT * FROM numbers(10) LIMIT 'Hello';",
            "name": "00834_limit_with_constant_expressions.sql"
        },
        {
            "query": " -- { serverError 440 }\n\nSELECT number from numbers(10) order by number limit (select sum(number), count() from numbers(3)).1;",
            "name": "00834_limit_with_constant_expressions.sql"
        }
    ]
}