{
    "name": "00105_shard_collations.sql",
    "tests": [
        {
            "query": "-- Tags: shard, no-fasttest\n\nSELECT '\u0420\u0443\u0441\u0441\u043a\u0438\u0439 (default)';",
            "name": "00105_shard_collations.sql"
        },
        {
            "query": "\nSELECT arrayJoin(['\u0430', '\u044f', '\u0451', '\u0410', '\u042f', '\u0401']) AS x ORDER BY x;",
            "name": "00105_shard_collations.sql"
        },
        {
            "query": "\n\nSELECT '\u0420\u0443\u0441\u0441\u043a\u0438\u0439 (ru)';",
            "name": "00105_shard_collations.sql"
        },
        {
            "query": "\nSELECT arrayJoin(['\u0430', '\u044f', '\u0451', '\u0410', '\u042f', '\u0401']) AS x ORDER BY x COLLATE 'ru';",
            "name": "00105_shard_collations.sql"
        },
        {
            "query": "\n\nSELECT '\u0420\u0443\u0441\u0441\u043a\u0438\u0439 (ru distributed)';",
            "name": "00105_shard_collations.sql"
        },
        {
            "query": "\nSELECT arrayJoin(['\u0430', '\u044f', '\u0451', '\u0410', '\u042f', '\u0401']) AS x FROM remote('127.0.0.{2,3}', system, one) ORDER BY x COLLATE 'ru';",
            "name": "00105_shard_collations.sql"
        },
        {
            "query": "\n\nSELECT 'T\u00fcrk (default)';",
            "name": "00105_shard_collations.sql"
        },
        {
            "query": "\nSELECT arrayJoin(['a', 'b', 'c', 'd', 'e', 'f', 'g', 'h', 'i', 'j', 'k', 'l', 'm', 'n', 'o', 'p', 'q', 'r', 's', 't', 'u', 'v', 'w', 'x', 'y', 'z', 'A', 'B', 'C', 'D', 'E', 'F', 'G', 'H', 'I', 'J', 'K', 'L', 'M', 'N', 'O', 'P', 'Q', 'R', 'S', 'T', 'U', 'V', 'W', 'X', 'Y', 'Z', 'a', 'b', 'c', '\u00e7', 'd', 'e', 'f', 'g', '\u011f', 'h', '\u0131', 'i', 'j', 'k', 'l', 'm', 'n', 'o', '\u00f6', 'p', 'r', 's', '\u015f', 't', 'u', '\u00fc', 'v', 'y', 'z', 'A', 'B', 'C', '\u00c7', 'D', 'E', 'F', 'G', '\u011e', 'H', 'I', '\u0130', 'J', 'K', 'L', 'M', 'N', 'O', '\u00d6', 'P', 'R', 'S', '\u015e', 'T', 'U', '\u00dc', 'V', 'Y', 'Z']) AS x ORDER BY x;",
            "name": "00105_shard_collations.sql"
        },
        {
            "query": "\n\nSELECT 'T\u00fcrk (tr)';",
            "name": "00105_shard_collations.sql"
        },
        {
            "query": "\nSELECT arrayJoin(['a', 'b', 'c', 'd', 'e', 'f', 'g', 'h', 'i', 'j', 'k', 'l', 'm', 'n', 'o', 'p', 'q', 'r', 's', 't', 'u', 'v', 'w', 'x', 'y', 'z', 'A', 'B', 'C', 'D', 'E', 'F', 'G', 'H', 'I', 'J', 'K', 'L', 'M', 'N', 'O', 'P', 'Q', 'R', 'S', 'T', 'U', 'V', 'W', 'X', 'Y', 'Z', 'a', 'b', 'c', '\u00e7', 'd', 'e', 'f', 'g', '\u011f', 'h', '\u0131', 'i', 'j', 'k', 'l', 'm', 'n', 'o', '\u00f6', 'p', 'r', 's', '\u015f', 't', 'u', '\u00fc', 'v', 'y', 'z', 'A', 'B', 'C', '\u00c7', 'D', 'E', 'F', 'G', '\u011e', 'H', 'I', '\u0130', 'J', 'K', 'L', 'M', 'N', 'O', '\u00d6', 'P', 'R', 'S', '\u015e', 'T', 'U', '\u00dc', 'V', 'Y', 'Z']) AS x ORDER BY x COLLATE 'tr';",
            "name": "00105_shard_collations.sql"
        },
        {
            "query": "\n\nSELECT 'english (default)';",
            "name": "00105_shard_collations.sql"
        },
        {
            "query": "\nSELECT arrayJoin(['A', 'c', 'Z', 'Q', 'e']) AS x ORDER BY x;",
            "name": "00105_shard_collations.sql"
        },
        {
            "query": "\nSELECT 'english (en_US)';",
            "name": "00105_shard_collations.sql"
        },
        {
            "query": "\nSELECT arrayJoin(['A', 'c', 'Z', 'Q', 'e']) AS x ORDER BY x COLLATE 'en_US';",
            "name": "00105_shard_collations.sql"
        },
        {
            "query": "\nSELECT 'english (en)';",
            "name": "00105_shard_collations.sql"
        },
        {
            "query": "\nSELECT arrayJoin(['A', 'c', 'Z', 'Q', 'e']) AS x ORDER BY x COLLATE 'en';",
            "name": "00105_shard_collations.sql"
        },
        {
            "query": "\n\nSELECT 'espa\u00f1ol (default)';",
            "name": "00105_shard_collations.sql"
        },
        {
            "query": "\nSELECT arrayJoin(['F', 'z', 'J', '\u00d1']) as x ORDER BY x;",
            "name": "00105_shard_collations.sql"
        },
        {
            "query": "\nSELECT 'espa\u00f1ol (es)';",
            "name": "00105_shard_collations.sql"
        },
        {
            "query": "\nSELECT arrayJoin(['F', 'z', 'J', '\u00d1']) as x ORDER BY x COLLATE 'es';",
            "name": "00105_shard_collations.sql"
        },
        {
            "query": "\n\nSELECT '\u0423\u043a\u0440\u0430\u0457\u043d\u0441\u044c\u043a\u0438\u0439 (default)';",
            "name": "00105_shard_collations.sql"
        },
        {
            "query": "\nSELECT arrayJoin(['\u0491', '\u0457', '\u0406', '\u0411']) as x ORDER BY x;",
            "name": "00105_shard_collations.sql"
        },
        {
            "query": "\nSELECT '\u0423\u043a\u0440\u0430\u0457\u043d\u0441\u044c\u043a\u0438\u0439 (uk)';",
            "name": "00105_shard_collations.sql"
        },
        {
            "query": "\nSELECT arrayJoin(['\u0491', '\u0457', '\u0406', '\u0411']) as x ORDER BY x COLLATE 'uk';",
            "name": "00105_shard_collations.sql"
        },
        {
            "query": "\n\nSELECT '\u0420\u0443\u0441\u0441\u043a\u0438\u0439 (ru group by)';",
            "name": "00105_shard_collations.sql"
        },
        {
            "query": "\nSELECT x, n FROM (SELECT ['\u0430', '\u044f', '\u0451', '\u0410', '\u042f', '\u0401'] AS arr) ARRAY JOIN arr AS x, arrayEnumerate(arr) AS n ORDER BY x COLLATE 'ru', n;",
            "name": "00105_shard_collations.sql"
        },
        {
            "query": "\n\n--- Const expression\nSELECT '\u03b6' as x ORDER BY x COLLATE 'el';",
            "name": "00105_shard_collations.sql"
        },
        {
            "query": "\n\n-- check order by const with collation\nSELECT number FROM numbers(2) ORDER BY 'x' COLLATE 'el';",
            "name": "00105_shard_collations.sql"
        },
        {
            "query": "\n\n-- check const and non const columns in order\nSELECT number FROM numbers(11) ORDER BY 'x', toString(number), 'y' COLLATE 'el';",
            "name": "00105_shard_collations.sql"
        },
        {
            "query": "\n\n--- Trash locales\nSELECT '' as x ORDER BY x COLLATE 'qq';",
            "name": "00105_shard_collations.sql"
        },
        {
            "query": " --{serverError 186}\nSELECT '' as x ORDER BY x COLLATE 'qwe';",
            "name": "00105_shard_collations.sql"
        },
        {
            "query": " --{serverError 186}\nSELECT '' as x ORDER BY x COLLATE 'some_non_existing_locale';",
            "name": "00105_shard_collations.sql"
        },
        {
            "query": " --{serverError 186}\nSELECT '' as x ORDER BY x COLLATE '\u0440\u0443';",
            "name": "00105_shard_collations.sql"
        },
        {
            "query": " --{serverError 186}\n;",
            "name": "00105_shard_collations.sql"
        }
    ]
}