{
    "name": "03145_unicode_quotes.sql",
    "tests": [
        {
            "query": "-- They work:\nSELECT \u2018This is an example of using English-style Unicode single quotes.\u2019 AS \u201ccurly\u201d;",
            "name": "03145_unicode_quotes.sql"
        },
        {
            "query": "\n\n-- It is unspecified which escaping rules apply inside the literal in Unicode quotes, and currently none apply (similarly to heredocs)\n-- This could be changed.\n\nSELECT \u2018This is \\an \\\\example \u2018of using English-style Unicode single quotes.\\\u2019 AS \u201c\\c\\\\u\\\\\\r\\\\\\\\l\\\\\\\\\\y\\\\\\\\\\\\\u201d FORMAT Vertical;",
            "name": "03145_unicode_quotes.sql"
        },
        {
            "query": "\n\nSELECT \u2018\u2019 = '' AS \u201c1\u201d FORMAT JSONLines;",
            "name": "03145_unicode_quotes.sql"
        }
    ]
}