{
    "name": "02812_subquery_operators.sql",
    "tests": [
        {
            "query": "SELECT singleValueOrNull(toNullable(''));",
            "name": "02812_subquery_operators.sql"
        },
        {
            "query": "\nSELECT singleValueOrNull(toNullable('Hello'));",
            "name": "02812_subquery_operators.sql"
        },
        {
            "query": "\nSELECT singleValueOrNull((SELECT 'Hello'));",
            "name": "02812_subquery_operators.sql"
        },
        {
            "query": "\nSELECT singleValueOrNull(toNullable(123));",
            "name": "02812_subquery_operators.sql"
        },
        {
            "query": "\nSELECT '' = ALL (SELECT toNullable(''));",
            "name": "02812_subquery_operators.sql"
        },
        {
            "query": "\nSELECT '', ['\\0'], [], singleValueOrNull(( SELECT '\\0' ) ), [''];",
            "name": "02812_subquery_operators.sql"
        }
    ]
}