{
    "name": "00976_ttl_with_old_parts.sql",
    "tests": [
        {
            "query": "drop table if exists ttl;",
            "name": "00976_ttl_with_old_parts.sql"
        },
        {
            "query": "\n\ncreate table ttl (d Date, a Int) engine = MergeTree order by a partition by toDayOfMonth(d) settings remove_empty_parts = 0;",
            "name": "00976_ttl_with_old_parts.sql"
        },
        {
            "query": "\ninsert into ttl values (toDateTime('2000-10-10 00:00:00'), 1);",
            "name": "00976_ttl_with_old_parts.sql"
        },
        {
            "query": "\ninsert into ttl values (toDateTime('2000-10-10 00:00:00'), 2);",
            "name": "00976_ttl_with_old_parts.sql"
        },
        {
            "query": "\ninsert into ttl values (toDateTime('2100-10-10 00:00:00'), 3);",
            "name": "00976_ttl_with_old_parts.sql"
        },
        {
            "query": "\ninsert into ttl values (toDateTime('2100-10-10 00:00:00'), 4);",
            "name": "00976_ttl_with_old_parts.sql"
        },
        {
            "query": "\n\nalter table ttl modify ttl d + interval 1 day;",
            "name": "00976_ttl_with_old_parts.sql"
        },
        {
            "query": "\n\nselect sleep(1) format Null;",
            "name": "00976_ttl_with_old_parts.sql"
        },
        {
            "query": " -- wait if very fast merge happen\noptimize table ttl partition 10 final;",
            "name": "00976_ttl_with_old_parts.sql"
        },
        {
            "query": "\n\nselect * from ttl order by d, a;",
            "name": "00976_ttl_with_old_parts.sql"
        },
        {
            "query": "\n\ndrop table if exists ttl;",
            "name": "00976_ttl_with_old_parts.sql"
        }
    ]
}