{
    "name": "01013_totals_without_aggregation.sql",
    "tests": [
        {
            "query": "SET allow_experimental_analyzer = 1;",
            "name": "01013_totals_without_aggregation.sql"
        },
        {
            "query": "\n\nSELECT 11 AS n GROUP BY n WITH TOTALS;",
            "name": "01013_totals_without_aggregation.sql"
        },
        {
            "query": "\nSELECT 12 AS n GROUP BY n WITH ROLLUP;",
            "name": "01013_totals_without_aggregation.sql"
        },
        {
            "query": "\nSELECT 13 AS n GROUP BY n WITH CUBE;",
            "name": "01013_totals_without_aggregation.sql"
        },
        {
            "query": "\nSELECT 1 AS n WITH TOTALS;",
            "name": "01013_totals_without_aggregation.sql"
        },
        {
            "query": " -- { serverError 48 }\nSELECT 1 AS n WITH ROLLUP;",
            "name": "01013_totals_without_aggregation.sql"
        },
        {
            "query": " -- { serverError 48 }\nSELECT 1 AS n WITH CUBE;",
            "name": "01013_totals_without_aggregation.sql"
        },
        {
            "query": " -- { serverError 48 }\n;",
            "name": "01013_totals_without_aggregation.sql"
        }
    ]
}