{
    "name": "00612_pk_in_tuple.sql",
    "tests": [
        {
            "query": "drop table if exists tab_00612;",
            "name": "00612_pk_in_tuple.sql"
        },
        {
            "query": "\ncreate table tab_00612 (key UInt64, arr Array(UInt64)) Engine = MergeTree order by key;",
            "name": "00612_pk_in_tuple.sql"
        },
        {
            "query": "\ninsert into tab_00612 values (1, [1]);",
            "name": "00612_pk_in_tuple.sql"
        },
        {
            "query": "\ninsert into tab_00612 values (2, [2]);",
            "name": "00612_pk_in_tuple.sql"
        },
        {
            "query": "\nselect 'all';",
            "name": "00612_pk_in_tuple.sql"
        },
        {
            "query": "\nselect * from tab_00612 order by key;",
            "name": "00612_pk_in_tuple.sql"
        },
        {
            "query": "\nselect 'key, arrayJoin(arr) in (1, 1)';",
            "name": "00612_pk_in_tuple.sql"
        },
        {
            "query": "\nselect key, arrayJoin(arr) as val from tab_00612 where (key, val) in (1, 1);",
            "name": "00612_pk_in_tuple.sql"
        },
        {
            "query": "\nselect 'key, arrayJoin(arr) in ((1, 1), (2, 2))';",
            "name": "00612_pk_in_tuple.sql"
        },
        {
            "query": "\nselect key, arrayJoin(arr) as val from tab_00612 where (key, val) in ((1, 1), (2, 2)) order by key;",
            "name": "00612_pk_in_tuple.sql"
        },
        {
            "query": "\nselect '(key, left array join arr) in (1, 1)';",
            "name": "00612_pk_in_tuple.sql"
        },
        {
            "query": "\nselect key from tab_00612 left array join arr as val where (key, val) in (1, 1);",
            "name": "00612_pk_in_tuple.sql"
        },
        {
            "query": "\nselect '(key, left array join arr) in ((1, 1), (2, 2))';",
            "name": "00612_pk_in_tuple.sql"
        },
        {
            "query": "\nselect key from tab_00612 left array join arr as val where (key, val) in ((1, 1), (2, 2)) order by key;",
            "name": "00612_pk_in_tuple.sql"
        },
        {
            "query": "\n\ndrop table if exists tab_00612;",
            "name": "00612_pk_in_tuple.sql"
        },
        {
            "query": "\ncreate table tab_00612 (key UInt64, n Nested(x UInt64)) Engine = MergeTree order by key;",
            "name": "00612_pk_in_tuple.sql"
        },
        {
            "query": "\ninsert into tab_00612 values (1, [1]);",
            "name": "00612_pk_in_tuple.sql"
        },
        {
            "query": "\ninsert into tab_00612 values (2, [2]);",
            "name": "00612_pk_in_tuple.sql"
        },
        {
            "query": "\nselect 'all';",
            "name": "00612_pk_in_tuple.sql"
        },
        {
            "query": "\nselect * from tab_00612 order by key;",
            "name": "00612_pk_in_tuple.sql"
        },
        {
            "query": "\nselect 'key, arrayJoin(n.x) in (1, 1)';",
            "name": "00612_pk_in_tuple.sql"
        },
        {
            "query": "\nselect key, arrayJoin(n.x) as val from tab_00612 where (key, val) in (1, 1);",
            "name": "00612_pk_in_tuple.sql"
        },
        {
            "query": "\nselect 'key, arrayJoin(n.x) in ((1, 1), (2, 2))';",
            "name": "00612_pk_in_tuple.sql"
        },
        {
            "query": "\nselect key, arrayJoin(n.x) as val from tab_00612 where (key, val) in ((1, 1), (2, 2)) order by key;",
            "name": "00612_pk_in_tuple.sql"
        },
        {
            "query": "\nselect '(key, left array join n.x) in (1, 1)';",
            "name": "00612_pk_in_tuple.sql"
        },
        {
            "query": "\nselect key from tab_00612 left array join n.x as val where (key, val) in (1, 1);",
            "name": "00612_pk_in_tuple.sql"
        },
        {
            "query": "\nselect '(key, left array join n.x) in ((1, 1), (2, 2))';",
            "name": "00612_pk_in_tuple.sql"
        },
        {
            "query": "\nselect key from tab_00612 left array join n.x as val where (key, val) in ((1, 1), (2, 2)) order by key;",
            "name": "00612_pk_in_tuple.sql"
        },
        {
            "query": "\nselect 'max(key) from tab_00612 where (key, left array join n.x) in (1, 1)';",
            "name": "00612_pk_in_tuple.sql"
        },
        {
            "query": "\nselect max(key) from tab_00612 left array join `n.x` as val where (key, val) in ((1, 1));",
            "name": "00612_pk_in_tuple.sql"
        },
        {
            "query": "\nselect max(key) from tab_00612 left array join n as val where (key, val.x) in (1, 1);",
            "name": "00612_pk_in_tuple.sql"
        },
        {
            "query": "\nselect 'max(key) from tab_00612 where (key, left array join n.x) in ((1, 1), (2, 2))';",
            "name": "00612_pk_in_tuple.sql"
        },
        {
            "query": "\nselect max(key) from tab_00612 left array join `n.x` as val where (key, val) in ((1, 1), (2, 2));",
            "name": "00612_pk_in_tuple.sql"
        },
        {
            "query": "\nselect max(key) from tab_00612 left array join n as val where (key, val.x) in ((1, 1), (2, 2));",
            "name": "00612_pk_in_tuple.sql"
        },
        {
            "query": "\nselect 'max(key) from tab_00612 any left join (select key, arrayJoin(n.x) as val from tab_00612) using key where (key, val) in (1, 1)';",
            "name": "00612_pk_in_tuple.sql"
        },
        {
            "query": "\nselect max(key) from tab_00612 any left join (select key, arrayJoin(n.x) as val from tab_00612) js2 using key where (key, val) in (1, 1);",
            "name": "00612_pk_in_tuple.sql"
        },
        {
            "query": "\nselect 'max(key) from tab_00612 any left join (select key, arrayJoin(n.x) as val from tab_00612) using key where (key, val) in ((1, 1), (2, 2))';",
            "name": "00612_pk_in_tuple.sql"
        },
        {
            "query": "\nselect max(key) from tab_00612 any left join (select key, arrayJoin(n.x) as val from tab_00612) js2 using key where (key, val) in ((1, 1), (2, 2));",
            "name": "00612_pk_in_tuple.sql"
        },
        {
            "query": "\n\ndrop table if exists tab_00612;",
            "name": "00612_pk_in_tuple.sql"
        },
        {
            "query": "\nCREATE TABLE tab_00612 (key1 Int32, id1  Int64, c1 Int64) ENGINE = MergeTree  PARTITION BY id1 ORDER BY (key1);",
            "name": "00612_pk_in_tuple.sql"
        },
        {
            "query": "\ninsert into tab_00612 values ( -1, 1, 0 );",
            "name": "00612_pk_in_tuple.sql"
        },
        {
            "query": "\nSELECT count(*) FROM tab_00612 PREWHERE id1 IN (1);",
            "name": "00612_pk_in_tuple.sql"
        },
        {
            "query": "\n\nSELECT count() FROM tab_00612 WHERE (key1, id1) IN (-1, 1) AND (key1, 1) IN (-1, 1) SETTINGS force_primary_key = 1;",
            "name": "00612_pk_in_tuple.sql"
        },
        {
            "query": "\n\ndrop table tab_00612;",
            "name": "00612_pk_in_tuple.sql"
        }
    ]
}