{
    "name": "01083_expressions_in_engine_arguments.sql",
    "tests": [
        {
            "query": "-- Tags: no-parallel, no-fasttest\n\nSET prefer_localhost_replica=1;",
            "name": "01083_expressions_in_engine_arguments.sql"
        },
        {
            "query": "\n\nDROP TABLE IF EXISTS file;",
            "name": "01083_expressions_in_engine_arguments.sql"
        },
        {
            "query": "\nDROP TABLE IF EXISTS url;",
            "name": "01083_expressions_in_engine_arguments.sql"
        },
        {
            "query": "\nDROP TABLE IF EXISTS view;",
            "name": "01083_expressions_in_engine_arguments.sql"
        },
        {
            "query": "\nDROP TABLE IF EXISTS buffer;",
            "name": "01083_expressions_in_engine_arguments.sql"
        },
        {
            "query": "\nDROP TABLE IF EXISTS merge;",
            "name": "01083_expressions_in_engine_arguments.sql"
        },
        {
            "query": "\nDROP TABLE IF EXISTS merge_tf;",
            "name": "01083_expressions_in_engine_arguments.sql"
        },
        {
            "query": "\nDROP TABLE IF EXISTS distributed;",
            "name": "01083_expressions_in_engine_arguments.sql"
        },
        {
            "query": "\nDROP TABLE IF EXISTS distributed_tf;",
            "name": "01083_expressions_in_engine_arguments.sql"
        },
        {
            "query": "\nDROP TABLE IF EXISTS rich_syntax;",
            "name": "01083_expressions_in_engine_arguments.sql"
        },
        {
            "query": "\nDROP DICTIONARY IF EXISTS dict;",
            "name": "01083_expressions_in_engine_arguments.sql"
        },
        {
            "query": "\n\nCREATE TABLE file (n Int8) ENGINE = File(upper('tsv') || 'WithNames' || 'AndTypes');",
            "name": "01083_expressions_in_engine_arguments.sql"
        },
        {
            "query": "\nCREATE TABLE buffer (n Int8) ENGINE = Buffer(currentDatabase(), file, 16, 10, 200, 10000, 1000000, 10000000, 1000000000);",
            "name": "01083_expressions_in_engine_arguments.sql"
        },
        {
            "query": "\nCREATE TABLE merge (n Int8) ENGINE = Merge('', lower('DISTRIBUTED'));",
            "name": "01083_expressions_in_engine_arguments.sql"
        },
        {
            "query": "\nCREATE TABLE merge_tf as merge(currentDatabase(), '.*');",
            "name": "01083_expressions_in_engine_arguments.sql"
        },
        {
            "query": "\nCREATE TABLE distributed (n Int8) ENGINE = Distributed(test_shard_localhost, currentDatabase(), 'fi' || 'le');",
            "name": "01083_expressions_in_engine_arguments.sql"
        },
        {
            "query": "\nCREATE TABLE distributed_tf as cluster('test' || '_' || 'shard_localhost', '', 'buf' || 'fer');",
            "name": "01083_expressions_in_engine_arguments.sql"
        },
        {
            "query": "\n\nINSERT INTO buffer VALUES (1);",
            "name": "01083_expressions_in_engine_arguments.sql"
        },
        {
            "query": "\nDETACH TABLE buffer;",
            "name": "01083_expressions_in_engine_arguments.sql"
        },
        {
            "query": "        -- trigger flushing\nATTACH TABLE buffer;",
            "name": "01083_expressions_in_engine_arguments.sql"
        },
        {
            "query": "\n\nCREATE TABLE url (n UInt64, col String) ENGINE=URL\n(\n    replace\n    (\n        'https://localhost:8443/?query='  || 'select n, _table from ' || currentDatabase() || '.merge format CSV', ' ', '+'\n    ),\n    CSV\n);",
            "name": "01083_expressions_in_engine_arguments.sql"
        },
        {
            "query": "\n\nCREATE VIEW view AS SELECT toInt64(n) as n FROM (SELECT toString(n) as n from merge WHERE _table != 'qwerty' ORDER BY _table) UNION ALL SELECT * FROM file;",
            "name": "01083_expressions_in_engine_arguments.sql"
        },
        {
            "query": "\n\n-- The following line is needed just to disable checking stderr for emptiness\nSELECT nonexistentsomething;",
            "name": "01083_expressions_in_engine_arguments.sql"
        },
        {
            "query": " -- { serverError 47 }\n\nCREATE DICTIONARY dict (n UInt64, col String DEFAULT '42') PRIMARY KEY n\nSOURCE(CLICKHOUSE(HOST 'localhost' PORT 9440 SECURE 1 USER 'default' TABLE 'url')) LIFETIME(1) LAYOUT(CACHE(SIZE_IN_CELLS 1));",
            "name": "01083_expressions_in_engine_arguments.sql"
        },
        {
            "query": "\n\n-- dict --> url --> merge |-> distributed -> file (1)\n--                        |-> distributed_tf -> buffer -> file (1)\n\n-- TODO make fuzz test from this\nCREATE TABLE rich_syntax as remote\n(\n    'localhos{x|y|t}',\n    cluster\n    (\n        'test' || '_' || 'shard_localhost',\n        remote\n        (\n            '127.0.0.{1..4}',\n            if\n            (\n                toString(40 + 2) NOT IN ('hello', dictGetString(currentDatabase() || '.dict', 'col', toUInt64('0001'))),\n                currentDatabase(),\n                'FAIL'\n            ),\n            extract('123view456', '[a-z]+')\n        )\n    )\n);",
            "name": "01083_expressions_in_engine_arguments.sql"
        },
        {
            "query": "\n\n\nSHOW CREATE file;",
            "name": "01083_expressions_in_engine_arguments.sql"
        },
        {
            "query": "\nSHOW CREATE buffer;",
            "name": "01083_expressions_in_engine_arguments.sql"
        },
        {
            "query": "\nSHOW CREATE merge;",
            "name": "01083_expressions_in_engine_arguments.sql"
        },
        {
            "query": "\nSHOW CREATE merge_tf;",
            "name": "01083_expressions_in_engine_arguments.sql"
        },
        {
            "query": "\nSHOW CREATE distributed;",
            "name": "01083_expressions_in_engine_arguments.sql"
        },
        {
            "query": "\nSHOW CREATE distributed_tf;",
            "name": "01083_expressions_in_engine_arguments.sql"
        },
        {
            "query": "\nSHOW CREATE url;",
            "name": "01083_expressions_in_engine_arguments.sql"
        },
        {
            "query": "\nSHOW CREATE rich_syntax;",
            "name": "01083_expressions_in_engine_arguments.sql"
        },
        {
            "query": "\nSHOW CREATE VIEW view;",
            "name": "01083_expressions_in_engine_arguments.sql"
        },
        {
            "query": "\nSHOW CREATE dict;",
            "name": "01083_expressions_in_engine_arguments.sql"
        },
        {
            "query": "\n\nINSERT INTO buffer VALUES (1);",
            "name": "01083_expressions_in_engine_arguments.sql"
        },
        {
            "query": "\n-- remote(localhost) --> cluster(test_shard_localhost) |-> remote(127.0.0.1) --> view |-> subquery --> merge |-> distributed --> file (1)\n--                                                     |                              |                      |-> distributed_tf -> buffer (1) -> file (1)\n--                                                     |                              |-> file (1)\n--                                                     |-> remote(127.0.0.2) --> ...\nSELECT sum(n) from rich_syntax;",
            "name": "01083_expressions_in_engine_arguments.sql"
        },
        {
            "query": "\n\n-- Clear cache to avoid future errors in the logs\nSYSTEM DROP DNS CACHE;",
            "name": "01083_expressions_in_engine_arguments.sql"
        },
        {
            "query": "\n\nDROP TABLE file;",
            "name": "01083_expressions_in_engine_arguments.sql"
        },
        {
            "query": "\nDROP TABLE url;",
            "name": "01083_expressions_in_engine_arguments.sql"
        },
        {
            "query": "\nDROP TABLE view;",
            "name": "01083_expressions_in_engine_arguments.sql"
        },
        {
            "query": "\nDROP TABLE buffer;",
            "name": "01083_expressions_in_engine_arguments.sql"
        },
        {
            "query": "\nDROP TABLE merge;",
            "name": "01083_expressions_in_engine_arguments.sql"
        },
        {
            "query": "\nDROP TABLE merge_tf;",
            "name": "01083_expressions_in_engine_arguments.sql"
        },
        {
            "query": "\nDROP TABLE distributed;",
            "name": "01083_expressions_in_engine_arguments.sql"
        },
        {
            "query": "\nDROP TABLE distributed_tf;",
            "name": "01083_expressions_in_engine_arguments.sql"
        },
        {
            "query": "\nDROP TABLE rich_syntax;",
            "name": "01083_expressions_in_engine_arguments.sql"
        },
        {
            "query": "\nDROP DICTIONARY dict;",
            "name": "01083_expressions_in_engine_arguments.sql"
        }
    ]
}