{
    "name": "01414_bloom_filter_index_with_const_column.sql",
    "tests": [
        {
            "query": "DROP TABLE IF EXISTS test_bloom_filter_index;",
            "name": "01414_bloom_filter_index_with_const_column.sql"
        },
        {
            "query": "\n\nCREATE TABLE test_bloom_filter_index(`WatchID` UInt64, `JavaEnable` UInt8, `Title` String, `GoodEvent` Int16, `EventTime` DateTime, `EventDate` Date, `CounterID` UInt32, `ClientIP` UInt32, `ClientIP6` FixedString(16), `RegionID` UInt32, `UserID` UInt64, `CounterClass` Int8, `OS` UInt8, `UserAgent` UInt8, `URL` String, `Referer` String, `URLDomain` String, `RefererDomain` String, `Refresh` UInt8, `IsRobot` UInt8, `RefererCategories` Array(UInt16), `URLCategories` Array(UInt16), `URLRegions` Array(UInt32), `RefererRegions` Array(UInt32), `ResolutionWidth` UInt16, `ResolutionHeight` UInt16, `ResolutionDepth` UInt8, `FlashMajor` UInt8, `FlashMinor` UInt8, `FlashMinor2` String, `NetMajor` UInt8, `NetMinor` UInt8, `UserAgentMajor` UInt16, `UserAgentMinor` FixedString(2), `CookieEnable` UInt8, `JavascriptEnable` UInt8, `IsMobile` UInt8, `MobilePhone` UInt8, `MobilePhoneModel` String, `Params` String, `IPNetworkID` UInt32, `TraficSourceID` Int8, `SearchEngineID` UInt16, `SearchPhrase` String, `AdvEngineID` UInt8, `IsArtifical` UInt8, `WindowClientWidth` UInt16, `WindowClientHeight` UInt16, `ClientTimeZone` Int16, `ClientEventTime` DateTime, `SilverlightVersion1` UInt8, `SilverlightVersion2` UInt8, `SilverlightVersion3` UInt32, `SilverlightVersion4` UInt16, `PageCharset` String, `CodeVersion` UInt32, `IsLink` UInt8, `IsDownload` UInt8, `IsNotBounce` UInt8, `FUniqID` UInt64, `HID` UInt32, `IsOldCounter` UInt8, `IsEvent` UInt8, `IsParameter` UInt8, `DontCountHits` UInt8, `WithHash` UInt8, `HitColor` FixedString(1), `UTCEventTime` DateTime, `Age` UInt8, `Sex` UInt8, `Income` UInt8, `Interests` UInt16, `Robotness` UInt8, `GeneralInterests` Array(UInt16), `RemoteIP` UInt32, `RemoteIP6` FixedString(16), `WindowName` Int32, `OpenerName` Int32, `HistoryLength` Int16, `BrowserLanguage` FixedString(2), `BrowserCountry` FixedString(2), `SocialNetwork` String, `SocialAction` String, `HTTPError` UInt16, `SendTiming` Int32, `DNSTiming` Int32, `ConnectTiming` Int32, `ResponseStartTiming` Int32, `ResponseEndTiming` Int32, `FetchTiming` Int32, `RedirectTiming` Int32, `DOMInteractiveTiming` Int32, `DOMContentLoadedTiming` Int32, `DOMCompleteTiming` Int32, `LoadEventStartTiming` Int32, `LoadEventEndTiming` Int32, `NSToDOMContentLoadedTiming` Int32, `FirstPaintTiming` Int32, `RedirectCount` Int8, `SocialSourceNetworkID` UInt8, `SocialSourcePage` String, `ParamPrice` Int64, `ParamOrderID` String, `ParamCurrency` FixedString(3), `ParamCurrencyID` UInt16, `GoalsReached` Array(UInt32), `OpenstatServiceName` String, `OpenstatCampaignID` String, `OpenstatAdID` String, `OpenstatSourceID` String, `UTMSource` String, `UTMMedium` String, `UTMCampaign` String, `UTMContent` String, `UTMTerm` String, `FromTag` String, `HasGCLID` UInt8, `RefererHash` UInt64, `URLHash` UInt64, `CLID` UInt32, `YCLID` UInt64, `ShareService` String, `ShareURL` String, `ShareTitle` String, `ParsedParams.Key1` Array(String), `ParsedParams.Key2` Array(String), `ParsedParams.Key3` Array(String), `ParsedParams.Key4` Array(String), `ParsedParams.Key5` Array(String), `ParsedParams.ValueDouble` Array(Float64), `IslandID` FixedString(16), `RequestNum` UInt32, `RequestTry` UInt8, INDEX test1 RegionID TYPE bloom_filter GRANULARITY 8129) ENGINE = MergeTree() PARTITION BY toYYYYMM(EventDate) ORDER BY (CounterID, EventDate, intHash32(UserID)) SAMPLE BY intHash32(UserID) SETTINGS index_granularity = 8192;",
            "name": "01414_bloom_filter_index_with_const_column.sql"
        },
        {
            "query": "\n\nSELECT UserID FROM test_bloom_filter_index WHERE (CounterID, EventTime) IN (SELECT toUInt32(25703952), toDateTime('2014-03-19 23:59:58'));",
            "name": "01414_bloom_filter_index_with_const_column.sql"
        },
        {
            "query": "\n\nDROP TABLE IF EXISTS test_bloom_filter_index;",
            "name": "01414_bloom_filter_index_with_const_column.sql"
        },
        {
            "query": "\n\nCREATE TABLE test_bloom_filter_index(`uint8` UInt8, `uint16` UInt16, `index_column` UInt64,  INDEX test1 `index_column` TYPE bloom_filter GRANULARITY 1) ENGINE = MergeTree() PARTITION BY tuple() ORDER BY tuple();",
            "name": "01414_bloom_filter_index_with_const_column.sql"
        },
        {
            "query": "\n\nINSERT INTO test_bloom_filter_index SELECT number, number, number FROM numbers(10000);",
            "name": "01414_bloom_filter_index_with_const_column.sql"
        },
        {
            "query": "\n\nSELECT * FROM test_bloom_filter_index WHERE (`uint16`, `index_column`) IN (SELECT toUInt16(2), toUInt64(2));",
            "name": "01414_bloom_filter_index_with_const_column.sql"
        },
        {
            "query": "\n\nDROP TABLE IF EXISTS test_bloom_filter_index;",
            "name": "01414_bloom_filter_index_with_const_column.sql"
        }
    ]
}