{
    "name": "02525_jit_logical_functions_nan.sql",
    "tests": [
        {
            "query": "SET min_count_to_compile_expression = 0;",
            "name": "02525_jit_logical_functions_nan.sql"
        },
        {
            "query": "\n\nSELECT NOT NOT cos(MAX(pow(1523598955, 763027371))) FROM numbers(1) SETTINGS compile_expressions = 0;",
            "name": "02525_jit_logical_functions_nan.sql"
        },
        {
            "query": "\n\nSELECT NOT NOT cos(MAX(pow(1523598955, 763027371))) FROM numbers(1) SETTINGS compile_expressions = 1;",
            "name": "02525_jit_logical_functions_nan.sql"
        },
        {
            "query": "\n\nSELECT not(not(materialize(nan))) FROM numbers(1) SETTINGS compile_expressions = 0;",
            "name": "02525_jit_logical_functions_nan.sql"
        },
        {
            "query": "\n\nSELECT not(not(materialize(nan))) FROM numbers(1) SETTINGS compile_expressions = 1;",
            "name": "02525_jit_logical_functions_nan.sql"
        }
    ]
}