{
    "name": "01384_bloom_filter_bad_arguments.sql",
    "tests": [
        {
            "query": "DROP TABLE IF EXISTS test;",
            "name": "01384_bloom_filter_bad_arguments.sql"
        },
        {
            "query": "\n\ncreate table test (a String, index a a type tokenbf_v1(0, 2, 0) granularity 1) engine MergeTree order by a;",
            "name": "01384_bloom_filter_bad_arguments.sql"
        },
        {
            "query": " -- { serverError 36 }\ncreate table test (a String, index a a type tokenbf_v1(2, 0, 0) granularity 1) engine MergeTree order by a;",
            "name": "01384_bloom_filter_bad_arguments.sql"
        },
        {
            "query": " -- { serverError 36 }\ncreate table test (a String, index a a type tokenbf_v1(0, 1, 1) granularity 1) engine MergeTree order by a;",
            "name": "01384_bloom_filter_bad_arguments.sql"
        },
        {
            "query": " -- { serverError 36 }\ncreate table test (a String, index a a type tokenbf_v1(1, 0, 1) granularity 1) engine MergeTree order by a;",
            "name": "01384_bloom_filter_bad_arguments.sql"
        },
        {
            "query": " -- { serverError 36 }\n\ncreate table test (a String, index a a type tokenbf_v1(0.1, 2, 0) granularity 1) engine MergeTree order by a;",
            "name": "01384_bloom_filter_bad_arguments.sql"
        },
        {
            "query": " -- { serverError 36 }\ncreate table test (a String, index a a type tokenbf_v1(-1, 2, 0) granularity 1) engine MergeTree order by a;",
            "name": "01384_bloom_filter_bad_arguments.sql"
        },
        {
            "query": " -- { serverError 36 }\ncreate table test (a String, index a a type tokenbf_v1(0xFFFFFFFF, 2, 0) granularity 1) engine MergeTree order by a;",
            "name": "01384_bloom_filter_bad_arguments.sql"
        },
        {
            "query": " -- { serverError 36 }\n;",
            "name": "01384_bloom_filter_bad_arguments.sql"
        }
    ]
}