{
    "name": "01676_dictget_in_default_expression.sql",
    "tests": [
        {
            "query": "-- Tags: no-parallel\n\nDROP DATABASE IF EXISTS test_01676 SYNC;",
            "name": "01676_dictget_in_default_expression.sql"
        },
        {
            "query": "\n\nCREATE DATABASE test_01676;",
            "name": "01676_dictget_in_default_expression.sql"
        },
        {
            "query": "\n\nCREATE TABLE test_01676.dict_data (key UInt64, value UInt64) ENGINE=MergeTree ORDER BY tuple();",
            "name": "01676_dictget_in_default_expression.sql"
        },
        {
            "query": "\nINSERT INTO test_01676.dict_data VALUES (2,20), (3,30), (4,40), (5,50);",
            "name": "01676_dictget_in_default_expression.sql"
        },
        {
            "query": "\n\nCREATE DICTIONARY test_01676.dict (key UInt64, value UInt64) PRIMARY KEY key SOURCE(CLICKHOUSE(DB 'test_01676' TABLE 'dict_data' HOST '127.0.0.1' PORT tcpPort())) LIFETIME(0) LAYOUT(HASHED());",
            "name": "01676_dictget_in_default_expression.sql"
        },
        {
            "query": "\n\nCREATE TABLE test_01676.table (x UInt64, y UInt64 DEFAULT dictGet('test_01676.dict', 'value', x)) ENGINE=MergeTree ORDER BY tuple();",
            "name": "01676_dictget_in_default_expression.sql"
        },
        {
            "query": "\nINSERT INTO test_01676.table (x) VALUES (2);",
            "name": "01676_dictget_in_default_expression.sql"
        },
        {
            "query": "\nINSERT INTO test_01676.table VALUES (toUInt64(3), toUInt64(15));",
            "name": "01676_dictget_in_default_expression.sql"
        },
        {
            "query": "\n\nSELECT * FROM test_01676.table ORDER BY x;",
            "name": "01676_dictget_in_default_expression.sql"
        },
        {
            "query": "\n\nSELECT 'status:';",
            "name": "01676_dictget_in_default_expression.sql"
        },
        {
            "query": "\nSELECT status FROM system.dictionaries WHERE database='test_01676' AND name='dict';",
            "name": "01676_dictget_in_default_expression.sql"
        },
        {
            "query": "\n\nDETACH DATABASE test_01676;",
            "name": "01676_dictget_in_default_expression.sql"
        },
        {
            "query": "\nATTACH DATABASE test_01676;",
            "name": "01676_dictget_in_default_expression.sql"
        },
        {
            "query": "\n\nSELECT 'status_after_detach_and_attach:';",
            "name": "01676_dictget_in_default_expression.sql"
        },
        {
            "query": "\nSELECT status FROM system.dictionaries WHERE database='test_01676' AND name='dict';",
            "name": "01676_dictget_in_default_expression.sql"
        },
        {
            "query": "\n\nINSERT INTO test_01676.table (x) VALUES (toInt64(4));",
            "name": "01676_dictget_in_default_expression.sql"
        },
        {
            "query": "\nSELECT * FROM test_01676.table ORDER BY x;",
            "name": "01676_dictget_in_default_expression.sql"
        },
        {
            "query": "\n\nSELECT 'status:';",
            "name": "01676_dictget_in_default_expression.sql"
        },
        {
            "query": "\nSELECT status FROM system.dictionaries WHERE database='test_01676' AND name='dict';",
            "name": "01676_dictget_in_default_expression.sql"
        },
        {
            "query": "\n\nDROP DATABASE test_01676;",
            "name": "01676_dictget_in_default_expression.sql"
        }
    ]
}