{
    "name": "01600_multiple_left_join_with_aliases.sql",
    "tests": [
        {
            "query": "-- Tags: no-parallel\n\ndrop database if exists test_01600;",
            "name": "01600_multiple_left_join_with_aliases.sql"
        },
        {
            "query": "\ncreate database test_01600;",
            "name": "01600_multiple_left_join_with_aliases.sql"
        },
        {
            "query": "\n\nCREATE TABLE test_01600.base\n(\n`id` UInt64,\n`id2` UInt64,\n`d` UInt64,\n`value` UInt64\n)\nENGINE=MergeTree()\nPARTITION BY d\nORDER BY (id,id2,d);",
            "name": "01600_multiple_left_join_with_aliases.sql"
        },
        {
            "query": "\n\nCREATE TABLE test_01600.derived1\n(\n    `id1` UInt64,\n    `d1` UInt64,\n    `value1` UInt64\n)\nENGINE = MergeTree()\nPARTITION BY d1\nORDER BY (id1, d1)\n;",
            "name": "01600_multiple_left_join_with_aliases.sql"
        },
        {
            "query": "\n\nCREATE TABLE test_01600.derived2\n(\n    `id2` UInt64,\n    `d2` UInt64,\n    `value2` UInt64\n)\nENGINE = MergeTree()\nPARTITION BY d2\nORDER BY (id2, d2)\n;",
            "name": "01600_multiple_left_join_with_aliases.sql"
        },
        {
            "query": "\n\nselect \nbase.id as `base.id`,\nderived2.value2 as `derived2.value2`,\nderived1.value1 as `derived1.value1`\nfrom test_01600.base as base \nleft join test_01600.derived2 as derived2 on base.id2 = derived2.id2\nleft join test_01600.derived1 as derived1 on base.id = derived1.id1;",
            "name": "01600_multiple_left_join_with_aliases.sql"
        },
        {
            "query": "\n\n\nSELECT\n    base.id AS `base.id`,\n    derived1.value1 AS `derived1.value1`\nFROM test_01600.base AS base\nLEFT JOIN test_01600.derived1 AS derived1 ON base.id = derived1.id1;",
            "name": "01600_multiple_left_join_with_aliases.sql"
        },
        {
            "query": "\n\ndrop database test_01600;",
            "name": "01600_multiple_left_join_with_aliases.sql"
        }
    ]
}