{
    "name": "02536_distributed_detach_table.sql",
    "tests": [
        {
            "query": "-- test detach distributed table with pending files\nCREATE TABLE test_02536 (n Int8) ENGINE=MergeTree() ORDER BY tuple();",
            "name": "02536_distributed_detach_table.sql"
        },
        {
            "query": "\nCREATE TABLE test_dist_02536 (n Int8) ENGINE=Distributed(test_cluster_two_shards, currentDatabase(), test_02536, rand());",
            "name": "02536_distributed_detach_table.sql"
        },
        {
            "query": "\nSYSTEM STOP DISTRIBUTED SENDS test_dist_02536;",
            "name": "02536_distributed_detach_table.sql"
        },
        {
            "query": "\n\nINSERT INTO test_dist_02536 SELECT number FROM numbers(5) SETTINGS prefer_localhost_replica=0;",
            "name": "02536_distributed_detach_table.sql"
        },
        {
            "query": "\nSELECT count(n), sum(n) FROM test_dist_02536;",
            "name": "02536_distributed_detach_table.sql"
        },
        {
            "query": " -- 0 0\n\nDETACH TABLE test_dist_02536;",
            "name": "02536_distributed_detach_table.sql"
        },
        {
            "query": "\nATTACH TABLE test_dist_02536;",
            "name": "02536_distributed_detach_table.sql"
        },
        {
            "query": "\n\nSYSTEM FLUSH DISTRIBUTED test_dist_02536;",
            "name": "02536_distributed_detach_table.sql"
        },
        {
            "query": "\n\nSELECT count(n), sum(n) FROM test_dist_02536;",
            "name": "02536_distributed_detach_table.sql"
        },
        {
            "query": " -- 10 20\nDROP TABLE test_02536;",
            "name": "02536_distributed_detach_table.sql"
        },
        {
            "query": "\nDROP TABLE test_dist_02536;",
            "name": "02536_distributed_detach_table.sql"
        }
    ]
}