{
    "name": "03096_variant_in_primary_key.sql",
    "tests": [
        {
            "query": "set allow_experimental_variant_type=1;",
            "name": "03096_variant_in_primary_key.sql"
        },
        {
            "query": "\ndrop table if exists test;",
            "name": "03096_variant_in_primary_key.sql"
        },
        {
            "query": "\ncreate table test (id UInt64, v Variant(UInt64, String)) engine=MergeTree order by (id, v);",
            "name": "03096_variant_in_primary_key.sql"
        },
        {
            "query": "\ninsert into test values (1, 1), (1, 'str_1'), (1, 2), (1, 'str_2');",
            "name": "03096_variant_in_primary_key.sql"
        },
        {
            "query": "\nselect * from test;",
            "name": "03096_variant_in_primary_key.sql"
        },
        {
            "query": "\ndrop table test;",
            "name": "03096_variant_in_primary_key.sql"
        }
    ]
}