{
    "name": "00712_prewhere_with_missing_columns.sql",
    "tests": [
        {
            "query": "DROP TABLE IF EXISTS mergetree_00712;",
            "name": "00712_prewhere_with_missing_columns.sql"
        },
        {
            "query": "\nCREATE TABLE mergetree_00712 (x UInt8, s String) ENGINE = MergeTree ORDER BY tuple();",
            "name": "00712_prewhere_with_missing_columns.sql"
        },
        {
            "query": "\n\nINSERT INTO mergetree_00712 VALUES (1, 'Hello, world!');",
            "name": "00712_prewhere_with_missing_columns.sql"
        },
        {
            "query": "\nSELECT * FROM mergetree_00712;",
            "name": "00712_prewhere_with_missing_columns.sql"
        },
        {
            "query": "\n\nALTER TABLE mergetree_00712 ADD COLUMN y UInt8 DEFAULT 0;",
            "name": "00712_prewhere_with_missing_columns.sql"
        },
        {
            "query": "\nINSERT INTO mergetree_00712 VALUES (2, 'Goodbye.', 3);",
            "name": "00712_prewhere_with_missing_columns.sql"
        },
        {
            "query": "\nSELECT * FROM mergetree_00712 ORDER BY x;",
            "name": "00712_prewhere_with_missing_columns.sql"
        },
        {
            "query": "\n\nSELECT s FROM mergetree_00712 PREWHERE x AND y ORDER BY s;",
            "name": "00712_prewhere_with_missing_columns.sql"
        },
        {
            "query": "\nSELECT s, y FROM mergetree_00712 PREWHERE x AND y ORDER BY s;",
            "name": "00712_prewhere_with_missing_columns.sql"
        },
        {
            "query": "\n\nDROP TABLE mergetree_00712;",
            "name": "00712_prewhere_with_missing_columns.sql"
        }
    ]
}