{
    "name": "00936_substring_utf8_non_const.sql",
    "tests": [
        {
            "query": "SELECT substringUTF8('hello, \u043f\u0440\u0438\u0432\u0435\u0442', 1, number) FROM numbers(16);",
            "name": "00936_substring_utf8_non_const.sql"
        },
        {
            "query": "\nSELECT substringUTF8('hello, \u043f\u0440\u0438\u0432\u0435\u0442', number + 1, 3) FROM numbers(16);",
            "name": "00936_substring_utf8_non_const.sql"
        },
        {
            "query": "\nSELECT substringUTF8('hello, \u043f\u0440\u0438\u0432\u0435\u0442', number + 1, number) FROM numbers(16);",
            "name": "00936_substring_utf8_non_const.sql"
        },
        {
            "query": "\nSELECT substringUTF8('hello, \u043f\u0440\u0438\u0432\u0435\u0442', -1 - number, 5) FROM numbers(16);",
            "name": "00936_substring_utf8_non_const.sql"
        },
        {
            "query": "\nSELECT substringUTF8('hello, \u043f\u0440\u0438\u0432\u0435\u0442', -1 - number) FROM numbers(16);",
            "name": "00936_substring_utf8_non_const.sql"
        },
        {
            "query": "\nSELECT substringUTF8('hello, \u043f\u0440\u0438\u0432\u0435\u0442', 1 + number) FROM numbers(16);",
            "name": "00936_substring_utf8_non_const.sql"
        },
        {
            "query": "\n\nSELECT substringUTF8('hello, \u043f\u0440\u0438\u0432\u0435\u0442', 1) FROM numbers(3);",
            "name": "00936_substring_utf8_non_const.sql"
        },
        {
            "query": "\nSELECT substringUTF8('hello, \u043f\u0440\u0438\u0432\u0435\u0442', 5) FROM numbers(3);",
            "name": "00936_substring_utf8_non_const.sql"
        },
        {
            "query": "\nSELECT substringUTF8('hello, \u043f\u0440\u0438\u0432\u0435\u0442', 1, 10) FROM numbers(3);",
            "name": "00936_substring_utf8_non_const.sql"
        },
        {
            "query": "\nSELECT substringUTF8('hello, \u043f\u0440\u0438\u0432\u0435\u0442', 5, 5) FROM numbers(3);",
            "name": "00936_substring_utf8_non_const.sql"
        },
        {
            "query": "\nSELECT substringUTF8('hello, \u043f\u0440\u0438\u0432\u0435\u0442', -5) FROM numbers(3);",
            "name": "00936_substring_utf8_non_const.sql"
        },
        {
            "query": "\nSELECT substringUTF8('hello, \u043f\u0440\u0438\u0432\u0435\u0442', -10, 5) FROM numbers(3);",
            "name": "00936_substring_utf8_non_const.sql"
        },
        {
            "query": "\n\nSELECT substringUTF8(materialize('hello, \u043f\u0440\u0438\u0432\u0435\u0442'), 1, number) FROM numbers(16);",
            "name": "00936_substring_utf8_non_const.sql"
        },
        {
            "query": "\nSELECT substringUTF8(materialize('hello, \u043f\u0440\u0438\u0432\u0435\u0442'), number + 1, 3) FROM numbers(16);",
            "name": "00936_substring_utf8_non_const.sql"
        },
        {
            "query": "\nSELECT substringUTF8(materialize('hello, \u043f\u0440\u0438\u0432\u0435\u0442'), number + 1, number) FROM numbers(16);",
            "name": "00936_substring_utf8_non_const.sql"
        },
        {
            "query": "\nSELECT substringUTF8(materialize('hello, \u043f\u0440\u0438\u0432\u0435\u0442'), -1 - number, 5) FROM numbers(16);",
            "name": "00936_substring_utf8_non_const.sql"
        },
        {
            "query": "\nSELECT substringUTF8(materialize('hello, \u043f\u0440\u0438\u0432\u0435\u0442'), -1 - number) FROM numbers(16);",
            "name": "00936_substring_utf8_non_const.sql"
        },
        {
            "query": "\nSELECT substringUTF8(materialize('hello, \u043f\u0440\u0438\u0432\u0435\u0442'), 1 + number) FROM numbers(16);",
            "name": "00936_substring_utf8_non_const.sql"
        },
        {
            "query": "\n\nSELECT substringUTF8(materialize('hello, \u043f\u0440\u0438\u0432\u0435\u0442'), 1) FROM numbers(3);",
            "name": "00936_substring_utf8_non_const.sql"
        },
        {
            "query": "\nSELECT substringUTF8(materialize('hello, \u043f\u0440\u0438\u0432\u0435\u0442'), 5) FROM numbers(3);",
            "name": "00936_substring_utf8_non_const.sql"
        },
        {
            "query": "\nSELECT substringUTF8(materialize('hello, \u043f\u0440\u0438\u0432\u0435\u0442'), 1, 10) FROM numbers(3);",
            "name": "00936_substring_utf8_non_const.sql"
        },
        {
            "query": "\nSELECT substringUTF8(materialize('hello, \u043f\u0440\u0438\u0432\u0435\u0442'), 5, 5) FROM numbers(3);",
            "name": "00936_substring_utf8_non_const.sql"
        },
        {
            "query": "\nSELECT substringUTF8(materialize('hello, \u043f\u0440\u0438\u0432\u0435\u0442'), -5) FROM numbers(3);",
            "name": "00936_substring_utf8_non_const.sql"
        },
        {
            "query": "\nSELECT substringUTF8(materialize('hello, \u043f\u0440\u0438\u0432\u0435\u0442'), -10, 5) FROM numbers(3);",
            "name": "00936_substring_utf8_non_const.sql"
        },
        {
            "query": "\n\nSELECT DISTINCT substring(toString(range(rand(1) % 50)), rand(2) % 50, rand(3) % 50) = substringUTF8(toString(range(rand(1) % 50)), rand(2) % 50, rand(3) % 50) AS res FROM numbers(1000000);",
            "name": "00936_substring_utf8_non_const.sql"
        },
        {
            "query": "\nSELECT DISTINCT substring(toString(range(rand(1) % 50)), rand(2) % 50) = substringUTF8(toString(range(rand(1) % 50)), rand(2) % 50) AS res FROM numbers(1000000);",
            "name": "00936_substring_utf8_non_const.sql"
        },
        {
            "query": "\n\n-- NOTE: The behaviour of substring and substringUTF8 is inconsistent when negative offset is greater than string size:\n-- substring:\n--      hello\n-- ^-----^ - offset -10, length 7, result: \"he\"\n-- substringUTF8:\n--      hello\n--      ^-----^ - offset -10, length 7, result: \"hello\"\n\n-- SELECT DISTINCT substring(toString(range(rand(1) % 50)), -(rand(2) % 50), rand(3) % 50) = substringUTF8(toString(range(rand(1) % 50)), -(rand(2) % 50), rand(3) % 50) AS res FROM numbers(1000000);",
            "name": "00936_substring_utf8_non_const.sql"
        },
        {
            "query": "\n\nSELECT DISTINCT substring(toString(range(rand(1) % 50)), -(rand(2) % 50)) = substringUTF8(toString(range(rand(1) % 50)), -(rand(2) % 50)) AS res FROM numbers(1000000);",
            "name": "00936_substring_utf8_non_const.sql"
        }
    ]
}