{
    "name": "02933_sqid.sql",
    "tests": [
        {
            "query": "-- Tags: no-fasttest\n\nSET allow_suspicious_low_cardinality_types = 1;",
            "name": "02933_sqid.sql"
        },
        {
            "query": "\n\nSELECT '-- negative tests';",
            "name": "02933_sqid.sql"
        },
        {
            "query": "\nSELECT sqidEncode();",
            "name": "02933_sqid.sql"
        },
        {
            "query": " -- { serverError NUMBER_OF_ARGUMENTS_DOESNT_MATCH }\nSELECT sqidDecode();",
            "name": "02933_sqid.sql"
        },
        {
            "query": " -- { serverError NUMBER_OF_ARGUMENTS_DOESNT_MATCH }\nSELECT sqidEncode('1');",
            "name": "02933_sqid.sql"
        },
        {
            "query": " -- { serverError ILLEGAL_TYPE_OF_ARGUMENT }\nSELECT sqidDecode(1);",
            "name": "02933_sqid.sql"
        },
        {
            "query": " -- { serverError ILLEGAL_TYPE_OF_ARGUMENT }\n\nSELECT '-- const UInt*';",
            "name": "02933_sqid.sql"
        },
        {
            "query": "\nSELECT sqidEncode(1) AS sqid, sqidDecode(sqid);",
            "name": "02933_sqid.sql"
        },
        {
            "query": "\nSELECT sqidEncode(1, 2) AS sqid, sqidDecode(sqid);",
            "name": "02933_sqid.sql"
        },
        {
            "query": "\nSELECT sqidEncode(1, 2, 3) AS sqid, sqidDecode(sqid);",
            "name": "02933_sqid.sql"
        },
        {
            "query": "\nSELECT sqidEncode(1::UInt8, 2::UInt16, 3::UInt32, 4::UInt64) AS sqid, sqidDecode(sqid);",
            "name": "02933_sqid.sql"
        },
        {
            "query": "\nSELECT sqidEncode(toNullable(1), toLowCardinality(2)) AS sqid;",
            "name": "02933_sqid.sql"
        },
        {
            "query": "\n\nSELECT '-- non-const UInt*';",
            "name": "02933_sqid.sql"
        },
        {
            "query": "\nSELECT sqidEncode(materialize(1)) AS sqid, sqidDecode(sqid);",
            "name": "02933_sqid.sql"
        },
        {
            "query": "\nSELECT sqidEncode(materialize(1), materialize(2)) AS sqid, sqidDecode(sqid);",
            "name": "02933_sqid.sql"
        },
        {
            "query": "\nSELECT sqidEncode(materialize(1), materialize(2), materialize(3)) AS sqid, sqidDecode(sqid);",
            "name": "02933_sqid.sql"
        },
        {
            "query": "\nSELECT sqidEncode(materialize(1::UInt8), materialize(2::UInt16), materialize(3::UInt32), materialize(4::UInt64)) AS sqid, sqidDecode(sqid);",
            "name": "02933_sqid.sql"
        },
        {
            "query": "\nSELECT sqidEncode(toNullable(materialize(1)), toLowCardinality(materialize(2)));",
            "name": "02933_sqid.sql"
        },
        {
            "query": "\n\nSELECT '-- invalid sqid';",
            "name": "02933_sqid.sql"
        },
        {
            "query": "\nSELECT sqidDecode('invalid sqid');",
            "name": "02933_sqid.sql"
        },
        {
            "query": "\n\nSELECT '-- alias';",
            "name": "02933_sqid.sql"
        },
        {
            "query": "\nSELECT sqid(1, 2);",
            "name": "02933_sqid.sql"
        }
    ]
}