{
    "name": "01006_ttl_with_default_2.sql",
    "tests": [
        {
            "query": "DROP TABLE IF EXISTS ttl_with_default;",
            "name": "01006_ttl_with_default_2.sql"
        },
        {
            "query": "\n\nCREATE TABLE ttl_with_default (d DateTime, a Int default 777 ttl d + interval 5 SECOND) ENGINE = MergeTree ORDER BY d;",
            "name": "01006_ttl_with_default_2.sql"
        },
        {
            "query": "\nINSERT INTO ttl_with_default VALUES (now() - 1000, 1) (now() - 1000, 2) (now() + 1000, 3)(now() + 1000, 4);",
            "name": "01006_ttl_with_default_2.sql"
        },
        {
            "query": "\nSELECT sleep(0.7) FORMAT Null;",
            "name": "01006_ttl_with_default_2.sql"
        },
        {
            "query": " -- wait if very fast merge happen\nOPTIMIZE TABLE ttl_with_default FINAL;",
            "name": "01006_ttl_with_default_2.sql"
        },
        {
            "query": "\n\n-- check that after second merge there are still user defaults in column\nSELECT sleep(0.7) FORMAT Null;",
            "name": "01006_ttl_with_default_2.sql"
        },
        {
            "query": "\nOPTIMIZE TABLE ttl_with_default FINAL;",
            "name": "01006_ttl_with_default_2.sql"
        },
        {
            "query": "\n\nSELECT a FROM ttl_with_default ORDER BY a;",
            "name": "01006_ttl_with_default_2.sql"
        },
        {
            "query": "\n\nDROP TABLE ttl_with_default;",
            "name": "01006_ttl_with_default_2.sql"
        }
    ]
}