{
    "name": "00919_sum_aggregate_states_constants.sql",
    "tests": [
        {
            "query": "SELECT finalizeAggregation((SELECT sumState(number) FROM numbers(10)) + (SELECT sumState(number) FROM numbers(10)));",
            "name": "00919_sum_aggregate_states_constants.sql"
        },
        {
            "query": "\nSELECT finalizeAggregation((SELECT sumState(number) FROM numbers(10)) + materialize((SELECT sumState(number) FROM numbers(10))));",
            "name": "00919_sum_aggregate_states_constants.sql"
        },
        {
            "query": "\nSELECT finalizeAggregation(materialize((SELECT sumState(number) FROM numbers(10))) + (SELECT sumState(number) FROM numbers(10)));",
            "name": "00919_sum_aggregate_states_constants.sql"
        },
        {
            "query": "\nSELECT finalizeAggregation(materialize((SELECT sumState(number) FROM numbers(10))) + materialize((SELECT sumState(number) FROM numbers(10))));",
            "name": "00919_sum_aggregate_states_constants.sql"
        },
        {
            "query": "\nSELECT finalizeAggregation(materialize((SELECT sumState(number) FROM numbers(10)) + (SELECT sumState(number) FROM numbers(10))));",
            "name": "00919_sum_aggregate_states_constants.sql"
        },
        {
            "query": "\nSELECT materialize(finalizeAggregation((SELECT sumState(number) FROM numbers(10)) + (SELECT sumState(number) FROM numbers(10))));",
            "name": "00919_sum_aggregate_states_constants.sql"
        }
    ]
}