{
    "name": "01186_conversion_to_nullable.sql",
    "tests": [
        {
            "query": "select toUInt8(x) from values('x Nullable(String)', '42', NULL, '0', '', '256');",
            "name": "01186_conversion_to_nullable.sql"
        },
        {
            "query": "\nselect toInt64(x) from values('x Nullable(String)', '42', NULL, '0', '', '256');",
            "name": "01186_conversion_to_nullable.sql"
        },
        {
            "query": "\n\nselect toDate(x) from values('x Nullable(String)', '2020-12-24', NULL, '0000-00-00', '', '9999-01-01');",
            "name": "01186_conversion_to_nullable.sql"
        },
        {
            "query": "\nselect toDateTime(x, 'Asia/Istanbul') from values('x Nullable(String)', '2020-12-24 01:02:03', NULL, '0000-00-00 00:00:00', '');",
            "name": "01186_conversion_to_nullable.sql"
        },
        {
            "query": "\nselect toDateTime64(x, 2, 'Asia/Istanbul') from values('x Nullable(String)', '2020-12-24 01:02:03', NULL, '0000-00-00 00:00:00', '');",
            "name": "01186_conversion_to_nullable.sql"
        },
        {
            "query": "\nselect toUnixTimestamp(x, 'Asia/Istanbul') from values ('x Nullable(String)', '2000-01-01 13:12:12', NULL, '');",
            "name": "01186_conversion_to_nullable.sql"
        },
        {
            "query": "\n\nselect toDecimal32(x, 2) from values ('x Nullable(String)', '42', NULL, '3.14159');",
            "name": "01186_conversion_to_nullable.sql"
        },
        {
            "query": "\nselect toDecimal64(x, 8) from values ('x Nullable(String)', '42', NULL, '3.14159');",
            "name": "01186_conversion_to_nullable.sql"
        },
        {
            "query": "\n\nselect toString(x) from values ('x Nullable(String)', '42', NULL, 'test');",
            "name": "01186_conversion_to_nullable.sql"
        },
        {
            "query": "\nselect toFixedString(x, 8) from values ('x Nullable(String)', '42', NULL, 'test');",
            "name": "01186_conversion_to_nullable.sql"
        }
    ]
}