{
    "name": "00926_adaptive_index_granularity_merge_tree.sql",
    "tests": [
        {
            "query": "-- Tags: no-random-merge-tree-settings\n\n----- Group of very similar simple tests ------\nselect '----HORIZONTAL MERGE TESTS----';",
            "name": "00926_adaptive_index_granularity_merge_tree.sql"
        },
        {
            "query": "\nDROP TABLE IF EXISTS zero_rows_per_granule;",
            "name": "00926_adaptive_index_granularity_merge_tree.sql"
        },
        {
            "query": "\n\nCREATE TABLE zero_rows_per_granule (\n  p Date,\n  k UInt64,\n  v1 UInt64,\n  v2 Int64\n) ENGINE MergeTree() PARTITION BY toYYYYMM(p) ORDER BY k SETTINGS index_granularity_bytes = 20, min_index_granularity_bytes = 10, write_final_mark = 0, min_bytes_for_wide_part = 0, min_rows_for_wide_part = 0;",
            "name": "00926_adaptive_index_granularity_merge_tree.sql"
        },
        {
            "query": "\n\nINSERT INTO zero_rows_per_granule (p, k, v1, v2) VALUES ('2018-05-15', 1, 1000, 2000), ('2018-05-16', 2, 3000, 4000), ('2018-05-17', 3, 5000, 6000), ('2018-05-18', 4, 7000, 8000);",
            "name": "00926_adaptive_index_granularity_merge_tree.sql"
        },
        {
            "query": "\n\nSELECT COUNT(*) FROM zero_rows_per_granule;",
            "name": "00926_adaptive_index_granularity_merge_tree.sql"
        },
        {
            "query": "\n\nSELECT distinct(marks) from system.parts WHERE table = 'zero_rows_per_granule' and database=currentDatabase() and active=1;",
            "name": "00926_adaptive_index_granularity_merge_tree.sql"
        },
        {
            "query": "\n\nINSERT INTO zero_rows_per_granule (p, k, v1, v2) VALUES ('2018-05-15', 5, 1000, 2000), ('2018-05-16', 6, 3000, 4000), ('2018-05-17', 7, 5000, 6000), ('2018-05-19', 8, 7000, 8000);",
            "name": "00926_adaptive_index_granularity_merge_tree.sql"
        },
        {
            "query": "\n\nOPTIMIZE TABLE zero_rows_per_granule FINAL;",
            "name": "00926_adaptive_index_granularity_merge_tree.sql"
        },
        {
            "query": "\n\nSELECT COUNT(*) FROM zero_rows_per_granule;",
            "name": "00926_adaptive_index_granularity_merge_tree.sql"
        },
        {
            "query": "\n\nSELECT distinct(marks) from system.parts WHERE table = 'zero_rows_per_granule' and database=currentDatabase() and active=1;",
            "name": "00926_adaptive_index_granularity_merge_tree.sql"
        },
        {
            "query": "\n\nDROP TABLE IF EXISTS zero_rows_per_granule;",
            "name": "00926_adaptive_index_granularity_merge_tree.sql"
        },
        {
            "query": "\n\nSELECT '-----';",
            "name": "00926_adaptive_index_granularity_merge_tree.sql"
        },
        {
            "query": "\n\nDROP TABLE IF EXISTS two_rows_per_granule;",
            "name": "00926_adaptive_index_granularity_merge_tree.sql"
        },
        {
            "query": "\n\nCREATE TABLE two_rows_per_granule (\n  p Date,\n  k UInt64,\n  v1 UInt64,\n  v2 Int64\n) ENGINE MergeTree() PARTITION BY toYYYYMM(p) ORDER BY k SETTINGS index_granularity_bytes = 40, min_index_granularity_bytes = 10, write_final_mark = 0, min_bytes_for_wide_part = 0, min_rows_for_wide_part = 0;",
            "name": "00926_adaptive_index_granularity_merge_tree.sql"
        },
        {
            "query": "\n\nINSERT INTO two_rows_per_granule (p, k, v1, v2) VALUES ('2018-05-15', 1, 1000, 2000), ('2018-05-16', 2, 3000, 4000), ('2018-05-17', 3, 5000, 6000), ('2018-05-18', 4, 7000, 8000);",
            "name": "00926_adaptive_index_granularity_merge_tree.sql"
        },
        {
            "query": "\n\nSELECT COUNT(*) FROM two_rows_per_granule;",
            "name": "00926_adaptive_index_granularity_merge_tree.sql"
        },
        {
            "query": "\n\nSELECT distinct(marks) from system.parts WHERE table = 'two_rows_per_granule' and database=currentDatabase() and active=1;",
            "name": "00926_adaptive_index_granularity_merge_tree.sql"
        },
        {
            "query": "\n\nINSERT INTO two_rows_per_granule (p, k, v1, v2) VALUES ('2018-05-15', 5, 1000, 2000), ('2018-05-16', 6, 3000, 4000), ('2018-05-17', 7, 5000, 6000), ('2018-05-19', 8, 7000, 8000);",
            "name": "00926_adaptive_index_granularity_merge_tree.sql"
        },
        {
            "query": "\n\nOPTIMIZE TABLE two_rows_per_granule FINAL;",
            "name": "00926_adaptive_index_granularity_merge_tree.sql"
        },
        {
            "query": "\n\nSELECT COUNT(*) FROM two_rows_per_granule;",
            "name": "00926_adaptive_index_granularity_merge_tree.sql"
        },
        {
            "query": "\n\nSELECT distinct(marks) from system.parts WHERE table = 'two_rows_per_granule' and database=currentDatabase() and active=1;",
            "name": "00926_adaptive_index_granularity_merge_tree.sql"
        },
        {
            "query": "\n\nDROP TABLE IF EXISTS two_rows_per_granule;",
            "name": "00926_adaptive_index_granularity_merge_tree.sql"
        },
        {
            "query": "\n\nSELECT '-----';",
            "name": "00926_adaptive_index_granularity_merge_tree.sql"
        },
        {
            "query": "\n\nDROP TABLE IF EXISTS four_rows_per_granule;",
            "name": "00926_adaptive_index_granularity_merge_tree.sql"
        },
        {
            "query": "\n\nCREATE TABLE four_rows_per_granule (\n  p Date,\n  k UInt64,\n  v1 UInt64,\n  v2 Int64\n) ENGINE MergeTree() PARTITION BY toYYYYMM(p) ORDER BY k SETTINGS index_granularity_bytes = 110, min_index_granularity_bytes = 10, write_final_mark = 0, min_bytes_for_wide_part = 0, min_rows_for_wide_part = 0;",
            "name": "00926_adaptive_index_granularity_merge_tree.sql"
        },
        {
            "query": "\n\nINSERT INTO four_rows_per_granule (p, k, v1, v2) VALUES ('2018-05-15', 1, 1000, 2000), ('2018-05-16', 2, 3000, 4000), ('2018-05-17', 3, 5000, 6000), ('2018-05-18', 4, 7000, 8000);",
            "name": "00926_adaptive_index_granularity_merge_tree.sql"
        },
        {
            "query": "\n\nSELECT COUNT(*) FROM four_rows_per_granule;",
            "name": "00926_adaptive_index_granularity_merge_tree.sql"
        },
        {
            "query": "\n\nSELECT distinct(marks) from system.parts WHERE table = 'four_rows_per_granule' and database=currentDatabase() and active=1;",
            "name": "00926_adaptive_index_granularity_merge_tree.sql"
        },
        {
            "query": "\nDETACH TABLE four_rows_per_granule;",
            "name": "00926_adaptive_index_granularity_merge_tree.sql"
        },
        {
            "query": "\nATTACH TABLE four_rows_per_granule;",
            "name": "00926_adaptive_index_granularity_merge_tree.sql"
        },
        {
            "query": "\n\nINSERT INTO four_rows_per_granule (p, k, v1, v2) VALUES ('2018-05-15', 5, 1000, 2000), ('2018-05-16', 6, 3000, 4000), ('2018-05-17', 7, 5000, 6000), ('2018-05-19', 8, 7000, 8000);",
            "name": "00926_adaptive_index_granularity_merge_tree.sql"
        },
        {
            "query": "\n\nOPTIMIZE TABLE four_rows_per_granule FINAL;",
            "name": "00926_adaptive_index_granularity_merge_tree.sql"
        },
        {
            "query": "\n\nDETACH TABLE four_rows_per_granule;",
            "name": "00926_adaptive_index_granularity_merge_tree.sql"
        },
        {
            "query": "\n\nATTACH TABLE four_rows_per_granule;",
            "name": "00926_adaptive_index_granularity_merge_tree.sql"
        },
        {
            "query": "\n\nSELECT COUNT(*) FROM four_rows_per_granule;",
            "name": "00926_adaptive_index_granularity_merge_tree.sql"
        },
        {
            "query": "\n\nSELECT distinct(marks) from system.parts WHERE table = 'four_rows_per_granule' and database=currentDatabase() and active=1;",
            "name": "00926_adaptive_index_granularity_merge_tree.sql"
        },
        {
            "query": "\n\nDROP TABLE IF EXISTS four_rows_per_granule;",
            "name": "00926_adaptive_index_granularity_merge_tree.sql"
        },
        {
            "query": "\n\n-----  More interesting tests ------\nSELECT '-----';",
            "name": "00926_adaptive_index_granularity_merge_tree.sql"
        },
        {
            "query": "\n\nDROP TABLE IF EXISTS huge_granularity_small_blocks;",
            "name": "00926_adaptive_index_granularity_merge_tree.sql"
        },
        {
            "query": "\n\nCREATE TABLE huge_granularity_small_blocks (\n  p Date,\n  k UInt64,\n  v1 UInt64,\n  v2 Int64\n) ENGINE MergeTree() PARTITION BY toYYYYMM(p) ORDER BY k SETTINGS index_granularity_bytes = 1000000, write_final_mark = 0, min_bytes_for_wide_part = 0, min_rows_for_wide_part = 0;",
            "name": "00926_adaptive_index_granularity_merge_tree.sql"
        },
        {
            "query": "\n\nINSERT INTO huge_granularity_small_blocks (p, k, v1, v2) VALUES ('2018-05-15', 1, 1000, 2000), ('2018-05-16', 2, 3000, 4000), ('2018-05-17', 3, 5000, 6000), ('2018-05-18', 4, 7000, 8000);",
            "name": "00926_adaptive_index_granularity_merge_tree.sql"
        },
        {
            "query": "\n\nSELECT COUNT(*) FROM huge_granularity_small_blocks;",
            "name": "00926_adaptive_index_granularity_merge_tree.sql"
        },
        {
            "query": "\n\nSELECT distinct(marks) from system.parts WHERE table = 'huge_granularity_small_blocks' and database=currentDatabase() and active=1;",
            "name": "00926_adaptive_index_granularity_merge_tree.sql"
        },
        {
            "query": "\n\nINSERT INTO huge_granularity_small_blocks (p, k, v1, v2) VALUES ('2018-05-15', 1, 1000, 2000), ('2018-05-16', 5, 3000, 4000), ('2018-05-17', 6, 5000, 6000), ('2018-05-19', 7, 7000, 8000);",
            "name": "00926_adaptive_index_granularity_merge_tree.sql"
        },
        {
            "query": "\n\nDETACH TABLE huge_granularity_small_blocks;",
            "name": "00926_adaptive_index_granularity_merge_tree.sql"
        },
        {
            "query": "\n\nATTACH TABLE huge_granularity_small_blocks;",
            "name": "00926_adaptive_index_granularity_merge_tree.sql"
        },
        {
            "query": "\n\nOPTIMIZE TABLE huge_granularity_small_blocks FINAL;",
            "name": "00926_adaptive_index_granularity_merge_tree.sql"
        },
        {
            "query": "\n\nSELECT COUNT(*) FROM huge_granularity_small_blocks;",
            "name": "00926_adaptive_index_granularity_merge_tree.sql"
        },
        {
            "query": "\n\nSELECT distinct(marks) from system.parts WHERE table = 'huge_granularity_small_blocks' and database=currentDatabase() and active=1;",
            "name": "00926_adaptive_index_granularity_merge_tree.sql"
        },
        {
            "query": "\n\nDROP TABLE IF EXISTS huge_granularity_small_blocks;",
            "name": "00926_adaptive_index_granularity_merge_tree.sql"
        },
        {
            "query": "\n\nSELECT '-----';",
            "name": "00926_adaptive_index_granularity_merge_tree.sql"
        },
        {
            "query": "\n\nDROP TABLE IF EXISTS adaptive_granularity_alter;",
            "name": "00926_adaptive_index_granularity_merge_tree.sql"
        },
        {
            "query": "\n\nCREATE TABLE adaptive_granularity_alter (\n  p Date,\n  k UInt64,\n  v1 UInt64,\n  v2 Int64\n) ENGINE MergeTree() PARTITION BY toYYYYMM(p) ORDER BY k SETTINGS index_granularity_bytes = 110, min_index_granularity_bytes = 100, write_final_mark = 0, min_bytes_for_wide_part = 0, min_rows_for_wide_part = 0;",
            "name": "00926_adaptive_index_granularity_merge_tree.sql"
        },
        {
            "query": "\n\nINSERT INTO adaptive_granularity_alter (p, k, v1, v2) VALUES ('2018-05-15', 1, 1000, 2000), ('2018-05-16', 2, 3000, 4000), ('2018-05-17', 3, 5000, 6000), ('2018-05-18', 4, 7000, 8000);",
            "name": "00926_adaptive_index_granularity_merge_tree.sql"
        },
        {
            "query": "\n\nSELECT COUNT(*) FROM adaptive_granularity_alter;",
            "name": "00926_adaptive_index_granularity_merge_tree.sql"
        },
        {
            "query": "\n\nSELECT distinct(marks) from system.parts WHERE table = 'adaptive_granularity_alter' and database=currentDatabase() and active=1;",
            "name": "00926_adaptive_index_granularity_merge_tree.sql"
        },
        {
            "query": "\n\nOPTIMIZE TABLE adaptive_granularity_alter FINAL;",
            "name": "00926_adaptive_index_granularity_merge_tree.sql"
        },
        {
            "query": "\n\nALTER TABLE adaptive_granularity_alter MODIFY COLUMN v1 Int16;",
            "name": "00926_adaptive_index_granularity_merge_tree.sql"
        },
        {
            "query": "\n\nDETACH TABLE adaptive_granularity_alter;",
            "name": "00926_adaptive_index_granularity_merge_tree.sql"
        },
        {
            "query": "\n\nATTACH TABLE adaptive_granularity_alter;",
            "name": "00926_adaptive_index_granularity_merge_tree.sql"
        },
        {
            "query": "\n\nSELECT COUNT(*) FROM adaptive_granularity_alter;",
            "name": "00926_adaptive_index_granularity_merge_tree.sql"
        },
        {
            "query": "\n\nSELECT distinct(marks) from system.parts WHERE table = 'adaptive_granularity_alter' and database=currentDatabase() and active=1;",
            "name": "00926_adaptive_index_granularity_merge_tree.sql"
        },
        {
            "query": "\n\nINSERT INTO adaptive_granularity_alter (p, k, v1, v2) VALUES ('2018-05-15', 1, 1000, 2000), ('2018-05-16', 5, 3000, 4000), ('2018-05-17', 6, 5000, 6000), ('2018-05-19', 42, 42, 42);",
            "name": "00926_adaptive_index_granularity_merge_tree.sql"
        },
        {
            "query": "\n\nSELECT COUNT(*) FROM adaptive_granularity_alter;",
            "name": "00926_adaptive_index_granularity_merge_tree.sql"
        },
        {
            "query": "\n\nSELECT distinct(marks) from system.parts WHERE table = 'adaptive_granularity_alter' and database=currentDatabase() and active=1;",
            "name": "00926_adaptive_index_granularity_merge_tree.sql"
        },
        {
            "query": "\n\nALTER TABLE adaptive_granularity_alter MODIFY COLUMN v2 String;",
            "name": "00926_adaptive_index_granularity_merge_tree.sql"
        },
        {
            "query": "\n\nDETACH TABLE adaptive_granularity_alter;",
            "name": "00926_adaptive_index_granularity_merge_tree.sql"
        },
        {
            "query": "\n\nATTACH TABLE adaptive_granularity_alter;",
            "name": "00926_adaptive_index_granularity_merge_tree.sql"
        },
        {
            "query": "\n\nINSERT INTO adaptive_granularity_alter (p, k, v1, v2) VALUES ('2018-05-15', 100, 1000, 'aaaa'), ('2018-05-16', 101, 3000, 'bbbb'), ('2018-05-17', 102, 5000, 'cccc'), ('2018-05-19', 103, 7000, 'dddd');",
            "name": "00926_adaptive_index_granularity_merge_tree.sql"
        },
        {
            "query": "\n\nOPTIMIZE TABLE adaptive_granularity_alter FINAL;",
            "name": "00926_adaptive_index_granularity_merge_tree.sql"
        },
        {
            "query": "\n\nSELECT k, v2 FROM adaptive_granularity_alter WHERE k >= 100 OR k = 42 ORDER BY k;",
            "name": "00926_adaptive_index_granularity_merge_tree.sql"
        },
        {
            "query": "\n\nSELECT sum(marks) from system.parts WHERE table = 'adaptive_granularity_alter' and database=currentDatabase() and active=1;",
            "name": "00926_adaptive_index_granularity_merge_tree.sql"
        },
        {
            "query": "\n\nDROP TABLE IF EXISTS adaptive_granularity_alter;",
            "name": "00926_adaptive_index_granularity_merge_tree.sql"
        },
        {
            "query": "\n\n-----------------------------------------------\n-------------VERTICAL MERGE TESTS--------------\n-----------------------------------------------\nselect '----VERTICAL MERGE TESTS----';",
            "name": "00926_adaptive_index_granularity_merge_tree.sql"
        },
        {
            "query": "\nDROP TABLE IF EXISTS zero_rows_per_granule;",
            "name": "00926_adaptive_index_granularity_merge_tree.sql"
        },
        {
            "query": "\n\nCREATE TABLE zero_rows_per_granule (\n  p Date,\n  k UInt64,\n  v1 UInt64,\n  v2 Int64\n) ENGINE MergeTree() PARTITION BY toYYYYMM(p) ORDER BY k\n  SETTINGS index_granularity_bytes = 20,\n           min_index_granularity_bytes = 10,\n           write_final_mark = 0,\n           enable_vertical_merge_algorithm=1,\n           vertical_merge_algorithm_min_rows_to_activate=0,\n           vertical_merge_algorithm_min_columns_to_activate=0,\n           min_bytes_for_wide_part = 0,\n           min_rows_for_wide_part = 0;",
            "name": "00926_adaptive_index_granularity_merge_tree.sql"
        },
        {
            "query": "\n\n\nINSERT INTO zero_rows_per_granule (p, k, v1, v2) VALUES ('2018-05-15', 1, 1000, 2000), ('2018-05-16', 2, 3000, 4000), ('2018-05-17', 3, 5000, 6000), ('2018-05-18', 4, 7000, 8000);",
            "name": "00926_adaptive_index_granularity_merge_tree.sql"
        },
        {
            "query": "\n\nSELECT COUNT(*) FROM zero_rows_per_granule;",
            "name": "00926_adaptive_index_granularity_merge_tree.sql"
        },
        {
            "query": "\n\nSELECT distinct(marks) from system.parts WHERE table = 'zero_rows_per_granule' and database=currentDatabase() and active=1;",
            "name": "00926_adaptive_index_granularity_merge_tree.sql"
        },
        {
            "query": "\n\nINSERT INTO zero_rows_per_granule (p, k, v1, v2) VALUES ('2018-05-15', 5, 1000, 2000), ('2018-05-16', 6, 3000, 4000), ('2018-05-17', 7, 5000, 6000), ('2018-05-19', 8, 7000, 8000);",
            "name": "00926_adaptive_index_granularity_merge_tree.sql"
        },
        {
            "query": "\n\nOPTIMIZE TABLE zero_rows_per_granule FINAL;",
            "name": "00926_adaptive_index_granularity_merge_tree.sql"
        },
        {
            "query": "\n\nSELECT COUNT(*) FROM zero_rows_per_granule;",
            "name": "00926_adaptive_index_granularity_merge_tree.sql"
        },
        {
            "query": "\n\nSELECT distinct(marks) from system.parts WHERE table = 'zero_rows_per_granule' and database=currentDatabase() and active=1;",
            "name": "00926_adaptive_index_granularity_merge_tree.sql"
        },
        {
            "query": "\n\nDROP TABLE IF EXISTS zero_rows_per_granule;",
            "name": "00926_adaptive_index_granularity_merge_tree.sql"
        },
        {
            "query": "\n\nSELECT '-----';",
            "name": "00926_adaptive_index_granularity_merge_tree.sql"
        },
        {
            "query": "\n\nDROP TABLE IF EXISTS two_rows_per_granule;",
            "name": "00926_adaptive_index_granularity_merge_tree.sql"
        },
        {
            "query": "\n\nCREATE TABLE two_rows_per_granule (\n  p Date,\n  k UInt64,\n  v1 UInt64,\n  v2 Int64\n) ENGINE MergeTree() PARTITION BY toYYYYMM(p) ORDER BY k\n  SETTINGS index_granularity_bytes=40,\n           min_index_granularity_bytes = 10,\n           write_final_mark = 0,\n           enable_vertical_merge_algorithm=1,\n           vertical_merge_algorithm_min_rows_to_activate=0,\n           vertical_merge_algorithm_min_columns_to_activate=0,\n           min_bytes_for_wide_part = 0,\n           min_rows_for_wide_part = 0;",
            "name": "00926_adaptive_index_granularity_merge_tree.sql"
        },
        {
            "query": "\n\nINSERT INTO two_rows_per_granule (p, k, v1, v2) VALUES ('2018-05-15', 1, 1000, 2000), ('2018-05-16', 2, 3000, 4000), ('2018-05-17', 3, 5000, 6000), ('2018-05-18', 4, 7000, 8000);",
            "name": "00926_adaptive_index_granularity_merge_tree.sql"
        },
        {
            "query": "\n\nSELECT COUNT(*) FROM two_rows_per_granule;",
            "name": "00926_adaptive_index_granularity_merge_tree.sql"
        },
        {
            "query": "\n\nSELECT distinct(marks) from system.parts WHERE table = 'two_rows_per_granule' and database=currentDatabase() and active=1;",
            "name": "00926_adaptive_index_granularity_merge_tree.sql"
        },
        {
            "query": "\n\nINSERT INTO two_rows_per_granule (p, k, v1, v2) VALUES ('2018-05-15', 5, 1000, 2000), ('2018-05-16', 6, 3000, 4000), ('2018-05-17', 7, 5000, 6000), ('2018-05-19', 8, 7000, 8000);",
            "name": "00926_adaptive_index_granularity_merge_tree.sql"
        },
        {
            "query": "\n\nOPTIMIZE TABLE two_rows_per_granule FINAL;",
            "name": "00926_adaptive_index_granularity_merge_tree.sql"
        },
        {
            "query": "\n\nSELECT COUNT(*) FROM two_rows_per_granule;",
            "name": "00926_adaptive_index_granularity_merge_tree.sql"
        },
        {
            "query": "\n\nSELECT distinct(marks) from system.parts WHERE table = 'two_rows_per_granule' and database=currentDatabase() and active=1;",
            "name": "00926_adaptive_index_granularity_merge_tree.sql"
        },
        {
            "query": "\n\nDROP TABLE IF EXISTS two_rows_per_granule;",
            "name": "00926_adaptive_index_granularity_merge_tree.sql"
        },
        {
            "query": "\n\nSELECT '-----';",
            "name": "00926_adaptive_index_granularity_merge_tree.sql"
        },
        {
            "query": "\n\nDROP TABLE IF EXISTS four_rows_per_granule;",
            "name": "00926_adaptive_index_granularity_merge_tree.sql"
        },
        {
            "query": "\n\nCREATE TABLE four_rows_per_granule (\n  p Date,\n  k UInt64,\n  v1 UInt64,\n  v2 Int64\n) ENGINE MergeTree() PARTITION BY toYYYYMM(p) ORDER BY k\n  SETTINGS index_granularity_bytes = 110,\n           min_index_granularity_bytes = 10,\n           write_final_mark = 0,\n           enable_vertical_merge_algorithm=1,\n           vertical_merge_algorithm_min_rows_to_activate=0,\n           vertical_merge_algorithm_min_columns_to_activate=0,\n           min_bytes_for_wide_part = 0,\n           min_rows_for_wide_part = 0;",
            "name": "00926_adaptive_index_granularity_merge_tree.sql"
        },
        {
            "query": "\n\nINSERT INTO four_rows_per_granule (p, k, v1, v2) VALUES ('2018-05-15', 1, 1000, 2000), ('2018-05-16', 2, 3000, 4000), ('2018-05-17', 3, 5000, 6000), ('2018-05-18', 4, 7000, 8000);",
            "name": "00926_adaptive_index_granularity_merge_tree.sql"
        },
        {
            "query": "\n\nSELECT COUNT(*) FROM four_rows_per_granule;",
            "name": "00926_adaptive_index_granularity_merge_tree.sql"
        },
        {
            "query": "\n\nSELECT distinct(marks) from system.parts WHERE table = 'four_rows_per_granule' and database=currentDatabase() and active=1;",
            "name": "00926_adaptive_index_granularity_merge_tree.sql"
        },
        {
            "query": "\nDETACH TABLE four_rows_per_granule;",
            "name": "00926_adaptive_index_granularity_merge_tree.sql"
        },
        {
            "query": "\nATTACH TABLE four_rows_per_granule;",
            "name": "00926_adaptive_index_granularity_merge_tree.sql"
        },
        {
            "query": "\n\nINSERT INTO four_rows_per_granule (p, k, v1, v2) VALUES ('2018-05-15', 5, 1000, 2000), ('2018-05-16', 6, 3000, 4000), ('2018-05-17', 7, 5000, 6000), ('2018-05-19', 8, 7000, 8000);",
            "name": "00926_adaptive_index_granularity_merge_tree.sql"
        },
        {
            "query": "\n\nOPTIMIZE TABLE four_rows_per_granule FINAL;",
            "name": "00926_adaptive_index_granularity_merge_tree.sql"
        },
        {
            "query": "\n\nDETACH TABLE four_rows_per_granule;",
            "name": "00926_adaptive_index_granularity_merge_tree.sql"
        },
        {
            "query": "\n\nATTACH TABLE four_rows_per_granule;",
            "name": "00926_adaptive_index_granularity_merge_tree.sql"
        },
        {
            "query": "\n\nSELECT COUNT(*) FROM four_rows_per_granule;",
            "name": "00926_adaptive_index_granularity_merge_tree.sql"
        },
        {
            "query": "\n\nSELECT distinct(marks) from system.parts WHERE table = 'four_rows_per_granule' and database=currentDatabase() and active=1;",
            "name": "00926_adaptive_index_granularity_merge_tree.sql"
        },
        {
            "query": "\n\nDROP TABLE IF EXISTS four_rows_per_granule;",
            "name": "00926_adaptive_index_granularity_merge_tree.sql"
        },
        {
            "query": "\n\n-----  More interesting tests ------\nSELECT '-----';",
            "name": "00926_adaptive_index_granularity_merge_tree.sql"
        },
        {
            "query": "\n\nDROP TABLE IF EXISTS huge_granularity_small_blocks;",
            "name": "00926_adaptive_index_granularity_merge_tree.sql"
        },
        {
            "query": "\n\nCREATE TABLE huge_granularity_small_blocks (\n  p Date,\n  k UInt64,\n  v1 UInt64,\n  v2 Int64\n) ENGINE MergeTree() PARTITION BY toYYYYMM(p) ORDER BY k\n  SETTINGS index_granularity_bytes=1000000, write_final_mark = 0,\n           enable_vertical_merge_algorithm=1,\n           vertical_merge_algorithm_min_rows_to_activate=0,\n           vertical_merge_algorithm_min_columns_to_activate=0,\n           min_bytes_for_wide_part = 0,\n           min_rows_for_wide_part = 0;",
            "name": "00926_adaptive_index_granularity_merge_tree.sql"
        },
        {
            "query": "\n\nINSERT INTO huge_granularity_small_blocks (p, k, v1, v2) VALUES ('2018-05-15', 1, 1000, 2000), ('2018-05-16', 2, 3000, 4000), ('2018-05-17', 3, 5000, 6000), ('2018-05-18', 4, 7000, 8000);",
            "name": "00926_adaptive_index_granularity_merge_tree.sql"
        },
        {
            "query": "\n\nSELECT COUNT(*) FROM huge_granularity_small_blocks;",
            "name": "00926_adaptive_index_granularity_merge_tree.sql"
        },
        {
            "query": "\n\nSELECT distinct(marks) from system.parts WHERE table = 'huge_granularity_small_blocks' and database=currentDatabase() and active=1;",
            "name": "00926_adaptive_index_granularity_merge_tree.sql"
        },
        {
            "query": "\n\nINSERT INTO huge_granularity_small_blocks (p, k, v1, v2) VALUES ('2018-05-15', 1, 1000, 2000), ('2018-05-16', 5, 3000, 4000), ('2018-05-17', 6, 5000, 6000), ('2018-05-19', 7, 7000, 8000);",
            "name": "00926_adaptive_index_granularity_merge_tree.sql"
        },
        {
            "query": "\n\nDETACH TABLE huge_granularity_small_blocks;",
            "name": "00926_adaptive_index_granularity_merge_tree.sql"
        },
        {
            "query": "\n\nATTACH TABLE huge_granularity_small_blocks;",
            "name": "00926_adaptive_index_granularity_merge_tree.sql"
        },
        {
            "query": "\n\nOPTIMIZE TABLE huge_granularity_small_blocks FINAL;",
            "name": "00926_adaptive_index_granularity_merge_tree.sql"
        },
        {
            "query": "\n\nSELECT COUNT(*) FROM huge_granularity_small_blocks;",
            "name": "00926_adaptive_index_granularity_merge_tree.sql"
        },
        {
            "query": "\n\nSELECT distinct(marks) from system.parts WHERE table = 'huge_granularity_small_blocks' and database=currentDatabase() and active=1;",
            "name": "00926_adaptive_index_granularity_merge_tree.sql"
        },
        {
            "query": "\n\nDROP TABLE IF EXISTS huge_granularity_small_blocks;",
            "name": "00926_adaptive_index_granularity_merge_tree.sql"
        },
        {
            "query": "\n\nSELECT '-----';",
            "name": "00926_adaptive_index_granularity_merge_tree.sql"
        },
        {
            "query": "\n\nDROP TABLE IF EXISTS adaptive_granularity_alter;",
            "name": "00926_adaptive_index_granularity_merge_tree.sql"
        },
        {
            "query": "\n\nCREATE TABLE adaptive_granularity_alter (\n  p Date,\n  k UInt64,\n  v1 UInt64,\n  v2 Int64\n) ENGINE MergeTree() PARTITION BY toYYYYMM(p) ORDER BY k\n  SETTINGS index_granularity_bytes=110,\n           min_index_granularity_bytes = 100,\n           write_final_mark = 0,\n           enable_vertical_merge_algorithm=1,\n           vertical_merge_algorithm_min_rows_to_activate=0,\n           vertical_merge_algorithm_min_columns_to_activate=0,\n           min_bytes_for_wide_part = 0,\n           min_rows_for_wide_part = 0;",
            "name": "00926_adaptive_index_granularity_merge_tree.sql"
        },
        {
            "query": "\n\n\nINSERT INTO adaptive_granularity_alter (p, k, v1, v2) VALUES ('2018-05-15', 1, 1000, 2000), ('2018-05-16', 2, 3000, 4000), ('2018-05-17', 3, 5000, 6000), ('2018-05-18', 4, 7000, 8000);",
            "name": "00926_adaptive_index_granularity_merge_tree.sql"
        },
        {
            "query": "\n\nSELECT COUNT(*) FROM adaptive_granularity_alter;",
            "name": "00926_adaptive_index_granularity_merge_tree.sql"
        },
        {
            "query": "\n\nSELECT distinct(marks) from system.parts WHERE table = 'adaptive_granularity_alter' and database=currentDatabase() and active=1;",
            "name": "00926_adaptive_index_granularity_merge_tree.sql"
        },
        {
            "query": "\n\nOPTIMIZE TABLE adaptive_granularity_alter FINAL;",
            "name": "00926_adaptive_index_granularity_merge_tree.sql"
        },
        {
            "query": "\n\nALTER TABLE adaptive_granularity_alter MODIFY COLUMN v1 Int16;",
            "name": "00926_adaptive_index_granularity_merge_tree.sql"
        },
        {
            "query": "\n\nDETACH TABLE adaptive_granularity_alter;",
            "name": "00926_adaptive_index_granularity_merge_tree.sql"
        },
        {
            "query": "\n\nATTACH TABLE adaptive_granularity_alter;",
            "name": "00926_adaptive_index_granularity_merge_tree.sql"
        },
        {
            "query": "\n\nSELECT COUNT(*) FROM adaptive_granularity_alter;",
            "name": "00926_adaptive_index_granularity_merge_tree.sql"
        },
        {
            "query": "\n\nSELECT distinct(marks) from system.parts WHERE table = 'adaptive_granularity_alter' and database=currentDatabase() and active=1;",
            "name": "00926_adaptive_index_granularity_merge_tree.sql"
        },
        {
            "query": "\n\nINSERT INTO adaptive_granularity_alter (p, k, v1, v2) VALUES ('2018-05-15', 1, 1000, 2000), ('2018-05-16', 5, 3000, 4000), ('2018-05-17', 6, 5000, 6000), ('2018-05-19', 42, 42, 42);",
            "name": "00926_adaptive_index_granularity_merge_tree.sql"
        },
        {
            "query": "\n\nSELECT COUNT(*) FROM adaptive_granularity_alter;",
            "name": "00926_adaptive_index_granularity_merge_tree.sql"
        },
        {
            "query": "\n\nSELECT distinct(marks) from system.parts WHERE table = 'adaptive_granularity_alter' and database=currentDatabase() and active=1;",
            "name": "00926_adaptive_index_granularity_merge_tree.sql"
        },
        {
            "query": "\n\nALTER TABLE adaptive_granularity_alter MODIFY COLUMN v2 String;",
            "name": "00926_adaptive_index_granularity_merge_tree.sql"
        },
        {
            "query": "\n\nDETACH TABLE adaptive_granularity_alter;",
            "name": "00926_adaptive_index_granularity_merge_tree.sql"
        },
        {
            "query": "\n\nATTACH TABLE adaptive_granularity_alter;",
            "name": "00926_adaptive_index_granularity_merge_tree.sql"
        },
        {
            "query": "\n\nINSERT INTO adaptive_granularity_alter (p, k, v1, v2) VALUES ('2018-05-15', 100, 1000, 'aaaa'), ('2018-05-16', 101, 3000, 'bbbb'), ('2018-05-17', 102, 5000, 'cccc'), ('2018-05-19', 103, 7000, 'dddd');",
            "name": "00926_adaptive_index_granularity_merge_tree.sql"
        },
        {
            "query": "\n\nOPTIMIZE TABLE adaptive_granularity_alter FINAL;",
            "name": "00926_adaptive_index_granularity_merge_tree.sql"
        },
        {
            "query": "\n\nSELECT k, v2 FROM adaptive_granularity_alter WHERE k >= 100 OR k = 42 ORDER BY k;",
            "name": "00926_adaptive_index_granularity_merge_tree.sql"
        },
        {
            "query": "\n\nSELECT sum(marks) from system.parts WHERE table = 'adaptive_granularity_alter' and database=currentDatabase() and active=1;",
            "name": "00926_adaptive_index_granularity_merge_tree.sql"
        },
        {
            "query": "\n\nDROP TABLE IF EXISTS adaptive_granularity_alter;",
            "name": "00926_adaptive_index_granularity_merge_tree.sql"
        }
    ]
}