{
    "name": "03120_analyzer_param_in_CTE_alias.sql",
    "tests": [
        {
            "query": "-- https://github.com/ClickHouse/ClickHouse/issues/33000\nSET allow_experimental_analyzer=1;",
            "name": "03120_analyzer_param_in_CTE_alias.sql"
        },
        {
            "query": "\n\nSET param_test_a=30;",
            "name": "03120_analyzer_param_in_CTE_alias.sql"
        },
        {
            "query": "\n\nWITH {test_a:UInt32} as column SELECT column as number FROM numbers(2) FORMAT TSVWithNames;",
            "name": "03120_analyzer_param_in_CTE_alias.sql"
        },
        {
            "query": "\n\nWITH {test_a:UInt32} as column SELECT {test_a:UInt32} as number FROM numbers(2) FORMAT TSVWithNames;",
            "name": "03120_analyzer_param_in_CTE_alias.sql"
        },
        {
            "query": "\n\nWITH {test_a:UInt32} as column SELECT column FROM numbers(2) FORMAT TSVWithNames;",
            "name": "03120_analyzer_param_in_CTE_alias.sql"
        }
    ]
}