{
    "name": "02477_fuse_quantiles.sql",
    "tests": [
        {
            "query": "SET allow_experimental_analyzer = 1;",
            "name": "02477_fuse_quantiles.sql"
        },
        {
            "query": "\nSET optimize_syntax_fuse_functions = 1;",
            "name": "02477_fuse_quantiles.sql"
        },
        {
            "query": "\n\nDROP TABLE IF EXISTS fuse_tbl;",
            "name": "02477_fuse_quantiles.sql"
        },
        {
            "query": "\n\nCREATE TABLE fuse_tbl(a Nullable(Int32), b Int32) Engine = Log;",
            "name": "02477_fuse_quantiles.sql"
        },
        {
            "query": "\n\nINSERT INTO fuse_tbl SELECT number, number + 1 FROM numbers(1000);",
            "name": "02477_fuse_quantiles.sql"
        },
        {
            "query": "\n\nSELECT quantile(0.8)(a), toTypeName(quantile(0.8)(a)), quantile(0.9)(a), toTypeName(quantile(0.9)(a)) FROM fuse_tbl;",
            "name": "02477_fuse_quantiles.sql"
        },
        {
            "query": "\nSELECT quantile(0.8)(b), toTypeName(quantile(0.8)(b)), quantile(0.9)(b), toTypeName(quantile(0.9)(b)) FROM fuse_tbl;",
            "name": "02477_fuse_quantiles.sql"
        },
        {
            "query": "\nSELECT quantile(0.8)(b), toTypeName(quantile(0.8)(b)), quantile(0.1)(b), toTypeName(quantile(0.1)(b)) FROM fuse_tbl;",
            "name": "02477_fuse_quantiles.sql"
        },
        {
            "query": "\n\nSELECT quantile(a - 1), quantile(b - 1) + 1, quantile(0.8)(b - 1) + 1, quantile(0.8)(b - 1) + 2, quantile(0.9)(b - 1) + 1 FROM fuse_tbl;",
            "name": "02477_fuse_quantiles.sql"
        },
        {
            "query": "\n\nSELECT quantile(0.5)(b), quantile(0.9)(b) from (SELECT x + 1 as b FROM (SELECT quantile(0.5)(b) as x, quantile(0.9)(b) FROM fuse_tbl) GROUP BY x);",
            "name": "02477_fuse_quantiles.sql"
        },
        {
            "query": "\nEXPLAIN QUERY TREE run_passes = 1 SELECT quantile(0.5)(b), quantile(0.9)(b) from (SELECT x + 1 as b FROM (SELECT quantile(0.5)(b) as x, quantile(0.9)(b) FROM fuse_tbl) GROUP BY x);",
            "name": "02477_fuse_quantiles.sql"
        },
        {
            "query": "\n\nDROP TABLE fuse_tbl;",
            "name": "02477_fuse_quantiles.sql"
        }
    ]
}