{
    "name": "01021_only_tuple_columns.sql",
    "tests": [
        {
            "query": "\nCREATE TABLE test\n(\n    `x` Tuple(UInt64, UInt64)\n)\nENGINE = MergeTree\nORDER BY x;",
            "name": "01021_only_tuple_columns.sql"
        },
        {
            "query": "\n\nINSERT INTO test SELECT (number, number) FROM numbers(1000000);",
            "name": "01021_only_tuple_columns.sql"
        },
        {
            "query": "\n\nSELECT COUNT() FROM test;",
            "name": "01021_only_tuple_columns.sql"
        },
        {
            "query": "\n\nALTER TABLE test DETACH PARTITION tuple();",
            "name": "01021_only_tuple_columns.sql"
        },
        {
            "query": "\n\nALTER TABLE test ATTACH PARTITION tuple();",
            "name": "01021_only_tuple_columns.sql"
        },
        {
            "query": "\n\nSELECT COUNT() FROM test;",
            "name": "01021_only_tuple_columns.sql"
        },
        {
            "query": "\n\nDETACH TABLE test;",
            "name": "01021_only_tuple_columns.sql"
        },
        {
            "query": "\n\nATTACH TABLE test;",
            "name": "01021_only_tuple_columns.sql"
        },
        {
            "query": "\n\nSELECT COUNT() FROM test;",
            "name": "01021_only_tuple_columns.sql"
        },
        {
            "query": "\n\nDROP TABLE test;",
            "name": "01021_only_tuple_columns.sql"
        }
    ]
}