{
    "name": "02490_replacing_merge_tree_is_deleted_column.sql",
    "tests": [
        {
            "query": "-- Tags: zookeeper\n\n-- Settings allow_deprecated_syntax_for_merge_tree prevent to enable the is_deleted column\nset allow_deprecated_syntax_for_merge_tree=0;",
            "name": "02490_replacing_merge_tree_is_deleted_column.sql"
        },
        {
            "query": "\n\n-- Test the bahaviour without the is_deleted column\nDROP TABLE IF EXISTS test;",
            "name": "02490_replacing_merge_tree_is_deleted_column.sql"
        },
        {
            "query": "\nCREATE TABLE test (uid String, version UInt32, is_deleted UInt8) ENGINE = ReplacingMergeTree(version) Order by (uid) settings allow_experimental_replacing_merge_with_cleanup=1;",
            "name": "02490_replacing_merge_tree_is_deleted_column.sql"
        },
        {
            "query": "\nINSERT INTO test (*) VALUES ('d1', 1, 0), ('d2', 1, 0), ('d6', 1, 0), ('d4', 1, 0), ('d6', 2, 1), ('d3', 1, 0), ('d1', 2, 1), ('d5', 1, 0), ('d4', 2, 1), ('d1', 3, 0), ('d1', 4, 1), ('d4', 3, 0), ('d1', 5, 0);",
            "name": "02490_replacing_merge_tree_is_deleted_column.sql"
        },
        {
            "query": "\nSELECT '== Test SELECT ... FINAL - no is_deleted ==';",
            "name": "02490_replacing_merge_tree_is_deleted_column.sql"
        },
        {
            "query": "\nselect * from test FINAL order by uid;",
            "name": "02490_replacing_merge_tree_is_deleted_column.sql"
        },
        {
            "query": "\nOPTIMIZE TABLE test FINAL CLEANUP;",
            "name": "02490_replacing_merge_tree_is_deleted_column.sql"
        },
        {
            "query": "\nselect * from test order by uid;",
            "name": "02490_replacing_merge_tree_is_deleted_column.sql"
        },
        {
            "query": "\n\nDROP TABLE IF EXISTS test;",
            "name": "02490_replacing_merge_tree_is_deleted_column.sql"
        },
        {
            "query": "\nCREATE TABLE test (uid String, version UInt32, is_deleted UInt8) ENGINE = ReplacingMergeTree(version) Order by (uid) SETTINGS clean_deleted_rows='Always', allow_experimental_replacing_merge_with_cleanup=1;",
            "name": "02490_replacing_merge_tree_is_deleted_column.sql"
        },
        {
            "query": "\nINSERT INTO test (*) VALUES ('d1', 1, 0), ('d2', 1, 0), ('d6', 1, 0), ('d4', 1, 0), ('d6', 2, 1), ('d3', 1, 0), ('d1', 2, 1), ('d5', 1, 0), ('d4', 2, 1), ('d1', 3, 0), ('d1', 4, 1), ('d4', 3, 0), ('d1', 5, 0);",
            "name": "02490_replacing_merge_tree_is_deleted_column.sql"
        },
        {
            "query": "\nSELECT '== Test SELECT ... FINAL - no is_deleted SETTINGS clean_deleted_rows=Always ==';",
            "name": "02490_replacing_merge_tree_is_deleted_column.sql"
        },
        {
            "query": "\nselect * from test FINAL order by uid;",
            "name": "02490_replacing_merge_tree_is_deleted_column.sql"
        },
        {
            "query": "\nOPTIMIZE TABLE test FINAL CLEANUP;",
            "name": "02490_replacing_merge_tree_is_deleted_column.sql"
        },
        {
            "query": "\nselect * from test order by uid;",
            "name": "02490_replacing_merge_tree_is_deleted_column.sql"
        },
        {
            "query": "\n\n-- Test the new behaviour\nDROP TABLE IF EXISTS test;",
            "name": "02490_replacing_merge_tree_is_deleted_column.sql"
        },
        {
            "query": "\nCREATE TABLE test (uid String, version UInt32, is_deleted UInt8) ENGINE = ReplacingMergeTree(version, is_deleted) Order by (uid) settings allow_experimental_replacing_merge_with_cleanup=1;",
            "name": "02490_replacing_merge_tree_is_deleted_column.sql"
        },
        {
            "query": "\nINSERT INTO test (*) VALUES ('d1', 1, 0), ('d2', 1, 0), ('d6', 1, 0), ('d4', 1, 0), ('d6', 2, 1), ('d3', 1, 0), ('d1', 2, 1), ('d5', 1, 0), ('d4', 2, 1), ('d1', 3, 0), ('d1', 4, 1), ('d4', 3, 0), ('d1', 5, 0);",
            "name": "02490_replacing_merge_tree_is_deleted_column.sql"
        },
        {
            "query": "\nSELECT '== Test SELECT ... FINAL ==';",
            "name": "02490_replacing_merge_tree_is_deleted_column.sql"
        },
        {
            "query": "\nselect * from test FINAL order by uid;",
            "name": "02490_replacing_merge_tree_is_deleted_column.sql"
        },
        {
            "query": "\nselect * from test order by uid;",
            "name": "02490_replacing_merge_tree_is_deleted_column.sql"
        },
        {
            "query": "\n\nSELECT '== Insert backups ==';",
            "name": "02490_replacing_merge_tree_is_deleted_column.sql"
        },
        {
            "query": "\nINSERT INTO test (*) VALUES ('d6', 1, 0), ('d4', 1, 0), ('d6', 2, 1), ('d3', 1, 0), ('d1', 2, 1), ('d5', 1, 0), ('d4', 2, 1);",
            "name": "02490_replacing_merge_tree_is_deleted_column.sql"
        },
        {
            "query": "\nselect * from test FINAL order by uid;",
            "name": "02490_replacing_merge_tree_is_deleted_column.sql"
        },
        {
            "query": "\n\nSELECT '== Insert a second batch with overlaping data ==';",
            "name": "02490_replacing_merge_tree_is_deleted_column.sql"
        },
        {
            "query": "\nINSERT INTO test (*) VALUES ('d4', 1, 0), ('d6', 2, 1), ('d3', 1, 0), ('d1', 2, 1), ('d5', 1, 0), ('d4', 2, 1), ('d1', 3, 1), ('d1', 4, 1), ('d4', 3, 0), ('d1', 5, 0), ('d2', 2, 1), ('d2', 3, 0), ('d3', 2, 1), ('d3', 3, 0);",
            "name": "02490_replacing_merge_tree_is_deleted_column.sql"
        },
        {
            "query": "\nselect * from test FINAL order by uid;",
            "name": "02490_replacing_merge_tree_is_deleted_column.sql"
        },
        {
            "query": "\n\nDROP TABLE IF EXISTS test;",
            "name": "02490_replacing_merge_tree_is_deleted_column.sql"
        },
        {
            "query": "\nCREATE TABLE test (uid String, version UInt32, is_deleted UInt8) ENGINE = ReplacingMergeTree(version, is_deleted) Order by (uid) settings allow_experimental_replacing_merge_with_cleanup=1;",
            "name": "02490_replacing_merge_tree_is_deleted_column.sql"
        },
        {
            "query": "\n\n-- Expect d6 to be version=3 is_deleted=false\nINSERT INTO test (*) VALUES ('d1', 1, 0), ('d1', 2, 1), ('d1', 3, 0), ('d1', 4, 1), ('d1', 5, 0), ('d2', 1, 0), ('d3', 1, 0), ('d4', 1, 0),  ('d5', 1, 0), ('d6', 1, 0), ('d6', 3, 0);",
            "name": "02490_replacing_merge_tree_is_deleted_column.sql"
        },
        {
            "query": "\n-- Insert previous version of 'd6' but only v=3 is_deleted=false will remain\nINSERT INTO test (*) VALUES ('d1', 1, 0), ('d1', 2, 1), ('d1', 3, 0), ('d1', 4, 1), ('d1', 5, 0), ('d2', 1, 0), ('d3', 1, 0), ('d4', 1, 0),  ('d5', 1, 0), ('d6', 1, 0), ('d6', 2, 1);",
            "name": "02490_replacing_merge_tree_is_deleted_column.sql"
        },
        {
            "query": "\nSELECT '== Only last version remains after OPTIMIZE W/ CLEANUP ==';",
            "name": "02490_replacing_merge_tree_is_deleted_column.sql"
        },
        {
            "query": "\nOPTIMIZE TABLE test FINAL CLEANUP;",
            "name": "02490_replacing_merge_tree_is_deleted_column.sql"
        },
        {
            "query": "\nselect * from test order by uid;",
            "name": "02490_replacing_merge_tree_is_deleted_column.sql"
        },
        {
            "query": "\n\n-- insert d6 v=3 is_deleted=true (timestamp more recent so this version should be the one take into acount)\nINSERT INTO test (*) VALUES ('d1', 1, 0), ('d1', 2, 1), ('d1', 3, 0), ('d1', 4, 1), ('d1', 5, 0), ('d2', 1, 0), ('d3', 1, 0), ('d4', 1, 0),  ('d5', 1, 0), ('d6', 1, 0), ('d6', 3, 1);",
            "name": "02490_replacing_merge_tree_is_deleted_column.sql"
        },
        {
            "query": "\n\nSELECT '== OPTIMIZE W/ CLEANUP (remove d6) ==';",
            "name": "02490_replacing_merge_tree_is_deleted_column.sql"
        },
        {
            "query": "\nOPTIMIZE TABLE test FINAL CLEANUP;",
            "name": "02490_replacing_merge_tree_is_deleted_column.sql"
        },
        {
            "query": "\n-- No d6 anymore\nselect * from test order by uid;",
            "name": "02490_replacing_merge_tree_is_deleted_column.sql"
        },
        {
            "query": "\n\nDROP TABLE IF EXISTS test;",
            "name": "02490_replacing_merge_tree_is_deleted_column.sql"
        },
        {
            "query": "\nCREATE TABLE test (uid String, version UInt32, is_deleted UInt8) ENGINE = ReplacingMergeTree(version, is_deleted) Order by (uid) SETTINGS clean_deleted_rows='Always', allow_experimental_replacing_merge_with_cleanup=1;",
            "name": "02490_replacing_merge_tree_is_deleted_column.sql"
        },
        {
            "query": "\n\nSELECT '== Test of the SETTINGS clean_deleted_rows as Always ==';",
            "name": "02490_replacing_merge_tree_is_deleted_column.sql"
        },
        {
            "query": "\nINSERT INTO test (*) VALUES ('d1', 1, 0), ('d2', 1, 0), ('d6', 1, 0), ('d4', 1, 0), ('d6', 2, 1), ('d3', 1, 0), ('d1', 2, 1), ('d5', 1, 0), ('d4', 2, 1), ('d1', 3, 0), ('d1', 4, 1), ('d4', 3, 0), ('d1', 5, 0);",
            "name": "02490_replacing_merge_tree_is_deleted_column.sql"
        },
        {
            "query": "\n-- Even if the setting is set to Always, the SELECT FINAL doesn't delete rows\nselect * from test FINAL order by uid;",
            "name": "02490_replacing_merge_tree_is_deleted_column.sql"
        },
        {
            "query": "\nselect * from test order by uid;",
            "name": "02490_replacing_merge_tree_is_deleted_column.sql"
        },
        {
            "query": "\n\nOPTIMIZE TABLE test FINAL;",
            "name": "02490_replacing_merge_tree_is_deleted_column.sql"
        },
        {
            "query": "\n-- d6 has to be removed since we set clean_deleted_rows as 'Always'\nselect * from test where is_deleted=0 order by uid;",
            "name": "02490_replacing_merge_tree_is_deleted_column.sql"
        },
        {
            "query": "\n\nSELECT '== Test of the SETTINGS clean_deleted_rows as Never ==';",
            "name": "02490_replacing_merge_tree_is_deleted_column.sql"
        },
        {
            "query": "\nALTER TABLE test MODIFY SETTING clean_deleted_rows='Never';",
            "name": "02490_replacing_merge_tree_is_deleted_column.sql"
        },
        {
            "query": "\nINSERT INTO test (*) VALUES ('d1', 1, 0), ('d2', 1, 0), ('d6', 1, 0), ('d4', 1, 0), ('d6', 2, 1), ('d3', 1, 0), ('d1', 2, 1), ('d5', 1, 0), ('d4', 2, 1), ('d1', 3, 0), ('d1', 4, 1), ('d4', 3, 0), ('d1', 5, 0);",
            "name": "02490_replacing_merge_tree_is_deleted_column.sql"
        },
        {
            "query": "\nINSERT INTO test (*) VALUES ('d1', 1, 0), ('d2', 1, 0), ('d6', 1, 0), ('d4', 1, 0), ('d6', 2, 1), ('d3', 1, 0), ('d1', 2, 1), ('d5', 1, 0), ('d4', 2, 1), ('d1', 3, 0), ('d1', 4, 1), ('d4', 3, 0), ('d1', 5, 0);",
            "name": "02490_replacing_merge_tree_is_deleted_column.sql"
        },
        {
            "query": "\nOPTIMIZE TABLE test FINAL;",
            "name": "02490_replacing_merge_tree_is_deleted_column.sql"
        },
        {
            "query": "\n-- d6 has NOT to be removed since we set clean_deleted_rows as 'Never'\nselect * from test order by uid;",
            "name": "02490_replacing_merge_tree_is_deleted_column.sql"
        },
        {
            "query": "\n\nDROP TABLE IF EXISTS testCleanupR1;",
            "name": "02490_replacing_merge_tree_is_deleted_column.sql"
        },
        {
            "query": "\n\nCREATE TABLE testCleanupR1 (uid String, version UInt32, is_deleted UInt8)\n    ENGINE = ReplicatedReplacingMergeTree('/clickhouse/{database}/tables/test_cleanup/', 'r1', version, is_deleted)\n    ORDER BY uid settings allow_experimental_replacing_merge_with_cleanup=1;",
            "name": "02490_replacing_merge_tree_is_deleted_column.sql"
        },
        {
            "query": "\n\n\nINSERT INTO testCleanupR1 (*) VALUES ('d1', 1, 0),('d2', 1, 0),('d3', 1, 0),('d4', 1, 0);",
            "name": "02490_replacing_merge_tree_is_deleted_column.sql"
        },
        {
            "query": "\nINSERT INTO testCleanupR1 (*) VALUES ('d3', 2, 1);",
            "name": "02490_replacing_merge_tree_is_deleted_column.sql"
        },
        {
            "query": "\nINSERT INTO testCleanupR1 (*) VALUES ('d1', 2, 1);",
            "name": "02490_replacing_merge_tree_is_deleted_column.sql"
        },
        {
            "query": "\nSYSTEM SYNC REPLICA testCleanupR1;",
            "name": "02490_replacing_merge_tree_is_deleted_column.sql"
        },
        {
            "query": " -- Avoid \"Cannot select parts for optimization: Entry for part all_2_2_0 hasn't been read from the replication log yet\"\n\nOPTIMIZE TABLE testCleanupR1 FINAL CLEANUP;",
            "name": "02490_replacing_merge_tree_is_deleted_column.sql"
        },
        {
            "query": "\n\n-- Only d3 to d5 remain\nSELECT '== (Replicas) Test optimize ==';",
            "name": "02490_replacing_merge_tree_is_deleted_column.sql"
        },
        {
            "query": "\nSELECT * FROM testCleanupR1 order by uid;",
            "name": "02490_replacing_merge_tree_is_deleted_column.sql"
        },
        {
            "query": "\n\n------------------------------\n\nDROP TABLE IF EXISTS testSettingsR1;",
            "name": "02490_replacing_merge_tree_is_deleted_column.sql"
        },
        {
            "query": "\n\nCREATE TABLE testSettingsR1 (col1 String, version UInt32, is_deleted UInt8)\n    ENGINE = ReplicatedReplacingMergeTree('/clickhouse/{database}/tables/test_setting/', 'r1', version, is_deleted)\n    ORDER BY col1\n    SETTINGS clean_deleted_rows = 'Always', allow_experimental_replacing_merge_with_cleanup=1;",
            "name": "02490_replacing_merge_tree_is_deleted_column.sql"
        },
        {
            "query": "\n\nINSERT INTO testSettingsR1 (*) VALUES ('c1', 1, 1),('c2', 1, 0),('c3', 1, 1),('c4', 1, 0);",
            "name": "02490_replacing_merge_tree_is_deleted_column.sql"
        },
        {
            "query": "\nSYSTEM SYNC REPLICA testSettingsR1;",
            "name": "02490_replacing_merge_tree_is_deleted_column.sql"
        },
        {
            "query": " -- Avoid \"Cannot select parts for optimization: Entry for part all_2_2_0 hasn't been read from the replication log yet\"\n\nOPTIMIZE TABLE testSettingsR1 FINAL;",
            "name": "02490_replacing_merge_tree_is_deleted_column.sql"
        },
        {
            "query": "\n\n-- Only d3 to d5 remain\nSELECT '== (Replicas) Test settings ==';",
            "name": "02490_replacing_merge_tree_is_deleted_column.sql"
        },
        {
            "query": "\nSELECT * FROM testSettingsR1 where is_deleted=0 order by col1;",
            "name": "02490_replacing_merge_tree_is_deleted_column.sql"
        },
        {
            "query": "\n\n\n------------------------------\n-- Check errors\nDROP TABLE IF EXISTS test;",
            "name": "02490_replacing_merge_tree_is_deleted_column.sql"
        },
        {
            "query": "\nCREATE TABLE test (uid String, version UInt32, is_deleted UInt8) ENGINE = ReplacingMergeTree(version, is_deleted) Order by (uid) settings allow_experimental_replacing_merge_with_cleanup=1;",
            "name": "02490_replacing_merge_tree_is_deleted_column.sql"
        },
        {
            "query": "\n\n-- is_deleted == 0/1\nINSERT INTO test (*) VALUES ('d1', 1, 2);",
            "name": "02490_replacing_merge_tree_is_deleted_column.sql"
        },
        {
            "query": " -- { serverError INCORRECT_DATA }\n\nDROP TABLE IF EXISTS test;",
            "name": "02490_replacing_merge_tree_is_deleted_column.sql"
        },
        {
            "query": "\n-- checkis_deleted type\nCREATE TABLE test (uid String, version UInt32, is_deleted String) ENGINE = ReplacingMergeTree(version, is_deleted) Order by (uid);",
            "name": "02490_replacing_merge_tree_is_deleted_column.sql"
        },
        {
            "query": " -- { serverError BAD_TYPE_OF_FIELD }\n\nCREATE TABLE test (uid String, version UInt32, is_deleted UInt8) ENGINE = ReplacingMergeTree(version, is_deleted) Order by (uid);",
            "name": "02490_replacing_merge_tree_is_deleted_column.sql"
        },
        {
            "query": "\nINSERT INTO test (*) VALUES ('d1', 1, 0), ('d2', 1, 0), ('d6', 1, 0), ('d4', 1, 0), ('d6', 2, 1), ('d3', 1, 0), ('d1', 2, 1), ('d5', 1, 0), ('d4', 2, 1), ('d1', 3, 0), ('d1', 4, 1), ('d4', 3, 0), ('d1', 5, 0);",
            "name": "02490_replacing_merge_tree_is_deleted_column.sql"
        },
        {
            "query": "\nselect 'no cleanup 1', * from test FINAL order by uid;",
            "name": "02490_replacing_merge_tree_is_deleted_column.sql"
        },
        {
            "query": "\nOPTIMIZE TABLE test FINAL CLEANUP;",
            "name": "02490_replacing_merge_tree_is_deleted_column.sql"
        },
        {
            "query": " -- { serverError SUPPORT_IS_DISABLED }\nselect 'no cleanup 2', * from test order by uid;",
            "name": "02490_replacing_merge_tree_is_deleted_column.sql"
        },
        {
            "query": "\nDROP TABLE test;",
            "name": "02490_replacing_merge_tree_is_deleted_column.sql"
        },
        {
            "query": "\n\nCREATE TABLE test (uid String, version UInt32, is_deleted UInt8) ENGINE = ReplicatedReplacingMergeTree('/clickhouse/{database}/tables/no_cleanup/', 'r1', version, is_deleted) Order by (uid);",
            "name": "02490_replacing_merge_tree_is_deleted_column.sql"
        },
        {
            "query": "\nINSERT INTO test (*) VALUES ('d1', 1, 0), ('d2', 1, 0), ('d6', 1, 0), ('d4', 1, 0), ('d6', 2, 1), ('d3', 1, 0), ('d1', 2, 1), ('d5', 1, 0), ('d4', 2, 1), ('d1', 3, 0), ('d1', 4, 1), ('d4', 3, 0), ('d1', 5, 0);",
            "name": "02490_replacing_merge_tree_is_deleted_column.sql"
        },
        {
            "query": "\nselect 'no cleanup 3', * from test FINAL order by uid;",
            "name": "02490_replacing_merge_tree_is_deleted_column.sql"
        },
        {
            "query": "\nOPTIMIZE TABLE test FINAL CLEANUP;",
            "name": "02490_replacing_merge_tree_is_deleted_column.sql"
        },
        {
            "query": " -- { serverError SUPPORT_IS_DISABLED }\nselect 'no cleanup 4', * from test order by uid;",
            "name": "02490_replacing_merge_tree_is_deleted_column.sql"
        },
        {
            "query": "\nDROP TABLE test;",
            "name": "02490_replacing_merge_tree_is_deleted_column.sql"
        },
        {
            "query": "\n\n-- is_deleted column for other mergeTrees - ErrorCodes::LOGICAL_ERROR)\n\n-- Check clean_deleted_rows='Always' for other MergeTrees\nSELECT '== Check cleanup & settings for other merge trees ==';",
            "name": "02490_replacing_merge_tree_is_deleted_column.sql"
        },
        {
            "query": "\nCREATE TABLE testMT (uid String, version UInt32, is_deleted UInt8) ENGINE = MergeTree() Order by (uid) SETTINGS clean_deleted_rows='Always', allow_experimental_replacing_merge_with_cleanup=1;",
            "name": "02490_replacing_merge_tree_is_deleted_column.sql"
        },
        {
            "query": "\nINSERT INTO testMT (*) VALUES ('d1', 1, 1);",
            "name": "02490_replacing_merge_tree_is_deleted_column.sql"
        },
        {
            "query": "\nOPTIMIZE TABLE testMT FINAL CLEANUP;",
            "name": "02490_replacing_merge_tree_is_deleted_column.sql"
        },
        {
            "query": "  -- { serverError CANNOT_ASSIGN_OPTIMIZE }\nOPTIMIZE TABLE testMT FINAL;",
            "name": "02490_replacing_merge_tree_is_deleted_column.sql"
        },
        {
            "query": "\nSELECT * FROM testMT order by uid;",
            "name": "02490_replacing_merge_tree_is_deleted_column.sql"
        },
        {
            "query": "\n\nCREATE TABLE testSummingMT (uid String, version UInt32, is_deleted UInt8) ENGINE = SummingMergeTree() Order by (uid) SETTINGS clean_deleted_rows='Always', allow_experimental_replacing_merge_with_cleanup=1;",
            "name": "02490_replacing_merge_tree_is_deleted_column.sql"
        },
        {
            "query": "\nINSERT INTO testSummingMT (*) VALUES ('d1', 1, 1);",
            "name": "02490_replacing_merge_tree_is_deleted_column.sql"
        },
        {
            "query": "\nOPTIMIZE TABLE testSummingMT FINAL CLEANUP;",
            "name": "02490_replacing_merge_tree_is_deleted_column.sql"
        },
        {
            "query": "  -- { serverError CANNOT_ASSIGN_OPTIMIZE }\nOPTIMIZE TABLE testSummingMT FINAL;",
            "name": "02490_replacing_merge_tree_is_deleted_column.sql"
        },
        {
            "query": "\nSELECT * FROM testSummingMT order by uid;",
            "name": "02490_replacing_merge_tree_is_deleted_column.sql"
        },
        {
            "query": "\n\nCREATE TABLE testAggregatingMT (uid String, version UInt32, is_deleted UInt8) ENGINE = AggregatingMergeTree() Order by (uid) SETTINGS clean_deleted_rows='Always', allow_experimental_replacing_merge_with_cleanup=1;",
            "name": "02490_replacing_merge_tree_is_deleted_column.sql"
        },
        {
            "query": "\nINSERT INTO testAggregatingMT (*) VALUES ('d1', 1, 1);",
            "name": "02490_replacing_merge_tree_is_deleted_column.sql"
        },
        {
            "query": "\nOPTIMIZE TABLE testAggregatingMT FINAL CLEANUP;",
            "name": "02490_replacing_merge_tree_is_deleted_column.sql"
        },
        {
            "query": "  -- { serverError CANNOT_ASSIGN_OPTIMIZE }\nOPTIMIZE TABLE testAggregatingMT FINAL;",
            "name": "02490_replacing_merge_tree_is_deleted_column.sql"
        },
        {
            "query": "\nSELECT * FROM testAggregatingMT order by uid;",
            "name": "02490_replacing_merge_tree_is_deleted_column.sql"
        },
        {
            "query": "\n\nCREATE TABLE testCollapsingMT (uid String, version UInt32, is_deleted UInt8, sign Int8) ENGINE = CollapsingMergeTree(sign) Order by (uid) SETTINGS clean_deleted_rows='Always', allow_experimental_replacing_merge_with_cleanup=1;",
            "name": "02490_replacing_merge_tree_is_deleted_column.sql"
        },
        {
            "query": "\nINSERT INTO testCollapsingMT (*) VALUES ('d1', 1, 1, 1);",
            "name": "02490_replacing_merge_tree_is_deleted_column.sql"
        },
        {
            "query": "\nOPTIMIZE TABLE testCollapsingMT FINAL CLEANUP;",
            "name": "02490_replacing_merge_tree_is_deleted_column.sql"
        },
        {
            "query": "  -- { serverError CANNOT_ASSIGN_OPTIMIZE }\nOPTIMIZE TABLE testCollapsingMT FINAL;",
            "name": "02490_replacing_merge_tree_is_deleted_column.sql"
        },
        {
            "query": "\nSELECT * FROM testCollapsingMT order by uid;",
            "name": "02490_replacing_merge_tree_is_deleted_column.sql"
        },
        {
            "query": "\n\nCREATE TABLE testVersionedCMT (uid String, version UInt32, is_deleted UInt8, sign Int8) ENGINE = VersionedCollapsingMergeTree(sign, version) Order by (uid) SETTINGS clean_deleted_rows='Always', allow_experimental_replacing_merge_with_cleanup=1;",
            "name": "02490_replacing_merge_tree_is_deleted_column.sql"
        },
        {
            "query": "\nINSERT INTO testVersionedCMT (*) VALUES ('d1', 1, 1, 1);",
            "name": "02490_replacing_merge_tree_is_deleted_column.sql"
        },
        {
            "query": "\nOPTIMIZE TABLE testVersionedCMT FINAL CLEANUP;",
            "name": "02490_replacing_merge_tree_is_deleted_column.sql"
        },
        {
            "query": "  -- { serverError CANNOT_ASSIGN_OPTIMIZE }\nOPTIMIZE TABLE testVersionedCMT FINAL;",
            "name": "02490_replacing_merge_tree_is_deleted_column.sql"
        },
        {
            "query": "\nSELECT * FROM testVersionedCMT order by uid;",
            "name": "02490_replacing_merge_tree_is_deleted_column.sql"
        }
    ]
}