{
    "name": "00999_join_not_nullable_types.sql",
    "tests": [
        {
            "query": "SET join_use_nulls = 1;",
            "name": "00999_join_not_nullable_types.sql"
        },
        {
            "query": "\n\nSELECT * FROM\n(\n    SELECT number, ['left'] as ar, number AS left_number FROM system.numbers LIMIT 2\n) js1\nFULL JOIN\n(\n    SELECT number, ['right'] as ar, number AS right_number FROM system.numbers LIMIT 1, 2\n) js2\nUSING (number)\nORDER BY number;",
            "name": "00999_join_not_nullable_types.sql"
        },
        {
            "query": "\n\nSELECT * FROM\n(\n    SELECT ['left'] as ar, number AS left_number FROM system.numbers LIMIT 2\n) js1\nFULL JOIN\n(\n    SELECT ['right'] as ar, number AS right_number FROM system.numbers LIMIT 1, 2\n) js2\nON left_number = right_number\nORDER BY left_number;",
            "name": "00999_join_not_nullable_types.sql"
        },
        {
            "query": "\n\nSELECT * FROM\n(\n    SELECT ['left'] as ar, 42 AS left_number\n) js1\nFULL JOIN\n(\n    SELECT ['right'] as ar, 42 AS right_number\n) js2\nUSING(ar)\nORDER BY left_number;",
            "name": "00999_join_not_nullable_types.sql"
        }
    ]
}