{
    "name": "02003_bug_from_23515.sql",
    "tests": [
        {
            "query": "drop table if exists tab;",
            "name": "02003_bug_from_23515.sql"
        },
        {
            "query": "\ncreate table tab (a LowCardinality(String), b LowCardinality(String)) engine = MergeTree partition by a order by tuple() settings min_bytes_for_wide_part = 0, min_rows_for_wide_part = 0;",
            "name": "02003_bug_from_23515.sql"
        },
        {
            "query": "\n\ninsert into tab values ('1', 'a'), ('2', 'b');",
            "name": "02003_bug_from_23515.sql"
        },
        {
            "query": "\nSELECT a = '1' FROM tab WHERE a = '1' and b='a';",
            "name": "02003_bug_from_23515.sql"
        },
        {
            "query": "\n\n-- Fuzzed\nSELECT * FROM tab WHERE (a = '1') AND 0 AND (b = 'a');",
            "name": "02003_bug_from_23515.sql"
        },
        {
            "query": "\n\ndrop table if exists tab;",
            "name": "02003_bug_from_23515.sql"
        }
    ]
}