{
    "name": "01292_optimize_data_skip_idx_order_by_expr.sql",
    "tests": [
        {
            "query": "drop table if exists data_01292;",
            "name": "01292_optimize_data_skip_idx_order_by_expr.sql"
        },
        {
            "query": "\n\ncreate table data_01292 (\n    key Int,\n    index key_idx (key) type minmax granularity 1\n) Engine=MergeTree() ORDER BY (key+0);",
            "name": "01292_optimize_data_skip_idx_order_by_expr.sql"
        },
        {
            "query": "\n\ninsert into data_01292 values (1);",
            "name": "01292_optimize_data_skip_idx_order_by_expr.sql"
        },
        {
            "query": "\n\noptimize table data_01292 final;",
            "name": "01292_optimize_data_skip_idx_order_by_expr.sql"
        },
        {
            "query": "\n\nselect * from data_01292 where key > 0;",
            "name": "01292_optimize_data_skip_idx_order_by_expr.sql"
        },
        {
            "query": "\n\ndrop table if exists data_01292;",
            "name": "01292_optimize_data_skip_idx_order_by_expr.sql"
        }
    ]
}