{
    "name": "01534_lambda_array_join.sql",
    "tests": [
        {
            "query": "SELECT arrayMap(x -> concat(x, concat(arrayJoin([1]), x, NULL), ''), [1]);",
            "name": "01534_lambda_array_join.sql"
        },
        {
            "query": "\nSELECT arrayMap(x -> arrayJoin([1]), [1, 2]);",
            "name": "01534_lambda_array_join.sql"
        },
        {
            "query": "\n\nSELECT\n        arrayJoin(arrayMap(x -> reinterpretAsUInt8(substring(randomString(range(randomString(1048577), NULL), arrayJoin(arrayMap(x -> reinterpretAsUInt8(substring(randomString(range(NULL), 65537), 255)), range(1))), substring(randomString(NULL), x + 7), '257'), 1025)), range(7))) AS byte,\n        count() AS c\n    FROM numbers(10)\n    GROUP BY\n        arrayMap(x -> reinterpretAsUInt8(substring(randomString(randomString(range(randomString(255), NULL)), NULL), NULL)), range(3)),\n        randomString(range(randomString(1048577), NULL), NULL),\n        byte\n    ORDER BY byte ASC;",
            "name": "01534_lambda_array_join.sql"
        }
    ]
}