{
    "name": "01533_collate_in_nullable.sql",
    "tests": [
        {
            "query": "-- Tags: no-fasttest\n\nDROP TABLE IF EXISTS test_collate;",
            "name": "01533_collate_in_nullable.sql"
        },
        {
            "query": "\n\nCREATE TABLE test_collate (x UInt32, s Nullable(String)) ENGINE=Memory();",
            "name": "01533_collate_in_nullable.sql"
        },
        {
            "query": "\n\nINSERT INTO test_collate VALUES (1, '\u0401'), (1, '\u0451'), (1, '\u0430'), (1, null), (2, '\u0410'), (2, '\u044f'), (2, '\u042f'), (2, null);",
            "name": "01533_collate_in_nullable.sql"
        },
        {
            "query": "\n\nSELECT 'Order by without collate';",
            "name": "01533_collate_in_nullable.sql"
        },
        {
            "query": "\nSELECT * FROM test_collate ORDER BY s, x;",
            "name": "01533_collate_in_nullable.sql"
        },
        {
            "query": "\nSELECT 'Order by with collate';",
            "name": "01533_collate_in_nullable.sql"
        },
        {
            "query": "\nSELECT * FROM test_collate ORDER BY s COLLATE 'ru', x;",
            "name": "01533_collate_in_nullable.sql"
        },
        {
            "query": "\n\nSELECT 'Order by tuple without collate';",
            "name": "01533_collate_in_nullable.sql"
        },
        {
            "query": "\nSELECT * FROM test_collate ORDER BY x, s;",
            "name": "01533_collate_in_nullable.sql"
        },
        {
            "query": "\nSELECT 'Order by tuple with collate';",
            "name": "01533_collate_in_nullable.sql"
        },
        {
            "query": "\nSELECT * FROM test_collate ORDER BY x, s COLLATE 'ru';",
            "name": "01533_collate_in_nullable.sql"
        },
        {
            "query": "\n\nDROP TABLE test_collate;",
            "name": "01533_collate_in_nullable.sql"
        }
    ]
}