{
    "name": "02569_order_by_aggregation_result.sql",
    "tests": [
        {
            "query": "-- Github issues:\n-- - https://github.com/ClickHouse/ClickHouse/issues/46268\n-- - https://github.com/ClickHouse/ClickHouse/issues/46273\n\n-- Queries that the original PR (https://github.com/ClickHouse/ClickHouse/pull/42827) tried to fix\nSELECT (number = 1) AND (number = 2) AS value, sum(value) OVER () FROM numbers(1) WHERE 1;",
            "name": "02569_order_by_aggregation_result.sql"
        },
        {
            "query": "\nSELECT time, round(exp_smooth, 10), bar(exp_smooth, -9223372036854775807, 1048575, 50) AS bar FROM (SELECT 2 OR (number = 0) OR (number >= 1) AS value, number AS time, exponentialTimeDecayedSum(2147483646)(value, time) OVER (RANGE BETWEEN CURRENT ROW AND CURRENT ROW) AS exp_smooth FROM numbers(1) WHERE 10) WHERE 25;",
            "name": "02569_order_by_aggregation_result.sql"
        },
        {
            "query": "\n\nCREATE TABLE ttttttt\n(\n    `timestamp` DateTime,\n    `col1` Float64,\n    `col2` Float64,\n    `col3` Float64\n)\nENGINE = MergeTree()\nORDER BY tuple();",
            "name": "02569_order_by_aggregation_result.sql"
        },
        {
            "query": "\n\nINSERT INTO ttttttt VALUES ('2023-02-20 00:00:00', 1, 2, 3);",
            "name": "02569_order_by_aggregation_result.sql"
        },
        {
            "query": "\n\n-- Query that https://github.com/ClickHouse/ClickHouse/pull/42827 broke\nSELECT\n    argMax(col1, timestamp) AS col1,\n    argMax(col2, timestamp) AS col2,\n    col1 / col2 AS final_col\nFROM ttttttt\nGROUP BY\n    col3\nORDER BY final_col DESC;",
            "name": "02569_order_by_aggregation_result.sql"
        },
        {
            "query": "\n\nSELECT\n    argMax(col1, timestamp) AS col1,\n    col1 / 10 AS final_col,\n    final_col + 1 AS final_col2\nFROM ttttttt\nGROUP BY col3;",
            "name": "02569_order_by_aggregation_result.sql"
        },
        {
            "query": "\n\n-- https://github.com/ClickHouse/ClickHouse/issues/46724\n\nCREATE TABLE table1\n(\n    id String,\n    device UUID\n)\nENGINE = MergeTree() ORDER BY tuple();",
            "name": "02569_order_by_aggregation_result.sql"
        },
        {
            "query": "\n\nINSERT INTO table1 VALUES ('notEmpty', '417ddc5d-e556-4d27-95dd-a34d84e46a50');",
            "name": "02569_order_by_aggregation_result.sql"
        },
        {
            "query": "\nINSERT INTO table1 VALUES ('', '417ddc5d-e556-4d27-95dd-a34d84e46a50');",
            "name": "02569_order_by_aggregation_result.sql"
        },
        {
            "query": "\nINSERT INTO table1 VALUES ('', '00000000-0000-0000-0000-000000000000');",
            "name": "02569_order_by_aggregation_result.sql"
        },
        {
            "query": "\n\nSELECT\n    if(empty(id), toString(device), id) AS device,\n    multiIf(\n            notEmpty(id),'a',\n            device == '00000000-0000-0000-0000-000000000000', 'b',\n            'c' ) AS device_id_type,\n    count()\nFROM table1\nGROUP BY device, device_id_type\nORDER BY device;",
            "name": "02569_order_by_aggregation_result.sql"
        }
    ]
}