{
    "name": "01060_defaults_all_columns.sql",
    "tests": [
        {
            "query": "DROP TABLE IF EXISTS defaults_all_columns;",
            "name": "01060_defaults_all_columns.sql"
        },
        {
            "query": "\n\nCREATE TABLE defaults_all_columns (n UInt8 DEFAULT 42, s String DEFAULT concat('test', CAST(n, 'String'))) ENGINE = Memory;",
            "name": "01060_defaults_all_columns.sql"
        },
        {
            "query": "\n\nINSERT INTO defaults_all_columns FORMAT JSONEachRow {\"n\": 1, \"s\": \"hello\"} {};",
            "name": "01060_defaults_all_columns.sql"
        },
        {
            "query": "\nINSERT INTO defaults_all_columns FORMAT JSONEachRow {\"n\": 2}, {\"s\": \"world\"};",
            "name": "01060_defaults_all_columns.sql"
        },
        {
            "query": "\n\nSELECT * FROM defaults_all_columns ORDER BY n, s;",
            "name": "01060_defaults_all_columns.sql"
        },
        {
            "query": "\n\nDROP TABLE defaults_all_columns;",
            "name": "01060_defaults_all_columns.sql"
        }
    ]
}