{
    "name": "00515_shard_desc_table_functions_and_subqueries.sql",
    "tests": [
        {
            "query": "-- Tags: shard\n\ndrop table if exists tab;",
            "name": "00515_shard_desc_table_functions_and_subqueries.sql"
        },
        {
            "query": "\nset allow_deprecated_syntax_for_merge_tree=1;",
            "name": "00515_shard_desc_table_functions_and_subqueries.sql"
        },
        {
            "query": "\ncreate table tab (date Date, val UInt64, val2 UInt8 default 42, val3 UInt8 default val2 + 1, val4 UInt64 alias val) engine = MergeTree(date, (date, val), 8192);",
            "name": "00515_shard_desc_table_functions_and_subqueries.sql"
        },
        {
            "query": "\ndesc tab;",
            "name": "00515_shard_desc_table_functions_and_subqueries.sql"
        },
        {
            "query": "\nselect '-';",
            "name": "00515_shard_desc_table_functions_and_subqueries.sql"
        },
        {
            "query": "\ndesc table tab;",
            "name": "00515_shard_desc_table_functions_and_subqueries.sql"
        },
        {
            "query": "\nselect '-';",
            "name": "00515_shard_desc_table_functions_and_subqueries.sql"
        },
        {
            "query": "\ndesc remote('127.0.0.2', currentDatabase(), tab);",
            "name": "00515_shard_desc_table_functions_and_subqueries.sql"
        },
        {
            "query": "\nselect '-';",
            "name": "00515_shard_desc_table_functions_and_subqueries.sql"
        },
        {
            "query": "\ndesc table remote('127.0.0.2', currentDatabase(), tab);",
            "name": "00515_shard_desc_table_functions_and_subqueries.sql"
        },
        {
            "query": "\nselect '-';",
            "name": "00515_shard_desc_table_functions_and_subqueries.sql"
        },
        {
            "query": "\ndesc (select 1);",
            "name": "00515_shard_desc_table_functions_and_subqueries.sql"
        },
        {
            "query": "\nselect '-';",
            "name": "00515_shard_desc_table_functions_and_subqueries.sql"
        },
        {
            "query": "\ndesc table (select 1);",
            "name": "00515_shard_desc_table_functions_and_subqueries.sql"
        },
        {
            "query": "\nselect '-';",
            "name": "00515_shard_desc_table_functions_and_subqueries.sql"
        },
        {
            "query": "\ndesc (select * from system.numbers);",
            "name": "00515_shard_desc_table_functions_and_subqueries.sql"
        },
        {
            "query": "\nselect '-';",
            "name": "00515_shard_desc_table_functions_and_subqueries.sql"
        },
        {
            "query": "\ndrop table if exists tab;",
            "name": "00515_shard_desc_table_functions_and_subqueries.sql"
        }
    ]
}