{
    "name": "01748_dictionary_table_dot.sql",
    "tests": [
        {
            "query": "-- Tags: no-parallel\n\nDROP DATABASE IF EXISTS test_01748;",
            "name": "01748_dictionary_table_dot.sql"
        },
        {
            "query": "\nCREATE DATABASE test_01748;",
            "name": "01748_dictionary_table_dot.sql"
        },
        {
            "query": "\nUSE test_01748;",
            "name": "01748_dictionary_table_dot.sql"
        },
        {
            "query": "\n\nDROP TABLE IF EXISTS `test.txt`;",
            "name": "01748_dictionary_table_dot.sql"
        },
        {
            "query": "\nDROP DICTIONARY IF EXISTS test_dict;",
            "name": "01748_dictionary_table_dot.sql"
        },
        {
            "query": "\n\nCREATE TABLE `test.txt`\n(\n    `key1` UInt32,\n    `key2` UInt32,\n    `value` String\n)\nENGINE = Memory();",
            "name": "01748_dictionary_table_dot.sql"
        },
        {
            "query": "\n\nCREATE DICTIONARY test_dict\n(\n    `key1` UInt32,\n    `key2` UInt32,\n    `value` String\n)\nPRIMARY KEY key1, key2\nSOURCE(CLICKHOUSE(HOST 'localhost' PORT 9000 USER 'default' TABLE `test.txt` PASSWORD '' DB currentDatabase()))\nLIFETIME(MIN 1 MAX 3600)\nLAYOUT(COMPLEX_KEY_HASHED());",
            "name": "01748_dictionary_table_dot.sql"
        },
        {
            "query": "\n\nINSERT INTO `test.txt` VALUES (1, 2, 'Hello');",
            "name": "01748_dictionary_table_dot.sql"
        },
        {
            "query": "\n\n-- TODO: it does not work without fully qualified name.\nSYSTEM RELOAD DICTIONARY test_01748.test_dict;",
            "name": "01748_dictionary_table_dot.sql"
        },
        {
            "query": "\n\nSELECT dictGet(test_dict, 'value', (toUInt32(1), toUInt32(2)));",
            "name": "01748_dictionary_table_dot.sql"
        },
        {
            "query": "\n\nDROP DATABASE test_01748;",
            "name": "01748_dictionary_table_dot.sql"
        }
    ]
}