{
    "name": "02702_logical_optimizer_with_nulls.sql",
    "tests": [
        {
            "query": "SET allow_experimental_analyzer = 1;",
            "name": "02702_logical_optimizer_with_nulls.sql"
        },
        {
            "query": "\n\nDROP TABLE IF EXISTS 02702_logical_optimizer;",
            "name": "02702_logical_optimizer_with_nulls.sql"
        },
        {
            "query": "\n\nCREATE TABLE 02702_logical_optimizer\n(a Int32, b LowCardinality(String))\nENGINE=Memory;",
            "name": "02702_logical_optimizer_with_nulls.sql"
        },
        {
            "query": "\n\nINSERT INTO 02702_logical_optimizer VALUES (1, 'test'), (2, 'test2'), (3, 'another');",
            "name": "02702_logical_optimizer_with_nulls.sql"
        },
        {
            "query": "\n\nSET optimize_min_equality_disjunction_chain_length = 3;",
            "name": "02702_logical_optimizer_with_nulls.sql"
        },
        {
            "query": "\n\nSELECT * FROM 02702_logical_optimizer WHERE a = 1 OR 3 = a OR NULL = a;",
            "name": "02702_logical_optimizer_with_nulls.sql"
        },
        {
            "query": "\nEXPLAIN QUERY TREE SELECT * FROM 02702_logical_optimizer WHERE a = 1 OR 3 = a OR NULL = a;",
            "name": "02702_logical_optimizer_with_nulls.sql"
        },
        {
            "query": "\n\nSELECT * FROM 02702_logical_optimizer WHERE a = 1 OR 3 = a OR 2 = a OR a = NULL;",
            "name": "02702_logical_optimizer_with_nulls.sql"
        },
        {
            "query": "\nEXPLAIN QUERY TREE SELECT * FROM 02702_logical_optimizer WHERE a = 1 OR 3 = a OR 2 = a OR a = NULL;",
            "name": "02702_logical_optimizer_with_nulls.sql"
        },
        {
            "query": "\n\nDROP TABLE 02702_logical_optimizer;",
            "name": "02702_logical_optimizer_with_nulls.sql"
        },
        {
            "query": "\n\nDROP TABLE IF EXISTS 02702_logical_optimizer_with_null_column;",
            "name": "02702_logical_optimizer_with_nulls.sql"
        },
        {
            "query": "\n\nCREATE TABLE 02702_logical_optimizer_with_null_column\n(a Nullable(Int32), b LowCardinality(String))\nENGINE=Memory;",
            "name": "02702_logical_optimizer_with_nulls.sql"
        },
        {
            "query": "\n\nINSERT INTO 02702_logical_optimizer_with_null_column VALUES (1, 'test'), (2, 'test2'), (3, 'another');",
            "name": "02702_logical_optimizer_with_nulls.sql"
        },
        {
            "query": "\n\nSELECT * FROM 02702_logical_optimizer_with_null_column WHERE a = 1 OR 3 = a OR 2 = a;",
            "name": "02702_logical_optimizer_with_nulls.sql"
        },
        {
            "query": "\nEXPLAIN QUERY TREE SELECT * FROM 02702_logical_optimizer_with_null_column WHERE a = 1 OR 3 = a OR 2 = a;",
            "name": "02702_logical_optimizer_with_nulls.sql"
        },
        {
            "query": "\n\nSELECT materialize(1) AS k WHERE NULL OR (0 OR (k = 2) OR (k = CAST(1, 'Nullable(UInt8)') OR k = 3));",
            "name": "02702_logical_optimizer_with_nulls.sql"
        },
        {
            "query": "\nSELECT (k = 2) OR (k = 1) OR ((NULL OR 1) = k) FROM (SELECT 1 AS k);",
            "name": "02702_logical_optimizer_with_nulls.sql"
        },
        {
            "query": "\n\nDROP TABLE 02702_logical_optimizer_with_null_column;",
            "name": "02702_logical_optimizer_with_nulls.sql"
        }
    ]
}