{
    "name": "01943_non_deterministic_order_key.sql",
    "tests": [
        {
            "query": "CREATE TABLE a (number UInt64) ENGINE = MergeTree ORDER BY if(now() > toDateTime('2020-06-01 13:31:40'), toInt64(number), -number);",
            "name": "01943_non_deterministic_order_key.sql"
        },
        {
            "query": " -- { serverError 36 }\nCREATE TABLE b (number UInt64) ENGINE = MergeTree ORDER BY now() > toDateTime(number);",
            "name": "01943_non_deterministic_order_key.sql"
        },
        {
            "query": " -- { serverError 36 }\nCREATE TABLE c (number UInt64) ENGINE = MergeTree ORDER BY now();",
            "name": "01943_non_deterministic_order_key.sql"
        },
        {
            "query": " -- { serverError 36 }\n;",
            "name": "01943_non_deterministic_order_key.sql"
        }
    ]
}