{
    "name": "02245_s3_virtual_columns.sql",
    "tests": [
        {
            "query": "-- Tags: no-fasttest\n-- Tag no-fasttest: Depends on AWS\n\n-- { echo }\ndrop table if exists test_02245;",
            "name": "02245_s3_virtual_columns.sql"
        },
        {
            "query": "\ncreate table test_02245 (a UInt64) engine = S3(s3_conn, filename='test_02245', format=Parquet);",
            "name": "02245_s3_virtual_columns.sql"
        },
        {
            "query": "\ninsert into test_02245 select 1 settings s3_truncate_on_insert=1;",
            "name": "02245_s3_virtual_columns.sql"
        },
        {
            "query": "\nselect * from test_02245;",
            "name": "02245_s3_virtual_columns.sql"
        },
        {
            "query": "\nselect _path from test_02245;",
            "name": "02245_s3_virtual_columns.sql"
        },
        {
            "query": "\n\ndrop table if exists test_02245_2;",
            "name": "02245_s3_virtual_columns.sql"
        },
        {
            "query": "\ncreate table test_02245_2 (a UInt64, _path Int32) engine = S3(s3_conn, filename='test_02245_2', format=Parquet);",
            "name": "02245_s3_virtual_columns.sql"
        },
        {
            "query": "\ninsert into test_02245_2 select 1, 2 settings s3_truncate_on_insert=1;",
            "name": "02245_s3_virtual_columns.sql"
        },
        {
            "query": "\nselect * from test_02245_2;",
            "name": "02245_s3_virtual_columns.sql"
        },
        {
            "query": "\nselect _path from test_02245_2;",
            "name": "02245_s3_virtual_columns.sql"
        }
    ]
}