{
    "name": "02949_parallel_replicas_in_subquery.sql",
    "tests": [
        {
            "query": "DROP TABLE IF EXISTS merge_tree_in_subqueries;",
            "name": "02949_parallel_replicas_in_subquery.sql"
        },
        {
            "query": "\nCREATE TABLE merge_tree_in_subqueries (id UInt64, name String, num UInt64) ENGINE = MergeTree ORDER BY (id, name);",
            "name": "02949_parallel_replicas_in_subquery.sql"
        },
        {
            "query": "\nINSERT INTO merge_tree_in_subqueries VALUES(1, 'test1', 42);",
            "name": "02949_parallel_replicas_in_subquery.sql"
        },
        {
            "query": "\nINSERT INTO merge_tree_in_subqueries VALUES(2, 'test2', 8);",
            "name": "02949_parallel_replicas_in_subquery.sql"
        },
        {
            "query": "\nINSERT INTO merge_tree_in_subqueries VALUES(3, 'test3', 8);",
            "name": "02949_parallel_replicas_in_subquery.sql"
        },
        {
            "query": "\nINSERT INTO merge_tree_in_subqueries VALUES(4, 'test4', 1985);",
            "name": "02949_parallel_replicas_in_subquery.sql"
        },
        {
            "query": "\nINSERT INTO merge_tree_in_subqueries VALUES(5, 'test5', 0);",
            "name": "02949_parallel_replicas_in_subquery.sql"
        },
        {
            "query": "\n\nSET max_parallel_replicas=3, cluster_for_parallel_replicas='test_cluster_one_shard_three_replicas_localhost', parallel_replicas_for_non_replicated_merge_tree=1;",
            "name": "02949_parallel_replicas_in_subquery.sql"
        },
        {
            "query": "\n\nSELECT * FROM merge_tree_in_subqueries WHERE id IN (SELECT * FROM system.numbers LIMIT 0) SETTINGS allow_experimental_parallel_reading_from_replicas=2, parallel_replicas_allow_in_with_subquery=0;",
            "name": "02949_parallel_replicas_in_subquery.sql"
        },
        {
            "query": " -- { serverError SUPPORT_IS_DISABLED }\nSELECT * FROM merge_tree_in_subqueries WHERE id IN (SELECT * FROM system.numbers LIMIT 0) SETTINGS allow_experimental_parallel_reading_from_replicas=2, parallel_replicas_allow_in_with_subquery=1;",
            "name": "02949_parallel_replicas_in_subquery.sql"
        },
        {
            "query": "\nSELECT * FROM merge_tree_in_subqueries WHERE id IN (SELECT * FROM system.numbers LIMIT 0) SETTINGS allow_experimental_parallel_reading_from_replicas=1;",
            "name": "02949_parallel_replicas_in_subquery.sql"
        },
        {
            "query": "\n\nSELECT '---';",
            "name": "02949_parallel_replicas_in_subquery.sql"
        },
        {
            "query": "\nSELECT * FROM merge_tree_in_subqueries WHERE id IN (SELECT * FROM system.numbers LIMIT 2, 3) ORDER BY id SETTINGS allow_experimental_parallel_reading_from_replicas=2, parallel_replicas_allow_in_with_subquery=0;",
            "name": "02949_parallel_replicas_in_subquery.sql"
        },
        {
            "query": " -- { serverError SUPPORT_IS_DISABLED };",
            "name": "02949_parallel_replicas_in_subquery.sql"
        },
        {
            "query": "\nSELECT * FROM merge_tree_in_subqueries WHERE id IN (SELECT * FROM system.numbers LIMIT 2, 3) ORDER BY id SETTINGS allow_experimental_parallel_reading_from_replicas=2, parallel_replicas_allow_in_with_subquery=1;",
            "name": "02949_parallel_replicas_in_subquery.sql"
        },
        {
            "query": "\nSELECT * FROM merge_tree_in_subqueries WHERE id IN (SELECT * FROM system.numbers LIMIT 2, 3) ORDER BY id SETTINGS allow_experimental_parallel_reading_from_replicas=1;",
            "name": "02949_parallel_replicas_in_subquery.sql"
        },
        {
            "query": "\n\nSELECT '---';",
            "name": "02949_parallel_replicas_in_subquery.sql"
        },
        {
            "query": "\nSELECT * FROM merge_tree_in_subqueries WHERE id IN (SELECT 1) ORDER BY id SETTINGS allow_experimental_parallel_reading_from_replicas=2, parallel_replicas_allow_in_with_subquery=0;",
            "name": "02949_parallel_replicas_in_subquery.sql"
        },
        {
            "query": " -- { serverError SUPPORT_IS_DISABLED };",
            "name": "02949_parallel_replicas_in_subquery.sql"
        },
        {
            "query": "\nSELECT * FROM merge_tree_in_subqueries WHERE id IN (SELECT 1) ORDER BY id SETTINGS allow_experimental_parallel_reading_from_replicas=2, parallel_replicas_allow_in_with_subquery=1;",
            "name": "02949_parallel_replicas_in_subquery.sql"
        },
        {
            "query": "\nSELECT * FROM merge_tree_in_subqueries WHERE id IN (SELECT 1) ORDER BY id SETTINGS allow_experimental_parallel_reading_from_replicas=1;",
            "name": "02949_parallel_replicas_in_subquery.sql"
        },
        {
            "query": "\n\n-- IN with tuples is allowed\nSELECT '---';",
            "name": "02949_parallel_replicas_in_subquery.sql"
        },
        {
            "query": "\nSELECT id, name FROM merge_tree_in_subqueries WHERE (id, name)  IN (3, 'test3') SETTINGS allow_experimental_parallel_reading_from_replicas=2, parallel_replicas_allow_in_with_subquery=0;",
            "name": "02949_parallel_replicas_in_subquery.sql"
        },
        {
            "query": "\nSELECT id, name FROM merge_tree_in_subqueries WHERE (id, name)  IN (3, 'test3') SETTINGS allow_experimental_parallel_reading_from_replicas=2, parallel_replicas_allow_in_with_subquery=1;",
            "name": "02949_parallel_replicas_in_subquery.sql"
        },
        {
            "query": "\n\nDROP TABLE IF EXISTS merge_tree_in_subqueries;",
            "name": "02949_parallel_replicas_in_subquery.sql"
        }
    ]
}