{
    "name": "02455_improve_feedback_when_replacing_partition_with_different_primary_key.sql",
    "tests": [
        {
            "query": "CREATE TABLE test_a (id UInt32, company UInt32, total UInt64) ENGINE=SummingMergeTree() PARTITION BY company PRIMARY KEY (id) ORDER BY (id, company);",
            "name": "02455_improve_feedback_when_replacing_partition_with_different_primary_key.sql"
        },
        {
            "query": "\nINSERT INTO test_a SELECT number%10 as id, number%2 as company, count() as total FROM numbers(100) GROUP BY id,company;",
            "name": "02455_improve_feedback_when_replacing_partition_with_different_primary_key.sql"
        },
        {
            "query": "\nCREATE TABLE test_b (id UInt32, company UInt32, total UInt64) ENGINE=SummingMergeTree() PARTITION BY company ORDER BY (id, company);",
            "name": "02455_improve_feedback_when_replacing_partition_with_different_primary_key.sql"
        },
        {
            "query": "\nALTER TABLE test_b REPLACE PARTITION '0' FROM test_a;",
            "name": "02455_improve_feedback_when_replacing_partition_with_different_primary_key.sql"
        },
        {
            "query": " -- {serverError BAD_ARGUMENTS}\n;",
            "name": "02455_improve_feedback_when_replacing_partition_with_different_primary_key.sql"
        }
    ]
}