{
    "name": "03076_analyzer_multiple_joins_alias.sql",
    "tests": [
        {
            "query": "-- https://github.com/ClickHouse/ClickHouse/issues/29734\nSET allow_experimental_analyzer=1;",
            "name": "03076_analyzer_multiple_joins_alias.sql"
        },
        {
            "query": "\nSELECT *\nFROM\n(\n    SELECT 1 AS x\n) AS a\nINNER JOIN\n(\n    SELECT\n        1 AS x,\n        2 AS y\n) AS b ON (a.x = b.x) AND (a.y = b.y);",
            "name": "03076_analyzer_multiple_joins_alias.sql"
        },
        {
            "query": " -- { serverError UNKNOWN_IDENTIFIER }\n\n\n\nSELECT *\nFROM\n(\n    SELECT 1 AS x\n) AS a\nINNER JOIN\n(\n    SELECT\n        1 AS x,\n        2 AS y\n) AS b ON (a.x = b.x) AND (a.y = b.y)\nINNER JOIN\n(\n    SELECT 3 AS x\n) AS c ON a.x = c.x;",
            "name": "03076_analyzer_multiple_joins_alias.sql"
        },
        {
            "query": " -- { serverError UNKNOWN_IDENTIFIER }\n\n\nSELECT *\nFROM\n(\n    SELECT number AS x\n    FROM numbers(10)\n) AS a\nINNER JOIN\n(\n    SELECT\n        number AS x,\n        number AS y\n    FROM numbers(10)\n) AS b ON (a.x = b.x) AND (a.y = b.y)\nINNER JOIN\n(\n    SELECT number AS x\n    FROM numbers(10)\n) AS c ON a.x = c.x;",
            "name": "03076_analyzer_multiple_joins_alias.sql"
        },
        {
            "query": " -- { serverError UNKNOWN_IDENTIFIER }\n\n;",
            "name": "03076_analyzer_multiple_joins_alias.sql"
        }
    ]
}