{
    "name": "01495_subqueries_in_with_statement_3.sql",
    "tests": [
        {
            "query": "DROP TABLE IF EXISTS cte1;",
            "name": "01495_subqueries_in_with_statement_3.sql"
        },
        {
            "query": "\nDROP TABLE IF EXISTS cte2;",
            "name": "01495_subqueries_in_with_statement_3.sql"
        },
        {
            "query": "\n\nCREATE TABLE cte1(a Int64) ENGINE=Memory;",
            "name": "01495_subqueries_in_with_statement_3.sql"
        },
        {
            "query": "\nCREATE TABLE cte2(a Int64) ENGINE=Memory;",
            "name": "01495_subqueries_in_with_statement_3.sql"
        },
        {
            "query": "\n\nINSERT INTO cte1 SELECT * FROM numbers(10000);",
            "name": "01495_subqueries_in_with_statement_3.sql"
        },
        {
            "query": "\nINSERT INTO cte2 SELECT * FROM numbers(5000);",
            "name": "01495_subqueries_in_with_statement_3.sql"
        },
        {
            "query": "\n\nWITH\nx AS (SELECT * FROM cte1),\ny AS (SELECT * FROM cte2),\nz AS (SELECT * FROM x WHERE a % 2 = 1),\nw AS (SELECT * FROM y WHERE a > 333)\nSELECT max(a) \nFROM x JOIN y USING (a) \nWHERE a in (SELECT * FROM z) AND a <= (SELECT max(a) FROM w);",
            "name": "01495_subqueries_in_with_statement_3.sql"
        },
        {
            "query": "\n\nWITH\nx AS (SELECT * FROM cte1),\ny AS (SELECT * FROM cte2),\nz AS (SELECT * FROM x WHERE a % 3 = 1),\nw AS (SELECT * FROM y WHERE a > 333 AND a < 1000)\nSELECT count(a) \nFROM x left JOIN y USING (a) \nWHERE a in (SELECT * FROM z) AND a <= (SELECT max(a) FROM w);",
            "name": "01495_subqueries_in_with_statement_3.sql"
        },
        {
            "query": "\n\nWITH\nx AS (SELECT * FROM cte1),\ny AS (SELECT * FROM cte2),\nz AS (SELECT * FROM x WHERE a % 3 = 1),\nw AS (SELECT * FROM y WHERE a > 333 AND a < 1000)\nSELECT count(a) \nFROM x left JOIN y USING (a) \nWHERE a in (SELECT * FROM z);",
            "name": "01495_subqueries_in_with_statement_3.sql"
        },
        {
            "query": "\n\nWITH\nx AS (SELECT a-4000 a FROM cte1 WHERE cte1.a >700),\ny AS (SELECT * FROM cte2),\nz AS (SELECT * FROM x WHERE a % 3 = 1),\nw AS (SELECT * FROM y WHERE a > 333 AND a < 1000)\nSELECT count(*) \nFROM x left JOIN y USING (a) \nWHERE a in (SELECT * FROM z);",
            "name": "01495_subqueries_in_with_statement_3.sql"
        },
        {
            "query": "\n\nWITH\nx AS (SELECT a-4000 a FROM cte1 WHERE cte1.a >700),\ny AS (SELECT * FROM cte2),\nz AS (SELECT * FROM x WHERE a % 3 = 1),\nw AS (SELECT * FROM y WHERE a > 333 AND a < 1000)\nSELECT max(a), min(a), count(*) \nFROM x\nWHERE a in (SELECT * FROM z) AND a <100;",
            "name": "01495_subqueries_in_with_statement_3.sql"
        },
        {
            "query": "\n\nWITH\nx AS (SELECT a-4000 a FROM cte1 WHERE cte1.a >700),\ny AS (SELECT * FROM cte2),\nz AS (SELECT * FROM x WHERE a % 3 = 1),\nw AS (SELECT * FROM y WHERE a > 333 AND a < 1000)\nSELECT max(a), min(a), count(*) FROM x\nWHERE  a <100;",
            "name": "01495_subqueries_in_with_statement_3.sql"
        },
        {
            "query": "\n\nWITH\nx AS (SELECT a-4000 a FROM cte1 AS t WHERE cte1.a >700),\ny AS (SELECT * FROM cte2),\nz AS (SELECT * FROM x WHERE a % 3 = 1),\nw AS (SELECT * FROM y WHERE a > 333 AND a < 1000)\nSELECT max(a), min(a), count(*) \nFROM y\nWHERE  a <100;",
            "name": "01495_subqueries_in_with_statement_3.sql"
        },
        {
            "query": "\n\nWITH\nx AS (SELECT a-4000 a FROM cte1 t WHERE t.a >700),\ny AS (SELECT x.a a FROM x left JOIN cte1 USING (a)),\nz AS (SELECT * FROM x WHERE a % 3 = 1),\nw AS (SELECT * FROM y WHERE a > 333 AND a < 1000)\nSELECT max(a), min(a), count(*) \nFROM y\nWHERE a <100;",
            "name": "01495_subqueries_in_with_statement_3.sql"
        },
        {
            "query": "\n\nDROP TABLE cte1;",
            "name": "01495_subqueries_in_with_statement_3.sql"
        },
        {
            "query": "\nDROP TABLE cte2;",
            "name": "01495_subqueries_in_with_statement_3.sql"
        }
    ]
}