{
    "name": "02536_delta_gorilla_corruption.sql",
    "tests": [
        {
            "query": "-- Tags: no-asan\n-- no-asan: the flaky check complains that the test sometimes runs > 60 sec on asan builds\n\nset allow_suspicious_codecs=1;",
            "name": "02536_delta_gorilla_corruption.sql"
        },
        {
            "query": "\n\nselect 'Original bug: the same query executed multiple times yielded different results.';",
            "name": "02536_delta_gorilla_corruption.sql"
        },
        {
            "query": "\nselect 'For unclear reasons this happened only in Release builds, not in Debug builds.';",
            "name": "02536_delta_gorilla_corruption.sql"
        },
        {
            "query": "\n\ndrop table if exists bug_delta_gorilla;",
            "name": "02536_delta_gorilla_corruption.sql"
        },
        {
            "query": "\n\ncreate table bug_delta_gorilla\n(value_bug UInt64 codec (Delta, Gorilla))\nengine = MergeTree\norder by tuple() SETTINGS index_granularity = 8192, index_granularity_bytes = '10Mi'\nas (select 0 from numbers(30000000));",
            "name": "02536_delta_gorilla_corruption.sql"
        },
        {
            "query": "\n\nselect count(*)\nfrom bug_delta_gorilla\nwhere 0 <> value_bug;",
            "name": "02536_delta_gorilla_corruption.sql"
        },
        {
            "query": "\n\nselect count(*)\nfrom bug_delta_gorilla\nwhere 0 <> value_bug;",
            "name": "02536_delta_gorilla_corruption.sql"
        },
        {
            "query": "\n\nselect count(*)\nfrom bug_delta_gorilla\nwhere 0 <> value_bug;",
            "name": "02536_delta_gorilla_corruption.sql"
        },
        {
            "query": "\n\ndrop table if exists bug_delta_gorilla;",
            "name": "02536_delta_gorilla_corruption.sql"
        },
        {
            "query": "\n\nselect 'The same issue in a much smaller repro happens also in Debug builds';",
            "name": "02536_delta_gorilla_corruption.sql"
        },
        {
            "query": "\n\ncreate table bug_delta_gorilla (val UInt64 codec (Delta, Gorilla))\nengine = MergeTree\norder by val SETTINGS index_granularity = 8192, index_granularity_bytes = '10Mi';",
            "name": "02536_delta_gorilla_corruption.sql"
        },
        {
            "query": "\ninsert into bug_delta_gorilla values (0)(1)(3);",
            "name": "02536_delta_gorilla_corruption.sql"
        },
        {
            "query": "\nselect * from bug_delta_gorilla;",
            "name": "02536_delta_gorilla_corruption.sql"
        },
        {
            "query": "\n\ndrop table if exists bug_delta_gorilla;",
            "name": "02536_delta_gorilla_corruption.sql"
        }
    ]
}