{
    "name": "01650_fetch_patition_with_macro_in_zk_path_long.sql",
    "tests": [
        {
            "query": "-- Tags: long\n\nDROP TABLE IF EXISTS test_01640;",
            "name": "01650_fetch_patition_with_macro_in_zk_path_long.sql"
        },
        {
            "query": "\nDROP TABLE IF EXISTS restore_01640;",
            "name": "01650_fetch_patition_with_macro_in_zk_path_long.sql"
        },
        {
            "query": "\n\nCREATE TABLE test_01640(i Int64, d Date, s String)\nENGINE = ReplicatedMergeTree('/clickhouse/{database}/{shard}/tables/test_01640','{replica}')\nPARTITION BY toYYYYMM(d) ORDER BY i\nSETTINGS allow_remote_fs_zero_copy_replication=0;",
            "name": "01650_fetch_patition_with_macro_in_zk_path_long.sql"
        },
        {
            "query": "\n\ninsert into test_01640 values (1, '2021-01-01','some');",
            "name": "01650_fetch_patition_with_macro_in_zk_path_long.sql"
        },
        {
            "query": "\n\nCREATE TABLE restore_01640(i Int64, d Date, s String)\nENGINE = ReplicatedMergeTree('/clickhouse/{database}/{shard}/tables/restore_01640','{replica}')\nPARTITION BY toYYYYMM(d) ORDER BY i\nSETTINGS allow_remote_fs_zero_copy_replication=0;",
            "name": "01650_fetch_patition_with_macro_in_zk_path_long.sql"
        },
        {
            "query": "\n\nALTER TABLE restore_01640 FETCH PARTITION tuple(toYYYYMM(toDate('2021-01-01')))\n  FROM '/clickhouse/{database}/{shard}/tables/test_01640' SETTINGS insert_keeper_fault_injection_probability=0;",
            "name": "01650_fetch_patition_with_macro_in_zk_path_long.sql"
        },
        {
            "query": "\n\nSELECT partition_id\nFROM system.detached_parts\nWHERE (table = 'restore_01640') AND (database = currentDatabase());",
            "name": "01650_fetch_patition_with_macro_in_zk_path_long.sql"
        },
        {
            "query": "\n\nALTER TABLE restore_01640 ATTACH PARTITION tuple(toYYYYMM(toDate('2021-01-01'))) SETTINGS insert_keeper_fault_injection_probability=0;",
            "name": "01650_fetch_patition_with_macro_in_zk_path_long.sql"
        },
        {
            "query": "\n\nSELECT partition_id\nFROM system.detached_parts\nWHERE (table = 'restore_01640') AND (database = currentDatabase());",
            "name": "01650_fetch_patition_with_macro_in_zk_path_long.sql"
        },
        {
            "query": "\n\nSELECT _part, * FROM restore_01640;",
            "name": "01650_fetch_patition_with_macro_in_zk_path_long.sql"
        },
        {
            "query": "\n\nDROP TABLE test_01640;",
            "name": "01650_fetch_patition_with_macro_in_zk_path_long.sql"
        },
        {
            "query": "\nDROP TABLE restore_01640;",
            "name": "01650_fetch_patition_with_macro_in_zk_path_long.sql"
        }
    ]
}