{
    "name": "02398_subquery_where_pushdown_and_limit_offset.sql",
    "tests": [
        {
            "query": "drop table if exists t;",
            "name": "02398_subquery_where_pushdown_and_limit_offset.sql"
        },
        {
            "query": "\ncreate table t engine=Log as select * from system.numbers limit 20;",
            "name": "02398_subquery_where_pushdown_and_limit_offset.sql"
        },
        {
            "query": "\n\nset enable_optimize_predicate_expression=1;",
            "name": "02398_subquery_where_pushdown_and_limit_offset.sql"
        },
        {
            "query": "\nselect number from (select number from t order by number desc offset 3) where number < 18;",
            "name": "02398_subquery_where_pushdown_and_limit_offset.sql"
        },
        {
            "query": "\nexplain syntax select number from (select number from t order by number desc offset 3) where number < 18;",
            "name": "02398_subquery_where_pushdown_and_limit_offset.sql"
        },
        {
            "query": "\n\nselect number from (select number from t order by number limit 5) where number % 2;",
            "name": "02398_subquery_where_pushdown_and_limit_offset.sql"
        },
        {
            "query": "\nexplain syntax select number from (select number from t order by number limit 5) where number % 2;",
            "name": "02398_subquery_where_pushdown_and_limit_offset.sql"
        },
        {
            "query": "\n\ndrop table t;",
            "name": "02398_subquery_where_pushdown_and_limit_offset.sql"
        }
    ]
}