{
    "name": "02115_map_contains.sql",
    "tests": [
        {
            "query": "DROP TABLE IF EXISTS t_map_contains;",
            "name": "02115_map_contains.sql"
        },
        {
            "query": "\n\nCREATE TABLE t_map_contains (m Map(String, UInt32)) ENGINE = Memory;",
            "name": "02115_map_contains.sql"
        },
        {
            "query": "\n\nINSERT INTO t_map_contains VALUES (map('a', 1, 'b', 2)), (map('c', 3, 'd', 4));",
            "name": "02115_map_contains.sql"
        },
        {
            "query": "\n\nSET optimize_functions_to_subcolumns = 1;",
            "name": "02115_map_contains.sql"
        },
        {
            "query": "\n\nEXPLAIN SYNTAX SELECT mapContains(m, 'a') FROM t_map_contains;",
            "name": "02115_map_contains.sql"
        },
        {
            "query": "\nSELECT mapContains(m, 'a') FROM t_map_contains;",
            "name": "02115_map_contains.sql"
        },
        {
            "query": "\n\nDROP TABLE t_map_contains;",
            "name": "02115_map_contains.sql"
        }
    ]
}