{
    "name": "02562_regexp_extract.sql",
    "tests": [
        {
            "query": "-- { echoOn }\nselect regexpExtract('100-200', '(\\\\d+)-(\\\\d+)', 1);",
            "name": "02562_regexp_extract.sql"
        },
        {
            "query": "\nselect regexpExtract('100-200', '(\\\\d+)-(\\\\d+)');",
            "name": "02562_regexp_extract.sql"
        },
        {
            "query": "\nselect regexpExtract('100-200', '(\\\\d+)-(\\\\d+)', 2);",
            "name": "02562_regexp_extract.sql"
        },
        {
            "query": "\nselect regexpExtract('100-200', '(\\\\d+)-(\\\\d+)', 0);",
            "name": "02562_regexp_extract.sql"
        },
        {
            "query": "\nselect regexpExtract('100-200', '(\\\\d+).*', 1);",
            "name": "02562_regexp_extract.sql"
        },
        {
            "query": "\nselect regexpExtract('100-200', '([a-z])', 1);",
            "name": "02562_regexp_extract.sql"
        },
        {
            "query": "\nselect regexpExtract(null, '([a-z])', 1);",
            "name": "02562_regexp_extract.sql"
        },
        {
            "query": "\nselect regexpExtract('100-200', null, 1);",
            "name": "02562_regexp_extract.sql"
        },
        {
            "query": "\nselect regexpExtract('100-200', '([a-z])', null);",
            "name": "02562_regexp_extract.sql"
        },
        {
            "query": "\n\nselect REGEXP_EXTRACT('100-200', '(\\\\d+)-(\\\\d+)', 1);",
            "name": "02562_regexp_extract.sql"
        },
        {
            "query": "\nselect REGEXP_EXTRACT('100-200', '(\\\\d+)-(\\\\d+)');",
            "name": "02562_regexp_extract.sql"
        },
        {
            "query": "\nselect REGEXP_EXTRACT('100-200', '(\\\\d+)-(\\\\d+)', 0);",
            "name": "02562_regexp_extract.sql"
        },
        {
            "query": "\n\nselect regexpExtract('0123456789', '(\\d+)(\\d+)', 0);",
            "name": "02562_regexp_extract.sql"
        },
        {
            "query": "\nselect regexpExtract('0123456789', '(\\d+)(\\d+)', 1);",
            "name": "02562_regexp_extract.sql"
        },
        {
            "query": "\nselect regexpExtract('0123456789', '(\\d+)(\\d+)', 2);",
            "name": "02562_regexp_extract.sql"
        },
        {
            "query": "\n\nselect regexpExtract(materialize('100-200'), '(\\\\d+)-(\\\\d+)');",
            "name": "02562_regexp_extract.sql"
        },
        {
            "query": "\nselect regexpExtract(materialize('100-200'), '(\\\\d+)-(\\\\d+)', 1);",
            "name": "02562_regexp_extract.sql"
        },
        {
            "query": "\nselect regexpExtract(materialize('100-200'), '(\\\\d+)-(\\\\d+)', 2);",
            "name": "02562_regexp_extract.sql"
        },
        {
            "query": "\nselect regexpExtract(materialize('100-200'), '(\\\\d+).*', 1);",
            "name": "02562_regexp_extract.sql"
        },
        {
            "query": "\nselect regexpExtract(materialize('100-200'), '([a-z])', 1);",
            "name": "02562_regexp_extract.sql"
        },
        {
            "query": "\nselect regexpExtract(materialize(null), '([a-z])', 1);",
            "name": "02562_regexp_extract.sql"
        },
        {
            "query": "\nselect regexpExtract(materialize('100-200'), null, 1);",
            "name": "02562_regexp_extract.sql"
        },
        {
            "query": "\nselect regexpExtract(materialize('100-200'), '([a-z])', null);",
            "name": "02562_regexp_extract.sql"
        },
        {
            "query": "\n\nselect regexpExtract('100-200', '(\\\\d+)-(\\\\d+)', materialize(1));",
            "name": "02562_regexp_extract.sql"
        },
        {
            "query": "\nselect regexpExtract('100-200', '(\\\\d+)-(\\\\d+)', materialize(2));",
            "name": "02562_regexp_extract.sql"
        },
        {
            "query": "\nselect regexpExtract('100-200', '(\\\\d+).*', materialize(1));",
            "name": "02562_regexp_extract.sql"
        },
        {
            "query": "\nselect regexpExtract('100-200', '([a-z])', materialize(1));",
            "name": "02562_regexp_extract.sql"
        },
        {
            "query": "\nselect regexpExtract(null, '([a-z])', materialize(1));",
            "name": "02562_regexp_extract.sql"
        },
        {
            "query": "\nselect regexpExtract('100-200', null, materialize(1));",
            "name": "02562_regexp_extract.sql"
        },
        {
            "query": "\nselect regexpExtract('100-200', '([a-z])', materialize(null));",
            "name": "02562_regexp_extract.sql"
        },
        {
            "query": "\n\nselect regexpExtract(materialize('100-200'), '(\\\\d+)-(\\\\d+)', materialize(1));",
            "name": "02562_regexp_extract.sql"
        },
        {
            "query": "\nselect regexpExtract(materialize('100-200'), '(\\\\d+)-(\\\\d+)', materialize(2));",
            "name": "02562_regexp_extract.sql"
        },
        {
            "query": "\nselect regexpExtract(materialize('100-200'), '(\\\\d+).*', materialize(1));",
            "name": "02562_regexp_extract.sql"
        },
        {
            "query": "\nselect regexpExtract(materialize('100-200'), '([a-z])', materialize(1));",
            "name": "02562_regexp_extract.sql"
        },
        {
            "query": "\nselect regexpExtract(materialize(null), '([a-z])', materialize(1));",
            "name": "02562_regexp_extract.sql"
        },
        {
            "query": "\nselect regexpExtract(materialize('100-200'), null, materialize(1));",
            "name": "02562_regexp_extract.sql"
        },
        {
            "query": "\nselect regexpExtract(materialize('100-200'), '([a-z])', materialize(null));",
            "name": "02562_regexp_extract.sql"
        },
        {
            "query": "\nselect regexpExtract('100-200', '(\\\\d+)-(\\\\d+)', number) from numbers(3);",
            "name": "02562_regexp_extract.sql"
        },
        {
            "query": "\nselect regexpExtract(materialize('100-200'), '(\\\\d+)-(\\\\d+)', number) from numbers(3);",
            "name": "02562_regexp_extract.sql"
        },
        {
            "query": "\nselect regexpExtract(number::String || '-' || (2*number)::String, '(\\\\d+)-(\\\\d+)', 1) from numbers(3);",
            "name": "02562_regexp_extract.sql"
        },
        {
            "query": "\nselect regexpExtract(number::String || '-' || (2*number)::String, '(\\\\d+)-(\\\\d+)', number%3) from numbers(5);",
            "name": "02562_regexp_extract.sql"
        },
        {
            "query": "\nselect regexpExtract('100-200100-200', '(\\\\d+)-(\\\\d+)(\\\\d+)-(\\\\d+)', materialize(3));",
            "name": "02562_regexp_extract.sql"
        },
        {
            "query": "\n\nselect regexpExtract('100-200');",
            "name": "02562_regexp_extract.sql"
        },
        {
            "query": " -- { serverError NUMBER_OF_ARGUMENTS_DOESNT_MATCH }\nselect regexpExtract('100-200', '(\\\\d+)-(\\\\d+)', 1, 2);",
            "name": "02562_regexp_extract.sql"
        },
        {
            "query": " -- { serverError NUMBER_OF_ARGUMENTS_DOESNT_MATCH }\nselect regexpExtract(cast('100-200' as FixedString(10)), '(\\\\d+)-(\\\\d+)', 1);",
            "name": "02562_regexp_extract.sql"
        },
        {
            "query": " -- { serverError ILLEGAL_TYPE_OF_ARGUMENT }\nselect regexpExtract('100-200', cast('(\\\\d+)-(\\\\d+)' as FixedString(20)), 1);",
            "name": "02562_regexp_extract.sql"
        },
        {
            "query": " -- { serverError ILLEGAL_TYPE_OF_ARGUMENT }\nselect regexpExtract('100-200', '(\\\\d+)-(\\\\d+)', 'a');",
            "name": "02562_regexp_extract.sql"
        },
        {
            "query": " -- { serverError ILLEGAL_TYPE_OF_ARGUMENT }\nselect regexpExtract(100, '(\\\\d+)-(\\\\d+)', 1);",
            "name": "02562_regexp_extract.sql"
        },
        {
            "query": " -- { serverError ILLEGAL_TYPE_OF_ARGUMENT }\nselect regexpExtract('100-200', 1, 1);",
            "name": "02562_regexp_extract.sql"
        },
        {
            "query": " -- { serverError ILLEGAL_TYPE_OF_ARGUMENT }\nselect regexpExtract('100-200', materialize('(\\\\d+)-(\\\\d+)'), 1);",
            "name": "02562_regexp_extract.sql"
        },
        {
            "query": " -- { serverError ILLEGAL_COLUMN }\nselect regexpExtract('100-200', '(\\\\d+)-(\\\\d+)', 3);",
            "name": "02562_regexp_extract.sql"
        },
        {
            "query": " -- { serverError INDEX_OF_POSITIONAL_ARGUMENT_IS_OUT_OF_RANGE }\nselect regexpExtract('100-200', '(\\\\d+)-(\\\\d+)', -1);",
            "name": "02562_regexp_extract.sql"
        },
        {
            "query": " -- { serverError INDEX_OF_POSITIONAL_ARGUMENT_IS_OUT_OF_RANGE }\nselect regexpExtract('100-200', '\\\\d+-\\\\d+', 0);",
            "name": "02562_regexp_extract.sql"
        },
        {
            "query": "\nselect regexpExtract('100-200', '\\\\d+-\\\\d+', 1);",
            "name": "02562_regexp_extract.sql"
        },
        {
            "query": "-- { serverError INDEX_OF_POSITIONAL_ARGUMENT_IS_OUT_OF_RANGE }\n-- { echoOff }\n;",
            "name": "02562_regexp_extract.sql"
        }
    ]
}