{
    "name": "01905_to_json_string.sql",
    "tests": [
        {
            "query": "-- Tags: no-fasttest\n\ncreate temporary table t engine Memory as select * from generateRandom(\n$$\n    a Array(Int8),\n    b UInt32,\n    c Nullable(String),\n    d Decimal32(4),\n    e Nullable(Enum16('h' = 1, 'w' = 5 , 'o' = -200)),\n    f Float64,\n    g Tuple(Date, DateTime('Asia/Istanbul'), DateTime64(3, 'Asia/Istanbul'), UUID),\n    h FixedString(2),\n    i Array(Nullable(UUID))\n$$, 10, 5, 3) limit 2;",
            "name": "01905_to_json_string.sql"
        },
        {
            "query": "\n\nselect * apply toJSONString from t;",
            "name": "01905_to_json_string.sql"
        },
        {
            "query": "\n\nset allow_experimental_map_type = 1;",
            "name": "01905_to_json_string.sql"
        },
        {
            "query": "\nselect toJSONString(map('1234', '5678'));",
            "name": "01905_to_json_string.sql"
        }
    ]
}