{
    "name": "01091_insert_with_default_json.sql",
    "tests": [
        {
            "query": "-- Tags: no-fasttest\n\nDROP TABLE IF EXISTS table_with_complex_default;",
            "name": "01091_insert_with_default_json.sql"
        },
        {
            "query": "\n\nCREATE TABLE table_with_complex_default (i Int8, n UInt8 DEFAULT 42, s String DEFAULT concat('test', CAST(n, 'String'))) ENGINE=TinyLog;",
            "name": "01091_insert_with_default_json.sql"
        },
        {
            "query": "\n\nINSERT INTO table_with_complex_default FORMAT JSONEachRow {\"i\":0, \"n\": 0}\n\nSELECT * FROM table_with_complex_default;",
            "name": "01091_insert_with_default_json.sql"
        },
        {
            "query": "\n\nDROP TABLE IF EXISTS table_with_complex_default;",
            "name": "01091_insert_with_default_json.sql"
        },
        {
            "query": "\n\nDROP TABLE IF EXISTS test_default_using_alias;",
            "name": "01091_insert_with_default_json.sql"
        },
        {
            "query": "\n\nCREATE TABLE test_default_using_alias\n(\n    what String,\n    a String DEFAULT concat(c, ' is great'),\n    b String DEFAULT concat(c, ' is fast'),\n    c String ALIAS concat(what, 'House')\n)\nENGINE = TinyLog;",
            "name": "01091_insert_with_default_json.sql"
        },
        {
            "query": "\n\nINSERT INTO test_default_using_alias(what) VALUES ('Click');",
            "name": "01091_insert_with_default_json.sql"
        },
        {
            "query": "\n\nSELECT a, b FROM test_default_using_alias;",
            "name": "01091_insert_with_default_json.sql"
        },
        {
            "query": "\n\nDROP TABLE IF EXISTS test_default_using_alias;",
            "name": "01091_insert_with_default_json.sql"
        }
    ]
}