{
    "name": "00931_low_cardinality_set_index_in_key_condition.sql",
    "tests": [
        {
            "query": "drop table if exists test_in;",
            "name": "00931_low_cardinality_set_index_in_key_condition.sql"
        },
        {
            "query": "\ncreate table test_in (a LowCardinality(String)) Engine = MergeTree order by a;",
            "name": "00931_low_cardinality_set_index_in_key_condition.sql"
        },
        {
            "query": "\n\ninsert into test_in values ('a');",
            "name": "00931_low_cardinality_set_index_in_key_condition.sql"
        },
        {
            "query": "\nselect * from test_in where a in ('a');",
            "name": "00931_low_cardinality_set_index_in_key_condition.sql"
        },
        {
            "query": "\n\ndrop table if exists test_in;",
            "name": "00931_low_cardinality_set_index_in_key_condition.sql"
        }
    ]
}