{
    "name": "00802_system_parts_with_datetime_partition.sql",
    "tests": [
        {
            "query": "DROP TABLE IF EXISTS datetime_table;",
            "name": "00802_system_parts_with_datetime_partition.sql"
        },
        {
            "query": "\n\n-- Create a table with DateTime column, but not used in partition key\nCREATE TABLE datetime_table\n  (\n    t DateTime('UTC'),\n    name String,\n    value UInt32\n  ) ENGINE = MergeTree()\n    ORDER BY (t, name)\n\tPARTITION BY value;",
            "name": "00802_system_parts_with_datetime_partition.sql"
        },
        {
            "query": "\n\nINSERT INTO datetime_table VALUES ('2016-01-01 00:00:00','name1',2);",
            "name": "00802_system_parts_with_datetime_partition.sql"
        },
        {
            "query": "\nINSERT INTO datetime_table VALUES ('2016-01-02 00:00:00','name2',2);",
            "name": "00802_system_parts_with_datetime_partition.sql"
        },
        {
            "query": "\nINSERT INTO datetime_table VALUES ('2016-01-03 00:00:00','name1',4);",
            "name": "00802_system_parts_with_datetime_partition.sql"
        },
        {
            "query": "\n\n-- min_time and max_time are not filled\n\nSELECT partition, toTimeZone(MIN(min_time), 'UTC') as min_time, toTimeZone(MAX(max_time), 'UTC') as max_time\nFROM system.parts\nWHERE database = currentDatabase() and table = 'datetime_table' AND active = 1\nGROUP BY partition\nORDER BY partition ASC\nFORMAT CSV;",
            "name": "00802_system_parts_with_datetime_partition.sql"
        },
        {
            "query": "\n\nDROP TABLE IF EXISTS datetime_table;",
            "name": "00802_system_parts_with_datetime_partition.sql"
        },
        {
            "query": "\n\n-- Create a table with DateTime column, this time used in partition key\nCREATE TABLE datetime_table\n  (\n    t DateTime('UTC'),\n    name String,\n    value UInt32\n  ) ENGINE = MergeTree()\n    ORDER BY (t, name)\n\tPARTITION BY toStartOfDay(t);",
            "name": "00802_system_parts_with_datetime_partition.sql"
        },
        {
            "query": "\n\nINSERT INTO datetime_table VALUES ('2016-01-01 00:00:00','name1',2);",
            "name": "00802_system_parts_with_datetime_partition.sql"
        },
        {
            "query": "\nINSERT INTO datetime_table VALUES ('2016-01-01 02:00:00','name1',3);",
            "name": "00802_system_parts_with_datetime_partition.sql"
        },
        {
            "query": "\nINSERT INTO datetime_table VALUES ('2016-01-02 01:00:00','name2',2);",
            "name": "00802_system_parts_with_datetime_partition.sql"
        },
        {
            "query": "\nINSERT INTO datetime_table VALUES ('2016-01-02 23:00:00','name2',5);",
            "name": "00802_system_parts_with_datetime_partition.sql"
        },
        {
            "query": "\nINSERT INTO datetime_table VALUES ('2016-01-03 04:00:00','name1',4);",
            "name": "00802_system_parts_with_datetime_partition.sql"
        },
        {
            "query": "\n\n-- min_time and max_time are now filled\n\nSELECT partition, toTimeZone(MIN(min_time), 'UTC') as min_time, toTimeZone(MAX(max_time), 'UTC') as max_time\nFROM system.parts\nWHERE database = currentDatabase() and table = 'datetime_table' AND active = 1\nGROUP BY partition\nORDER BY partition ASC\nFORMAT CSV;",
            "name": "00802_system_parts_with_datetime_partition.sql"
        },
        {
            "query": "\n\nDROP TABLE IF EXISTS datetime_table;",
            "name": "00802_system_parts_with_datetime_partition.sql"
        },
        {
            "query": "\n\n-- Create a table with DateTime column, this time used in partition key, but not at the first level\nCREATE TABLE datetime_table\n  (\n    t DateTime('UTC'),\n    name String,\n    value UInt32\n  ) ENGINE = MergeTree()\n    ORDER BY (t, name)\n        PARTITION BY (name, toUInt32(toUnixTimestamp(t)/(60*60*24)) );",
            "name": "00802_system_parts_with_datetime_partition.sql"
        },
        {
            "query": "\n\n-- We are using a daily aggregation that is independant of the timezone, add data also\n\nINSERT INTO datetime_table VALUES (1451606400,'name1',2);",
            "name": "00802_system_parts_with_datetime_partition.sql"
        },
        {
            "query": "\nINSERT INTO datetime_table VALUES (1451613600,'name1',3);",
            "name": "00802_system_parts_with_datetime_partition.sql"
        },
        {
            "query": "\nINSERT INTO datetime_table VALUES (1451696400,'name2',2);",
            "name": "00802_system_parts_with_datetime_partition.sql"
        },
        {
            "query": "\nINSERT INTO datetime_table VALUES (1451775600,'name2',5);",
            "name": "00802_system_parts_with_datetime_partition.sql"
        },
        {
            "query": "\nINSERT INTO datetime_table VALUES (1451793600,'name1',4);",
            "name": "00802_system_parts_with_datetime_partition.sql"
        },
        {
            "query": "\n\n-- min_time and max_time are now filled\n\nSELECT partition, toUnixTimestamp(MIN(min_time)) as min_unix_time, toUnixTimestamp(MAX(max_time)) as max_unix_time\nFROM system.parts\nWHERE database = currentDatabase() and table = 'datetime_table' AND active = 1\nGROUP BY partition\nORDER BY partition ASC\nFORMAT CSV;",
            "name": "00802_system_parts_with_datetime_partition.sql"
        },
        {
            "query": "\n\nDROP TABLE IF EXISTS datetime_table;",
            "name": "00802_system_parts_with_datetime_partition.sql"
        }
    ]
}