{
    "name": "01601_accurate_cast.sql",
    "tests": [
        {
            "query": "SELECT accurateCast(-1, 'UInt8');",
            "name": "01601_accurate_cast.sql"
        },
        {
            "query": " -- { serverError CANNOT_CONVERT_TYPE }\nSELECT accurateCast(5, 'UInt8');",
            "name": "01601_accurate_cast.sql"
        },
        {
            "query": "\nSELECT accurateCast(257, 'UInt8');",
            "name": "01601_accurate_cast.sql"
        },
        {
            "query": " -- { serverError CANNOT_CONVERT_TYPE }\nSELECT accurateCast(-1, 'UInt16');",
            "name": "01601_accurate_cast.sql"
        },
        {
            "query": " -- { serverError CANNOT_CONVERT_TYPE }\nSELECT accurateCast(5, 'UInt16');",
            "name": "01601_accurate_cast.sql"
        },
        {
            "query": "\nSELECT accurateCast(65536, 'UInt16');",
            "name": "01601_accurate_cast.sql"
        },
        {
            "query": " -- { serverError CANNOT_CONVERT_TYPE }\nSELECT accurateCast(-1, 'UInt32');",
            "name": "01601_accurate_cast.sql"
        },
        {
            "query": " -- { serverError CANNOT_CONVERT_TYPE }\nSELECT accurateCast(5, 'UInt32');",
            "name": "01601_accurate_cast.sql"
        },
        {
            "query": "\nSELECT accurateCast(4294967296, 'UInt32');",
            "name": "01601_accurate_cast.sql"
        },
        {
            "query": " -- { serverError CANNOT_CONVERT_TYPE }\nSELECT accurateCast(-1, 'UInt64');",
            "name": "01601_accurate_cast.sql"
        },
        {
            "query": " -- { serverError CANNOT_CONVERT_TYPE }\nSELECT accurateCast(5, 'UInt64');",
            "name": "01601_accurate_cast.sql"
        },
        {
            "query": "\nSELECT accurateCast(-1, 'UInt256');",
            "name": "01601_accurate_cast.sql"
        },
        {
            "query": " -- { serverError CANNOT_CONVERT_TYPE }\nSELECT accurateCast(5, 'UInt256');",
            "name": "01601_accurate_cast.sql"
        },
        {
            "query": "\n\nSELECT accurateCast(-129, 'Int8');",
            "name": "01601_accurate_cast.sql"
        },
        {
            "query": " -- { serverError CANNOT_CONVERT_TYPE }\nSELECT accurateCast(5, 'Int8');",
            "name": "01601_accurate_cast.sql"
        },
        {
            "query": "\nSELECT accurateCast(128, 'Int8');",
            "name": "01601_accurate_cast.sql"
        },
        {
            "query": " -- { serverError CANNOT_CONVERT_TYPE }\n\nSELECT accurateCast(10, 'Decimal32(9)');",
            "name": "01601_accurate_cast.sql"
        },
        {
            "query": " -- { serverError DECIMAL_OVERFLOW }\nSELECT accurateCast(1, 'Decimal32(9)');",
            "name": "01601_accurate_cast.sql"
        },
        {
            "query": "\nSELECT accurateCast(-10, 'Decimal32(9)');",
            "name": "01601_accurate_cast.sql"
        },
        {
            "query": " -- { serverError DECIMAL_OVERFLOW }\n\nSELECT accurateCast('123', 'FixedString(2)');",
            "name": "01601_accurate_cast.sql"
        },
        {
            "query": " -- { serverError TOO_LARGE_STRING_SIZE }\nSELECT accurateCast('12', 'FixedString(2)');",
            "name": "01601_accurate_cast.sql"
        },
        {
            "query": "\n\nSELECT accurateCast(-1, 'DateTime');",
            "name": "01601_accurate_cast.sql"
        },
        {
            "query": "   -- { serverError CANNOT_CONVERT_TYPE }\nSELECT accurateCast(0xFFFFFFFF + 1, 'DateTime');",
            "name": "01601_accurate_cast.sql"
        },
        {
            "query": "   -- { serverError CANNOT_CONVERT_TYPE }\nSELECT accurateCast('1xxx', 'DateTime');",
            "name": "01601_accurate_cast.sql"
        },
        {
            "query": "   -- { serverError CANNOT_PARSE_DATETIME }\nSELECT accurateCast('2023-05-30 14:38:20', 'DateTime');",
            "name": "01601_accurate_cast.sql"
        },
        {
            "query": "\nSELECT toString(accurateCast(19, 'DateTime'), 'UTC');",
            "name": "01601_accurate_cast.sql"
        },
        {
            "query": "\n\nSELECT accurateCast(-1, 'Date');",
            "name": "01601_accurate_cast.sql"
        },
        {
            "query": "   -- { serverError CANNOT_CONVERT_TYPE }\nSELECT accurateCast(0xFFFFFFFF + 1, 'Date');",
            "name": "01601_accurate_cast.sql"
        },
        {
            "query": "   -- { serverError CANNOT_CONVERT_TYPE }\nSELECT accurateCast('1xxx', 'Date');",
            "name": "01601_accurate_cast.sql"
        },
        {
            "query": "   -- { serverError CANNOT_PARSE_DATE }\nSELECT accurateCast('2023-05-30', 'Date');",
            "name": "01601_accurate_cast.sql"
        },
        {
            "query": "\nSELECT accurateCast(19, 'Date');",
            "name": "01601_accurate_cast.sql"
        },
        {
            "query": "\n\nselect accurateCast('test', 'Nullable(Bool)');",
            "name": "01601_accurate_cast.sql"
        },
        {
            "query": "   -- { serverError CANNOT_PARSE_BOOL }\nselect accurateCast('test', 'Bool');",
            "name": "01601_accurate_cast.sql"
        },
        {
            "query": "   -- { serverError CANNOT_PARSE_BOOL }\nselect accurateCast('truex', 'Bool');",
            "name": "01601_accurate_cast.sql"
        },
        {
            "query": "   -- { serverError CANNOT_PARSE_BOOL }\nselect accurateCast('xfalse', 'Bool');",
            "name": "01601_accurate_cast.sql"
        },
        {
            "query": "   -- { serverError CANNOT_PARSE_BOOL }\nselect accurateCast('true', 'Bool');",
            "name": "01601_accurate_cast.sql"
        },
        {
            "query": "\nselect accurateCast('false', 'Bool');",
            "name": "01601_accurate_cast.sql"
        },
        {
            "query": "\nselect accurateCast('1', 'Bool');",
            "name": "01601_accurate_cast.sql"
        },
        {
            "query": "\nselect accurateCast('0', 'Bool');",
            "name": "01601_accurate_cast.sql"
        },
        {
            "query": "\nselect accurateCast(1, 'Bool');",
            "name": "01601_accurate_cast.sql"
        },
        {
            "query": "\nselect accurateCast(0, 'Bool');",
            "name": "01601_accurate_cast.sql"
        },
        {
            "query": "\n\nselect accurateCast('test', 'Nullable(IPv4)');",
            "name": "01601_accurate_cast.sql"
        },
        {
            "query": "\nselect accurateCast('test', 'IPv4');",
            "name": "01601_accurate_cast.sql"
        },
        {
            "query": "   -- { serverError CANNOT_PARSE_IPV4 }\nselect accurateCast('2001:db8::1', 'IPv4');",
            "name": "01601_accurate_cast.sql"
        },
        {
            "query": "   -- { serverError CANNOT_PARSE_IPV4 }\nselect accurateCast('::ffff:192.0.2.1', 'IPv4');",
            "name": "01601_accurate_cast.sql"
        },
        {
            "query": "   -- { serverError CANNOT_PARSE_IPV4 }\nselect accurateCast('192.0.2.1', 'IPv4');",
            "name": "01601_accurate_cast.sql"
        },
        {
            "query": "\nselect accurateCast('192.0.2.1x', 'IPv4');",
            "name": "01601_accurate_cast.sql"
        },
        {
            "query": "   -- { serverError CANNOT_PARSE_IPV4 }\n\nselect accurateCast('test', 'Nullable(IPv6)');",
            "name": "01601_accurate_cast.sql"
        },
        {
            "query": "\nselect accurateCast('test', 'IPv6');",
            "name": "01601_accurate_cast.sql"
        },
        {
            "query": "   -- { serverError CANNOT_PARSE_IPV6 }\nselect accurateCast('192.0.2.1', 'IPv6');",
            "name": "01601_accurate_cast.sql"
        },
        {
            "query": "\nselect accurateCast('2001:db8::1', 'IPv6');",
            "name": "01601_accurate_cast.sql"
        },
        {
            "query": "\nselect accurateCast('2001:db8::1x', 'IPv6');",
            "name": "01601_accurate_cast.sql"
        },
        {
            "query": "   -- { serverError CANNOT_PARSE_IPV6 }\n;",
            "name": "01601_accurate_cast.sql"
        }
    ]
}