{
    "name": "00751_hashing_ints.sql",
    "tests": [
        {
            "query": "-- Tags: no-fasttest\n\nSELECT halfMD5(123456);",
            "name": "00751_hashing_ints.sql"
        },
        {
            "query": "\nSELECT sipHash64(123456);",
            "name": "00751_hashing_ints.sql"
        },
        {
            "query": "\nSELECT cityHash64(123456);",
            "name": "00751_hashing_ints.sql"
        },
        {
            "query": "\nSELECT farmFingerprint64(123456);",
            "name": "00751_hashing_ints.sql"
        },
        {
            "query": "\nSELECT farmFingerprint64('123456');",
            "name": "00751_hashing_ints.sql"
        },
        {
            "query": "\nSELECT farmHash64(123456);",
            "name": "00751_hashing_ints.sql"
        },
        {
            "query": "\nSELECT metroHash64(123456);",
            "name": "00751_hashing_ints.sql"
        },
        {
            "query": "\nSELECT murmurHash2_32(123456);",
            "name": "00751_hashing_ints.sql"
        },
        {
            "query": "\nSELECT murmurHash2_64(123456);",
            "name": "00751_hashing_ints.sql"
        }
    ]
}