{
    "name": "02721_url_cluster.sql",
    "tests": [
        {
            "query": "-- Tags: no-fasttest\n-- Tag no-fasttest: Depends on AWS\n\nselect * from urlCluster('test_cluster_two_shards_localhost', 'http://localhost:11111/test/{a,b,c}.tsv') ORDER BY c1, c2, c3;",
            "name": "02721_url_cluster.sql"
        },
        {
            "query": "\nselect * from urlCluster('test_cluster_two_shards_localhost', 'http://localhost:11111/test/{a,b,c}.tsv', 'TSV') ORDER BY c1, c2, c3;",
            "name": "02721_url_cluster.sql"
        },
        {
            "query": "\nselect * from urlCluster('test_cluster_two_shards_localhost', 'http://localhost:11111/test/{a,b,c}.tsv', 'TSV', 'c1 UInt64, c2 UInt64, c3 UInt64') ORDER BY c1, c2, c3;",
            "name": "02721_url_cluster.sql"
        },
        {
            "query": "\nselect * from urlCluster('test_cluster_two_shards_localhost', 'http://localhost:11111/test/{a,b,c}.tsv', 'TSV', 'c1 UInt64, c2 UInt64, c3 UInt64', 'auto') ORDER BY c1, c2, c3;",
            "name": "02721_url_cluster.sql"
        },
        {
            "query": "\n\ndesc urlCluster('test_cluster_two_shards_localhost', 'http://localhost:11111/test/{a,b,c}.tsv');",
            "name": "02721_url_cluster.sql"
        },
        {
            "query": "\ndesc urlCluster('test_cluster_two_shards_localhost', 'http://localhost:11111/test/{a,b,c}.tsv', 'TSV');",
            "name": "02721_url_cluster.sql"
        },
        {
            "query": "\ndesc urlCluster('test_cluster_two_shards_localhost', 'http://localhost:11111/test/{a,b,c}.tsv', 'TSV', 'c1 UInt64, c2 UInt64, c3 UInt64');",
            "name": "02721_url_cluster.sql"
        },
        {
            "query": "\ndesc urlCluster('test_cluster_two_shards_localhost', 'http://localhost:11111/test/{a,b,c}.tsv', 'TSV', 'c1 UInt64, c2 UInt64, c3 UInt64', 'auto');",
            "name": "02721_url_cluster.sql"
        },
        {
            "query": "\n\nselect COUNT() from urlCluster('test_cluster_two_shards_localhost', 'http://localhost:11111/test/{a,b,c}.tsv');",
            "name": "02721_url_cluster.sql"
        },
        {
            "query": "\nselect COUNT(*) from urlCluster('test_cluster_two_shards_localhost', 'http://localhost:11111/test/{a,b,c}.tsv');",
            "name": "02721_url_cluster.sql"
        },
        {
            "query": "\n\ndesc urlCluster('test_cluster_one_shard_three_replicas_localhost', 'http://localhost:11111/test/{a,b}.tsv');",
            "name": "02721_url_cluster.sql"
        },
        {
            "query": "\ndesc urlCluster('test_cluster_one_shard_three_replicas_localhost', 'http://localhost:11111/test/{a,b}.tsv', 'TSV');",
            "name": "02721_url_cluster.sql"
        },
        {
            "query": "\ndesc urlCluster('test_cluster_one_shard_three_replicas_localhost', 'http://localhost:11111/test/{a,b}.tsv', 'auto');",
            "name": "02721_url_cluster.sql"
        },
        {
            "query": "\ndesc urlCluster('test_cluster_one_shard_three_replicas_localhost', 'http://localhost:11111/test/{a,b}.tsv', 'TSV', 'auto');",
            "name": "02721_url_cluster.sql"
        },
        {
            "query": "\ndesc urlCluster('test_cluster_one_shard_three_replicas_localhost', 'http://localhost:11111/test/{a,b}.tsv', 'TSV', 'auto', 'auto');",
            "name": "02721_url_cluster.sql"
        },
        {
            "query": "\n\ndesc urlCluster('test_cluster_one_shard_three_replicas_localhost', headers('X-ClickHouse-Database'='default'), 'http://localhost:11111/test/{a,b}.tsv');",
            "name": "02721_url_cluster.sql"
        },
        {
            "query": "\ndesc urlCluster('test_cluster_one_shard_three_replicas_localhost', 'http://localhost:11111/test/{a,b}.tsv', headers('X-ClickHouse-Database'='default'), 'TSV');",
            "name": "02721_url_cluster.sql"
        },
        {
            "query": "\ndesc urlCluster('test_cluster_one_shard_three_replicas_localhost', 'http://localhost:11111/test/{a,b}.tsv', 'auto', headers('X-ClickHouse-Database'='default'));",
            "name": "02721_url_cluster.sql"
        },
        {
            "query": "\ndesc urlCluster('test_cluster_one_shard_three_replicas_localhost', 'http://localhost:11111/test/{a,b}.tsv', 'TSV', 'auto', headers('X-ClickHouse-Database'='default'));",
            "name": "02721_url_cluster.sql"
        },
        {
            "query": "\ndesc urlCluster('test_cluster_one_shard_three_replicas_localhost', 'http://localhost:11111/test/{a,b}.tsv', 'TSV', headers('X-ClickHouse-Database'='default'), 'auto', 'auto');",
            "name": "02721_url_cluster.sql"
        },
        {
            "query": "\n\nselect * from urlCluster('test_cluster_one_shard_three_replicas_localhost', 'http://localhost:11111/test/{a,b}.tsv') order by c1, c2, c3;",
            "name": "02721_url_cluster.sql"
        },
        {
            "query": "\nselect * from urlCluster('test_cluster_one_shard_three_replicas_localhost', 'http://localhost:11111/test/{a,b}.tsv', 'TSV') order by c1, c2, c3;",
            "name": "02721_url_cluster.sql"
        },
        {
            "query": "\nselect * from urlCluster('test_cluster_one_shard_three_replicas_localhost', 'http://localhost:11111/test/{a,b}.tsv', 'auto') order by c1, c2, c3;",
            "name": "02721_url_cluster.sql"
        },
        {
            "query": "\nselect * from urlCluster('test_cluster_one_shard_three_replicas_localhost', 'http://localhost:11111/test/{a,b}.tsv', 'TSV', 'auto') order by c1, c2, c3;",
            "name": "02721_url_cluster.sql"
        },
        {
            "query": "\nselect * from urlCluster('test_cluster_one_shard_three_replicas_localhost', 'http://localhost:11111/test/{a,b}.tsv', 'TSV', 'auto', 'auto') order by c1, c2, c3;",
            "name": "02721_url_cluster.sql"
        },
        {
            "query": "\n\ndrop table if exists test;",
            "name": "02721_url_cluster.sql"
        },
        {
            "query": "\ncreate table test (x UInt32, y UInt32, z UInt32) engine=Memory();",
            "name": "02721_url_cluster.sql"
        },
        {
            "query": "\ninsert into test select * from urlCluster('test_cluster_one_shard_three_replicas_localhost', 'http://localhost:11111/test/a.tsv', 'TSV');",
            "name": "02721_url_cluster.sql"
        },
        {
            "query": "\nselect * from test;",
            "name": "02721_url_cluster.sql"
        },
        {
            "query": "\ndrop table test;",
            "name": "02721_url_cluster.sql"
        }
    ]
}