{
    "name": "00357_to_string_complex_types.sql",
    "tests": [
        {
            "query": "SELECT toString((1, 'Hello', toDate('2016-01-01'))), toString([1, 2, 3]);",
            "name": "00357_to_string_complex_types.sql"
        },
        {
            "query": "\nSELECT (number, toString(number), range(number)) AS x, toString(x) FROM system.numbers LIMIT 10;",
            "name": "00357_to_string_complex_types.sql"
        },
        {
            "query": "\nSELECT hex(toString(countState())) FROM (SELECT * FROM system.numbers LIMIT 10);",
            "name": "00357_to_string_complex_types.sql"
        },
        {
            "query": "\n\nSELECT CAST((1, 'Hello', toDate('2016-01-01')) AS String), CAST([1, 2, 3] AS String);",
            "name": "00357_to_string_complex_types.sql"
        },
        {
            "query": "\nSELECT (number, toString(number), range(number)) AS x, CAST(x AS String) FROM system.numbers LIMIT 10;",
            "name": "00357_to_string_complex_types.sql"
        },
        {
            "query": "\nSELECT hex(CAST(countState() AS String)) FROM (SELECT * FROM system.numbers LIMIT 10);",
            "name": "00357_to_string_complex_types.sql"
        }
    ]
}