{
    "name": "01376_null_logical.sql",
    "tests": [
        {
            "query": "SELECT NULL OR 1;",
            "name": "01376_null_logical.sql"
        },
        {
            "query": "\nSELECT materialize(NULL) OR materialize(1);",
            "name": "01376_null_logical.sql"
        },
        {
            "query": "\n\nSELECT NULL AND 0;",
            "name": "01376_null_logical.sql"
        },
        {
            "query": "\nSELECT materialize(NULL) AND materialize(0);",
            "name": "01376_null_logical.sql"
        },
        {
            "query": "\n\nSELECT NULL OR 0;",
            "name": "01376_null_logical.sql"
        },
        {
            "query": "\nSELECT materialize(NULL) OR materialize(0);",
            "name": "01376_null_logical.sql"
        },
        {
            "query": "\n\nSELECT NULL AND 1;",
            "name": "01376_null_logical.sql"
        },
        {
            "query": "\nSELECT materialize(NULL) AND materialize(1);",
            "name": "01376_null_logical.sql"
        }
    ]
}