{
    "name": "01528_allow_nondeterministic_optimize_skip_unused_shards.sql",
    "tests": [
        {
            "query": "-- Tags: shard\n\ndrop table if exists dist_01528;",
            "name": "01528_allow_nondeterministic_optimize_skip_unused_shards.sql"
        },
        {
            "query": "\ncreate table dist_01528 as system.one engine=Distributed('test_cluster_two_shards', system, one, rand()+dummy);",
            "name": "01528_allow_nondeterministic_optimize_skip_unused_shards.sql"
        },
        {
            "query": "\n\nset optimize_skip_unused_shards=1;",
            "name": "01528_allow_nondeterministic_optimize_skip_unused_shards.sql"
        },
        {
            "query": "\nset force_optimize_skip_unused_shards=1;",
            "name": "01528_allow_nondeterministic_optimize_skip_unused_shards.sql"
        },
        {
            "query": "\nselect * from dist_01528 where dummy = 2;",
            "name": "01528_allow_nondeterministic_optimize_skip_unused_shards.sql"
        },
        {
            "query": " -- { serverError 507 }\nselect * from dist_01528 where dummy = 2 settings allow_nondeterministic_optimize_skip_unused_shards=1;",
            "name": "01528_allow_nondeterministic_optimize_skip_unused_shards.sql"
        },
        {
            "query": "\n\ndrop table dist_01528;",
            "name": "01528_allow_nondeterministic_optimize_skip_unused_shards.sql"
        }
    ]
}