{
    "name": "02341_analyzer_aliases_basics.sql",
    "tests": [
        {
            "query": "SET allow_experimental_analyzer = 1;",
            "name": "02341_analyzer_aliases_basics.sql"
        },
        {
            "query": "\n\nSELECT 'Aliases to constants';",
            "name": "02341_analyzer_aliases_basics.sql"
        },
        {
            "query": "\n\nSELECT 1 as a, a;",
            "name": "02341_analyzer_aliases_basics.sql"
        },
        {
            "query": "\nSELECT (c + 1) as d, (a + 1) as b, 1 AS a, (b + 1) as c, d;",
            "name": "02341_analyzer_aliases_basics.sql"
        },
        {
            "query": "\n\nWITH 1 as a SELECT a;",
            "name": "02341_analyzer_aliases_basics.sql"
        },
        {
            "query": "\nWITH a as b SELECT 1 as a, b;",
            "name": "02341_analyzer_aliases_basics.sql"
        },
        {
            "query": "\n\nSELECT 1 AS x, x, x + 1;",
            "name": "02341_analyzer_aliases_basics.sql"
        },
        {
            "query": "\nSELECT x, x + 1, 1 AS x;",
            "name": "02341_analyzer_aliases_basics.sql"
        },
        {
            "query": "\nSELECT x, 1 + (2 + (3 AS x));",
            "name": "02341_analyzer_aliases_basics.sql"
        },
        {
            "query": "\n\nSELECT a AS b, b AS a;",
            "name": "02341_analyzer_aliases_basics.sql"
        },
        {
            "query": " -- { serverError 174 }\n\nDROP TABLE IF EXISTS test_table;",
            "name": "02341_analyzer_aliases_basics.sql"
        },
        {
            "query": "\nCREATE TABLE test_table\n(\n    id UInt64,\n    value String\n) ENGINE=TinyLog;",
            "name": "02341_analyzer_aliases_basics.sql"
        },
        {
            "query": "\n\nINSERT INTO test_table VALUES (0, 'Value');",
            "name": "02341_analyzer_aliases_basics.sql"
        },
        {
            "query": "\n\nSELECT 'Aliases to columns';",
            "name": "02341_analyzer_aliases_basics.sql"
        },
        {
            "query": "\n\nSELECT id_alias_2, id AS id_alias, id_alias as id_alias_2 FROM test_table;",
            "name": "02341_analyzer_aliases_basics.sql"
        },
        {
            "query": "\nSELECT id_1, value_1, id as id_1, value as value_1 FROM test_table;",
            "name": "02341_analyzer_aliases_basics.sql"
        },
        {
            "query": "\n\nWITH value_1 as value_2, id_1 as id_2, id AS id_1, value AS value_1 SELECT id_2, value_2 FROM test_table;",
            "name": "02341_analyzer_aliases_basics.sql"
        },
        {
            "query": "\n\nSELECT (id + b) AS id, id as b FROM test_table;",
            "name": "02341_analyzer_aliases_basics.sql"
        },
        {
            "query": " -- { serverError 174 }\nSELECT (1 + b + 1 + id) AS id, b as c, id as b FROM test_table;",
            "name": "02341_analyzer_aliases_basics.sql"
        },
        {
            "query": " -- { serverError 174 }\n\nSELECT 'Alias conflict with identifier inside expression';",
            "name": "02341_analyzer_aliases_basics.sql"
        },
        {
            "query": "\n\nSELECT id AS id FROM test_table;",
            "name": "02341_analyzer_aliases_basics.sql"
        },
        {
            "query": "\nSELECT (id + 1) AS id FROM test_table;",
            "name": "02341_analyzer_aliases_basics.sql"
        },
        {
            "query": "\nSELECT (id + 1 + 1 + 1 + id) AS id FROM test_table;",
            "name": "02341_analyzer_aliases_basics.sql"
        },
        {
            "query": "\n\nSELECT 'Alias setting prefer_column_name_to_alias';",
            "name": "02341_analyzer_aliases_basics.sql"
        },
        {
            "query": "\n\nWITH id AS value SELECT value FROM test_table;",
            "name": "02341_analyzer_aliases_basics.sql"
        },
        {
            "query": "\n\nSET prefer_column_name_to_alias = 1;",
            "name": "02341_analyzer_aliases_basics.sql"
        },
        {
            "query": "\nWITH id AS value SELECT value FROM test_table;",
            "name": "02341_analyzer_aliases_basics.sql"
        },
        {
            "query": "\nSET prefer_column_name_to_alias = 0;",
            "name": "02341_analyzer_aliases_basics.sql"
        },
        {
            "query": "\n\nDROP TABLE test_table;",
            "name": "02341_analyzer_aliases_basics.sql"
        }
    ]
}