{
    "name": "03018_analyzer_distributed_query_with_positional_arguments.sql",
    "tests": [
        {
            "query": "select 0 as x\nfrom remote('127.0.0.{1,2}', system.one)\ngroup by x;",
            "name": "03018_analyzer_distributed_query_with_positional_arguments.sql"
        },
        {
            "query": "\n\nselect 0 as x\nfrom remote('127.0.0.{1,2}', system.one)\norder by x;",
            "name": "03018_analyzer_distributed_query_with_positional_arguments.sql"
        }
    ]
}