{
    "name": "01798_uniq_theta_union_intersect_not.sql",
    "tests": [
        {
            "query": "-- Tags: no-fasttest\n\nSELECT 'uniqTheta union test';",
            "name": "01798_uniq_theta_union_intersect_not.sql"
        },
        {
            "query": "\n\nselect finalizeAggregation(uniqThetaUnion(a, b)), finalizeAggregation(a), finalizeAggregation(b) from (select arrayReduce('uniqThetaState',[]) as a, arrayReduce('uniqThetaState',[]) as b );",
            "name": "01798_uniq_theta_union_intersect_not.sql"
        },
        {
            "query": "\n\nselect finalizeAggregation(uniqThetaUnion(a, b)), finalizeAggregation(a), finalizeAggregation(b) from (select arrayReduce('uniqThetaState',[1,2]) as a, arrayReduce('uniqThetaState',[2,3,4]) as b );",
            "name": "01798_uniq_theta_union_intersect_not.sql"
        },
        {
            "query": "\n\nselect finalizeAggregation(uniqThetaUnion(a, b)), finalizeAggregation(a), finalizeAggregation(b) from (select arrayReduce('uniqThetaState',[2,3,4]) as a, arrayReduce('uniqThetaState',[1,2]) as b );",
            "name": "01798_uniq_theta_union_intersect_not.sql"
        },
        {
            "query": "\n\nSELECT 'uniqTheta intersect test';",
            "name": "01798_uniq_theta_union_intersect_not.sql"
        },
        {
            "query": "\n\nselect finalizeAggregation(uniqThetaIntersect(a, b)), finalizeAggregation(a), finalizeAggregation(b) from (select arrayReduce('uniqThetaState',[]) as a, arrayReduce('uniqThetaState',[]) as b );",
            "name": "01798_uniq_theta_union_intersect_not.sql"
        },
        {
            "query": "\n\nselect finalizeAggregation(uniqThetaIntersect(a, b)), finalizeAggregation(a), finalizeAggregation(b) from (select arrayReduce('uniqThetaState',[1,2]) as a, arrayReduce('uniqThetaState',[2,3,4]) as b );",
            "name": "01798_uniq_theta_union_intersect_not.sql"
        },
        {
            "query": "\n\nselect finalizeAggregation(uniqThetaIntersect(a, b)), finalizeAggregation(a), finalizeAggregation(b) from (select arrayReduce('uniqThetaState',[2,3,4]) as a, arrayReduce('uniqThetaState',[1,2]) as b );",
            "name": "01798_uniq_theta_union_intersect_not.sql"
        },
        {
            "query": "\n\nSELECT 'uniqTheta union test';",
            "name": "01798_uniq_theta_union_intersect_not.sql"
        },
        {
            "query": "\n\nselect finalizeAggregation(uniqThetaNot(a, b)), finalizeAggregation(a), finalizeAggregation(b) from (select arrayReduce('uniqThetaState',[]) as a, arrayReduce('uniqThetaState',[]) as b );",
            "name": "01798_uniq_theta_union_intersect_not.sql"
        },
        {
            "query": "\n\nselect finalizeAggregation(uniqThetaNot(a, b)), finalizeAggregation(a), finalizeAggregation(b) from (select arrayReduce('uniqThetaState',[1,2]) as a, arrayReduce('uniqThetaState',[2,3,4]) as b );",
            "name": "01798_uniq_theta_union_intersect_not.sql"
        },
        {
            "query": "\n\nselect finalizeAggregation(uniqThetaNot(a, b)), finalizeAggregation(a), finalizeAggregation(b) from (select arrayReduce('uniqThetaState',[2,3,4]) as a, arrayReduce('uniqThetaState',[1,2]) as b );",
            "name": "01798_uniq_theta_union_intersect_not.sql"
        },
        {
            "query": "\n\nSELECT 'uniqTheta retention test';",
            "name": "01798_uniq_theta_union_intersect_not.sql"
        },
        {
            "query": "\n\nselect finalizeAggregation(uniqThetaIntersect(a,b)), finalizeAggregation(a),finalizeAggregation(b) from \n(\nselect (uniqThetaStateIf(number, number>0)) as a, (uniqThetaStateIf(number, number>5)) as b \nfrom \n(select  number  FROM system.numbers LIMIT 10)\n);",
            "name": "01798_uniq_theta_union_intersect_not.sql"
        },
        {
            "query": "\n\nSELECT 'uniqTheta retention with AggregatingMergeTree test';",
            "name": "01798_uniq_theta_union_intersect_not.sql"
        },
        {
            "query": "\nDROP TABLE IF EXISTS test1;",
            "name": "01798_uniq_theta_union_intersect_not.sql"
        },
        {
            "query": "\n\nCREATE TABLE test1\n(\n    `year` String ,\n    `uv` AggregateFunction(uniqTheta, Int64)\n)\nENGINE = AggregatingMergeTree()\nORDER BY (year);",
            "name": "01798_uniq_theta_union_intersect_not.sql"
        },
        {
            "query": "\n\nINSERT INTO TABLE test1(year, uv) select '2021',uniqThetaState(toInt64(1));",
            "name": "01798_uniq_theta_union_intersect_not.sql"
        },
        {
            "query": "\nINSERT INTO TABLE test1(year, uv) select '2021',uniqThetaState(toInt64(2));",
            "name": "01798_uniq_theta_union_intersect_not.sql"
        },
        {
            "query": "\nINSERT INTO TABLE test1(year, uv) select '2021',uniqThetaState(toInt64(3));",
            "name": "01798_uniq_theta_union_intersect_not.sql"
        },
        {
            "query": "\nINSERT INTO TABLE test1(year, uv) select '2021',uniqThetaState(toInt64(4));",
            "name": "01798_uniq_theta_union_intersect_not.sql"
        },
        {
            "query": "\nINSERT INTO TABLE test1(year, uv) select '2022',uniqThetaState(toInt64(1));",
            "name": "01798_uniq_theta_union_intersect_not.sql"
        },
        {
            "query": "\nINSERT INTO TABLE test1(year, uv) select '2022',uniqThetaState(toInt64(3));",
            "name": "01798_uniq_theta_union_intersect_not.sql"
        },
        {
            "query": "\n\nselect finalizeAggregation(uniqThetaIntersect(uv2021,uv2022))/finalizeAggregation(uv2021),finalizeAggregation(uniqThetaIntersect(uv2021,uv2022)),finalizeAggregation(uv2021)\nfrom\n(\nselect uniqThetaMergeStateIf(uv,year='2021') as uv2021, uniqThetaMergeStateIf(uv,year='2022') as uv2022 \nfrom test1\n);",
            "name": "01798_uniq_theta_union_intersect_not.sql"
        },
        {
            "query": "\n\nDROP TABLE IF EXISTS test1;",
            "name": "01798_uniq_theta_union_intersect_not.sql"
        },
        {
            "query": "\n\nSELECT 'uniqTheta retention with MergeTree test';",
            "name": "01798_uniq_theta_union_intersect_not.sql"
        },
        {
            "query": "\nDROP TABLE IF EXISTS test2;",
            "name": "01798_uniq_theta_union_intersect_not.sql"
        },
        {
            "query": "\n\nCREATE TABLE test2\n(\n    `year` String ,\n    `uv`  Int64\n)\nENGINE = MergeTree()\nORDER BY (year);",
            "name": "01798_uniq_theta_union_intersect_not.sql"
        },
        {
            "query": "\n\nINSERT INTO TABLE test2(year, uv) select '2021',1;",
            "name": "01798_uniq_theta_union_intersect_not.sql"
        },
        {
            "query": "\nINSERT INTO TABLE test2(year, uv) select '2021',2;",
            "name": "01798_uniq_theta_union_intersect_not.sql"
        },
        {
            "query": "\nINSERT INTO TABLE test2(year, uv) select '2021',3;",
            "name": "01798_uniq_theta_union_intersect_not.sql"
        },
        {
            "query": "\nINSERT INTO TABLE test2(year, uv) select '2021',4;",
            "name": "01798_uniq_theta_union_intersect_not.sql"
        },
        {
            "query": "\nINSERT INTO TABLE test2(year, uv) select '2022',1;",
            "name": "01798_uniq_theta_union_intersect_not.sql"
        },
        {
            "query": "\nINSERT INTO TABLE test2(year, uv) select '2022',3;",
            "name": "01798_uniq_theta_union_intersect_not.sql"
        },
        {
            "query": "\n\nselect finalizeAggregation(uniqThetaIntersect(uv2021,uv2022))/finalizeAggregation(uv2021),finalizeAggregation(uniqThetaIntersect(uv2021,uv2022)),finalizeAggregation(uv2021)\nfrom\n(\nselect uniqThetaStateIf(uv,year='2021') as uv2021, uniqThetaStateIf(uv,year='2022') as uv2022 \nfrom test2\n);",
            "name": "01798_uniq_theta_union_intersect_not.sql"
        },
        {
            "query": "\n\n\n\nDROP TABLE IF EXISTS test2;",
            "name": "01798_uniq_theta_union_intersect_not.sql"
        }
    ]
}