{
    "name": "02179_range_hashed_dictionary_invalid_interval.sql",
    "tests": [
        {
            "query": "DROP TABLE IF EXISTS 02179_test_table;",
            "name": "02179_range_hashed_dictionary_invalid_interval.sql"
        },
        {
            "query": "\nCREATE TABLE 02179_test_table\n(\n    id UInt64,\n    value String,\n    start Int64,\n    end Int64\n) Engine = TinyLog;",
            "name": "02179_range_hashed_dictionary_invalid_interval.sql"
        },
        {
            "query": "\n\nINSERT INTO 02179_test_table VALUES (0, 'Value', 10, 0);",
            "name": "02179_range_hashed_dictionary_invalid_interval.sql"
        },
        {
            "query": "\nINSERT INTO 02179_test_table VALUES (0, 'Value', 15, 10);",
            "name": "02179_range_hashed_dictionary_invalid_interval.sql"
        },
        {
            "query": "\nINSERT INTO 02179_test_table VALUES (0, 'Value', 15, 20);",
            "name": "02179_range_hashed_dictionary_invalid_interval.sql"
        },
        {
            "query": "\n\nDROP DICTIONARY IF EXISTS 02179_test_dictionary;",
            "name": "02179_range_hashed_dictionary_invalid_interval.sql"
        },
        {
            "query": "\nCREATE DICTIONARY 02179_test_dictionary\n(\n    id UInt64,\n    value String DEFAULT 'DefaultValue',\n    start Int64,\n    end Int64\n) PRIMARY KEY id\nLAYOUT(RANGE_HASHED())\nSOURCE(CLICKHOUSE(TABLE '02179_test_table'))\nRANGE(MIN start MAX end)\nLIFETIME(0);",
            "name": "02179_range_hashed_dictionary_invalid_interval.sql"
        },
        {
            "query": "\n\nSELECT dictGet('02179_test_dictionary', 'value', 0, 15);",
            "name": "02179_range_hashed_dictionary_invalid_interval.sql"
        },
        {
            "query": "\nSELECT dictGet('02179_test_dictionary', 'value', 0, 5);",
            "name": "02179_range_hashed_dictionary_invalid_interval.sql"
        },
        {
            "query": "\n\nSELECT dictHas('02179_test_dictionary', 0, 15);",
            "name": "02179_range_hashed_dictionary_invalid_interval.sql"
        },
        {
            "query": "\nSELECT dictHas('02179_test_dictionary', 0, 5);",
            "name": "02179_range_hashed_dictionary_invalid_interval.sql"
        },
        {
            "query": "\n\nSELECT * FROM 02179_test_dictionary;",
            "name": "02179_range_hashed_dictionary_invalid_interval.sql"
        },
        {
            "query": "\n\nDROP DICTIONARY 02179_test_dictionary;",
            "name": "02179_range_hashed_dictionary_invalid_interval.sql"
        },
        {
            "query": "\nDROP TABLE 02179_test_table;",
            "name": "02179_range_hashed_dictionary_invalid_interval.sql"
        }
    ]
}