{
    "name": "02892_orc_filter_pushdown.sql",
    "tests": [
        {
            "query": "-- Tags: no-fasttest, no-parallel, no-cpu-aarch64\n\nset output_format_orc_string_as_string = 1;",
            "name": "02892_orc_filter_pushdown.sql"
        },
        {
            "query": "\nset output_format_orc_row_index_stride = 100;",
            "name": "02892_orc_filter_pushdown.sql"
        },
        {
            "query": "\nset input_format_orc_row_batch_size = 100;",
            "name": "02892_orc_filter_pushdown.sql"
        },
        {
            "query": "\nset input_format_orc_filter_push_down = 1;",
            "name": "02892_orc_filter_pushdown.sql"
        },
        {
            "query": "\nset input_format_null_as_default = 1;",
            "name": "02892_orc_filter_pushdown.sql"
        },
        {
            "query": "\n\nset engine_file_truncate_on_insert = 1;",
            "name": "02892_orc_filter_pushdown.sql"
        },
        {
            "query": "\nset optimize_or_like_chain = 0;",
            "name": "02892_orc_filter_pushdown.sql"
        },
        {
            "query": "\nset max_block_size = 100000;",
            "name": "02892_orc_filter_pushdown.sql"
        },
        {
            "query": "\nset max_insert_threads = 1;",
            "name": "02892_orc_filter_pushdown.sql"
        },
        {
            "query": "\n\nSET session_timezone = 'UTC';",
            "name": "02892_orc_filter_pushdown.sql"
        },
        {
            "query": "\n\n-- Analyzer breaks the queries with IN and some queries with BETWEEN.\nset allow_experimental_analyzer=0;",
            "name": "02892_orc_filter_pushdown.sql"
        },
        {
            "query": "\n\n\n-- Try all the types.\ninsert into function file('02892.orc')\n    -- Use negative numbers to test sign extension for signed types and lack of sign extension for\n    -- unsigned types.\n    with 5000 - number as n\nselect\n    number,\n    intDiv(n, 11)::UInt8 as u8,\n    n::UInt16 u16,\n    n::UInt32 as u32,\n    n::UInt64 as u64,\n    intDiv(n, 11)::Int8 as i8,\n    n::Int16 i16,\n    n::Int32 as i32,\n    n::Int64 as i64,\n\n    toDate32(n*500000) as date32,\n    toDateTime64(n*1e6, 3) as dt64_ms,\n    toDateTime64(n*1e6, 6) as dt64_us,\n    toDateTime64(n*1e6, 9) as dt64_ns,\n    toDateTime64(n*1e6, 0) as dt64_s,\n    toDateTime64(n*1e6, 2) as dt64_cs,\n    (n/1000)::Float32 as f32,\n    (n/1000)::Float64 as f64,\n    n::String as s,\n    n::String::FixedString(9) as fs,\n    n::Decimal32(3)/1234 as d32,\n    n::Decimal64(10)/12345678 as d64,\n    n::Decimal128(20)/123456789012345 as d128\n    from numbers(10000);",
            "name": "02892_orc_filter_pushdown.sql"
        },
        {
            "query": "\n\ndesc file('02892.orc');",
            "name": "02892_orc_filter_pushdown.sql"
        },
        {
            "query": "\n\n\n-- Go over all types individually\n-- { echoOn }\nselect count(), sum(number) from file('02892.orc') where indexHint(u8 in (10, 15, 250));",
            "name": "02892_orc_filter_pushdown.sql"
        },
        {
            "query": "\nselect count(1), min(u8), max(u8) from file('02892.orc') where u8 in (10, 15, 250);",
            "name": "02892_orc_filter_pushdown.sql"
        },
        {
            "query": "\n\nselect count(), sum(number) from file('02892.orc') where indexHint(i8 between -3 and 2);",
            "name": "02892_orc_filter_pushdown.sql"
        },
        {
            "query": "\nselect count(1), min(i8), max(i8) from file('02892.orc') where i8 between -3 and 2;",
            "name": "02892_orc_filter_pushdown.sql"
        },
        {
            "query": "\n\nselect count(), sum(number) from file('02892.orc') where indexHint(u16 between 4000 and 61000 or u16 == 42);",
            "name": "02892_orc_filter_pushdown.sql"
        },
        {
            "query": "\nselect count(1), min(u16), max(u16) from file('02892.orc') where u16 between 4000 and 61000 or u16 == 42;",
            "name": "02892_orc_filter_pushdown.sql"
        },
        {
            "query": "\n\nselect count(), sum(number) from file('02892.orc') where indexHint(i16 between -150 and 250);",
            "name": "02892_orc_filter_pushdown.sql"
        },
        {
            "query": "\nselect count(1), min(i16), max(i16) from file('02892.orc') where i16 between -150 and 250;",
            "name": "02892_orc_filter_pushdown.sql"
        },
        {
            "query": "\n\nselect count(), sum(number) from file('02892.orc') where indexHint(u32 in (42, 4294966296));",
            "name": "02892_orc_filter_pushdown.sql"
        },
        {
            "query": "\nselect count(1), min(u32), max(u32) from file('02892.orc') where u32 in (42, 4294966296);",
            "name": "02892_orc_filter_pushdown.sql"
        },
        {
            "query": "\n\nselect count(), sum(number) from file('02892.orc') where indexHint(i32 between -150 and 250);",
            "name": "02892_orc_filter_pushdown.sql"
        },
        {
            "query": "\nselect count(1), min(i32), max(i32) from file('02892.orc') where i32 between -150 and 250;",
            "name": "02892_orc_filter_pushdown.sql"
        },
        {
            "query": "\n\nselect count(), sum(number) from file('02892.orc') where indexHint(u64 in (42, 18446744073709550616));",
            "name": "02892_orc_filter_pushdown.sql"
        },
        {
            "query": "\nselect count(1), min(u64), max(u64) from file('02892.orc') where u64 in (42, 18446744073709550616);",
            "name": "02892_orc_filter_pushdown.sql"
        },
        {
            "query": "\n\nselect count(), sum(number) from file('02892.orc') where indexHint(i64 between -150 and 250);",
            "name": "02892_orc_filter_pushdown.sql"
        },
        {
            "query": "\nselect count(1), min(i64), max(i64) from file('02892.orc') where i64 between -150 and 250;",
            "name": "02892_orc_filter_pushdown.sql"
        },
        {
            "query": "\n\nselect count(), sum(number) from file('02892.orc') where indexHint(date32 between '1992-01-01' and '2023-08-02');",
            "name": "02892_orc_filter_pushdown.sql"
        },
        {
            "query": "\nselect count(1), min(date32), max(date32) from file('02892.orc') where date32 between '1992-01-01' and '2023-08-02';",
            "name": "02892_orc_filter_pushdown.sql"
        },
        {
            "query": "\n\nselect count(), sum(number) from file('02892.orc') where indexHint(dt64_ms between '2000-01-01' and '2005-01-01');",
            "name": "02892_orc_filter_pushdown.sql"
        },
        {
            "query": "\nselect count(1), min(dt64_ms), max(dt64_ms) from file('02892.orc') where dt64_ms between '2000-01-01' and '2005-01-01';",
            "name": "02892_orc_filter_pushdown.sql"
        },
        {
            "query": "\n\nselect count(), sum(number) from file('02892.orc') where indexHint(dt64_us between toDateTime64(900000000, 2) and '2005-01-01');",
            "name": "02892_orc_filter_pushdown.sql"
        },
        {
            "query": "\nselect count(1), min(dt64_us), max(dt64_us) from file('02892.orc') where (dt64_us between toDateTime64(900000000, 2) and '2005-01-01');",
            "name": "02892_orc_filter_pushdown.sql"
        },
        {
            "query": "\n\nselect count(), sum(number) from file('02892.orc') where indexHint(dt64_ns between '2000-01-01' and '2005-01-01');",
            "name": "02892_orc_filter_pushdown.sql"
        },
        {
            "query": "\nselect count(1), min(dt64_ns), max(dt64_ns) from file('02892.orc') where (dt64_ns between '2000-01-01' and '2005-01-01');",
            "name": "02892_orc_filter_pushdown.sql"
        },
        {
            "query": "\n\nselect count(), sum(number) from file('02892.orc') where indexHint(dt64_s between toDateTime64('-2.01e8'::Decimal64(0), 0) and toDateTime64(1.5e8::Decimal64(0), 0));",
            "name": "02892_orc_filter_pushdown.sql"
        },
        {
            "query": "\nselect count(1), min(dt64_s), max(dt64_s) from file('02892.orc') where (dt64_s between toDateTime64('-2.01e8'::Decimal64(0), 0) and toDateTime64(1.5e8::Decimal64(0), 0));",
            "name": "02892_orc_filter_pushdown.sql"
        },
        {
            "query": "\n\nselect count(), sum(number) from file('02892.orc') where indexHint(dt64_cs between toDateTime64('-2.01e8'::Decimal64(1), 1) and toDateTime64(1.5e8::Decimal64(2), 2));",
            "name": "02892_orc_filter_pushdown.sql"
        },
        {
            "query": "\nselect count(1), min(dt64_cs), max(dt64_cs) from file('02892.orc') where (dt64_cs between toDateTime64('-2.01e8'::Decimal64(1), 1) and toDateTime64(1.5e8::Decimal64(2), 2));",
            "name": "02892_orc_filter_pushdown.sql"
        },
        {
            "query": "\n\nselect count(), sum(number) from file('02892.orc') where indexHint(f32 between -0.11::Float32 and 0.06::Float32);",
            "name": "02892_orc_filter_pushdown.sql"
        },
        {
            "query": "\nselect count(1), min(f32), max(f32) from file('02892.orc') where (f32 between -0.11::Float32 and 0.06::Float32);",
            "name": "02892_orc_filter_pushdown.sql"
        },
        {
            "query": "\n\nselect count(), sum(number) from file('02892.orc') where indexHint(f64 between -0.11 and 0.06);",
            "name": "02892_orc_filter_pushdown.sql"
        },
        {
            "query": "\nselect count(1), min(f64), max(f64) from file('02892.orc') where (f64 between -0.11 and 0.06);",
            "name": "02892_orc_filter_pushdown.sql"
        },
        {
            "query": "\n\nselect count(), sum(number) from file('02892.orc') where indexHint(s between '-9' and '1!!!');",
            "name": "02892_orc_filter_pushdown.sql"
        },
        {
            "query": "\nselect count(1), min(s), max(s) from file('02892.orc') where (s between '-9' and '1!!!');",
            "name": "02892_orc_filter_pushdown.sql"
        },
        {
            "query": "\n\nselect count(), sum(number) from file('02892.orc') where indexHint(fs between '-9' and '1!!!');",
            "name": "02892_orc_filter_pushdown.sql"
        },
        {
            "query": "\nselect count(1), min(fs), max(fs) from file('02892.orc') where (fs between '-9' and '1!!!');",
            "name": "02892_orc_filter_pushdown.sql"
        },
        {
            "query": "\n\nselect count(), sum(number) from file('02892.orc') where indexHint(d32 between '-0.011'::Decimal32(3) and 0.006::Decimal32(3));",
            "name": "02892_orc_filter_pushdown.sql"
        },
        {
            "query": "\nselect count(1), min(d32), max(d32) from file('02892.orc') where (d32 between '-0.011'::Decimal32(3) and 0.006::Decimal32(3));",
            "name": "02892_orc_filter_pushdown.sql"
        },
        {
            "query": "\n\nselect count(), sum(number) from file('02892.orc') where indexHint(d64 between '-0.0000011'::Decimal64(7) and 0.0000006::Decimal64(9));",
            "name": "02892_orc_filter_pushdown.sql"
        },
        {
            "query": "\nselect count(1), min(d64), max(d64) from file('02892.orc') where (d64 between '-0.0000011'::Decimal64(7) and 0.0000006::Decimal64(9));",
            "name": "02892_orc_filter_pushdown.sql"
        },
        {
            "query": "\n\nselect count(), sum(number) from file('02892.orc') where indexHint(d128 between '-0.00000000000011'::Decimal128(20) and 0.00000000000006::Decimal128(20));",
            "name": "02892_orc_filter_pushdown.sql"
        },
        {
            "query": "\nselect count(1), min(d128), max(128) from file('02892.orc') where (d128 between '-0.00000000000011'::Decimal128(20) and 0.00000000000006::Decimal128(20));",
            "name": "02892_orc_filter_pushdown.sql"
        },
        {
            "query": "\n\n-- Some random other cases.\nselect count(), sum(number) from file('02892.orc') where indexHint(0);",
            "name": "02892_orc_filter_pushdown.sql"
        },
        {
            "query": "\nselect count(), min(number), max(number) from file('02892.orc') where indexHint(0);",
            "name": "02892_orc_filter_pushdown.sql"
        },
        {
            "query": "\n\nselect count(), sum(number) from file('02892.orc') where indexHint(s like '99%' or u64 == 2000);",
            "name": "02892_orc_filter_pushdown.sql"
        },
        {
            "query": "\nselect count(), min(s), max(s) from file('02892.orc') where (s like '99%' or u64 == 2000);",
            "name": "02892_orc_filter_pushdown.sql"
        },
        {
            "query": "\n\nselect count(), sum(number) from file('02892.orc') where indexHint(s like 'z%');",
            "name": "02892_orc_filter_pushdown.sql"
        },
        {
            "query": "\nselect count(), min(s), max(s) from file('02892.orc') where (s like 'z%');",
            "name": "02892_orc_filter_pushdown.sql"
        },
        {
            "query": "\n\nselect count(), sum(number) from file('02892.orc') where indexHint(u8 == 10 or 1 == 1);",
            "name": "02892_orc_filter_pushdown.sql"
        },
        {
            "query": "\nselect count(), min(u8), max(u8) from file('02892.orc') where (u8 == 10 or 1 == 1);",
            "name": "02892_orc_filter_pushdown.sql"
        },
        {
            "query": "\n\nselect count(), sum(number) from file('02892.orc') where indexHint(u8 < 0);",
            "name": "02892_orc_filter_pushdown.sql"
        },
        {
            "query": "\nselect count(), min(u8), max(u8) from file('02892.orc') where (u8 < 0);",
            "name": "02892_orc_filter_pushdown.sql"
        },
        {
            "query": "\n-- { echoOff }\n\n-- Nullable and LowCardinality.\ninsert into function file('02892.orc') select\n    number,\n    if(number%234 == 0, NULL, number) as sometimes_null,\n    toNullable(number) as never_null,\n    if(number%345 == 0, number::String, NULL) as mostly_null,\n    toLowCardinality(if(number%234 == 0, NULL, number)) as sometimes_null_lc,\n    toLowCardinality(toNullable(number)) as never_null_lc,\n    toLowCardinality(if(number%345 == 0, number::String, NULL)) as mostly_null_lc\n    from numbers(1000);",
            "name": "02892_orc_filter_pushdown.sql"
        },
        {
            "query": "\n\n-- { echoOn }\nselect count(), sum(number) from file('02892.orc') where indexHint(sometimes_null is NULL);",
            "name": "02892_orc_filter_pushdown.sql"
        },
        {
            "query": "\nselect count(), min(sometimes_null), max(sometimes_null) from file('02892.orc') where (sometimes_null is NULL);",
            "name": "02892_orc_filter_pushdown.sql"
        },
        {
            "query": "\n\nselect count(), sum(number) from file('02892.orc') where indexHint(sometimes_null_lc is NULL);",
            "name": "02892_orc_filter_pushdown.sql"
        },
        {
            "query": "\nselect count(), min(sometimes_null_lc), max(sometimes_null_lc) from file('02892.orc') where (sometimes_null_lc is NULL);",
            "name": "02892_orc_filter_pushdown.sql"
        },
        {
            "query": "\n\nselect count(), sum(number) from file('02892.orc') where indexHint(mostly_null is not NULL);",
            "name": "02892_orc_filter_pushdown.sql"
        },
        {
            "query": "\nselect count(), min(mostly_null), max(mostly_null) from file('02892.orc') where (mostly_null is not NULL);",
            "name": "02892_orc_filter_pushdown.sql"
        },
        {
            "query": "\n\nselect count(), sum(number) from file('02892.orc') where indexHint(mostly_null_lc is not NULL);",
            "name": "02892_orc_filter_pushdown.sql"
        },
        {
            "query": "\nselect count(), min(mostly_null_lc), max(mostly_null_lc) from file('02892.orc') where (mostly_null_lc is not NULL);",
            "name": "02892_orc_filter_pushdown.sql"
        },
        {
            "query": "\n\nselect count(), sum(number) from file('02892.orc') where indexHint(sometimes_null > 850);",
            "name": "02892_orc_filter_pushdown.sql"
        },
        {
            "query": "\nselect count(), min(sometimes_null), max(sometimes_null) from file('02892.orc') where (sometimes_null > 850);",
            "name": "02892_orc_filter_pushdown.sql"
        },
        {
            "query": "\n\nselect count(), sum(number) from file('02892.orc') where indexHint(sometimes_null_lc > 850);",
            "name": "02892_orc_filter_pushdown.sql"
        },
        {
            "query": "\nselect count(), min(sometimes_null_lc), max(sometimes_null_lc) from file('02892.orc') where (sometimes_null_lc > 850);",
            "name": "02892_orc_filter_pushdown.sql"
        },
        {
            "query": "\n\nselect count(), sum(number) from file('02892.orc') where indexHint(never_null > 850);",
            "name": "02892_orc_filter_pushdown.sql"
        },
        {
            "query": "\nselect count(), min(never_null), max(never_null) from file('02892.orc') where (never_null > 850);",
            "name": "02892_orc_filter_pushdown.sql"
        },
        {
            "query": "\n\nselect count(), sum(number) from file('02892.orc') where indexHint(never_null_lc > 850);",
            "name": "02892_orc_filter_pushdown.sql"
        },
        {
            "query": "\nselect count(), min(never_null_lc), max(never_null_lc) from file('02892.orc') where (never_null_lc > 850);",
            "name": "02892_orc_filter_pushdown.sql"
        },
        {
            "query": "\n\nselect count(), sum(number) from file('02892.orc') where indexHint(never_null < 150);",
            "name": "02892_orc_filter_pushdown.sql"
        },
        {
            "query": "\nselect count(), min(never_null), max(never_null) from file('02892.orc') where (never_null < 150);",
            "name": "02892_orc_filter_pushdown.sql"
        },
        {
            "query": "\n\nselect count(), sum(number) from file('02892.orc') where indexHint(never_null_lc < 150);",
            "name": "02892_orc_filter_pushdown.sql"
        },
        {
            "query": "\nselect count(), min(never_null_lc), max(never_null_lc) from file('02892.orc') where (never_null_lc < 150);",
            "name": "02892_orc_filter_pushdown.sql"
        },
        {
            "query": "\n\nselect count(), sum(number) from file('02892.orc') where indexHint(sometimes_null < 150);",
            "name": "02892_orc_filter_pushdown.sql"
        },
        {
            "query": "\nselect count(), min(sometimes_null), max(sometimes_null) from file('02892.orc') where (sometimes_null < 150);",
            "name": "02892_orc_filter_pushdown.sql"
        },
        {
            "query": "\n\nselect count(), sum(number) from file('02892.orc') where indexHint(sometimes_null_lc < 150);",
            "name": "02892_orc_filter_pushdown.sql"
        },
        {
            "query": "\nselect count(), min(sometimes_null_lc), max(sometimes_null_lc) from file('02892.orc') where (sometimes_null_lc < 150);",
            "name": "02892_orc_filter_pushdown.sql"
        },
        {
            "query": "\n-- { echoOff }\n\n-- Settings that affect the table schema or contents.\ninsert into function file('02892.orc') select\n    number,\n    if(number%234 == 0, NULL, number + 100) as positive_or_null,\n    if(number%234 == 0, NULL, -number - 100) as negative_or_null,\n    if(number%234 == 0, NULL, 'I am a string') as string_or_null\n    from numbers(1000);",
            "name": "02892_orc_filter_pushdown.sql"
        },
        {
            "query": "\n\n-- { echoOn }\nselect count(), sum(number) from file('02892.orc') where indexHint(positive_or_null < 50);",
            "name": "02892_orc_filter_pushdown.sql"
        },
        {
            "query": " -- quirk with infinities\nselect count(), min(positive_or_null), max(positive_or_null) from file('02892.orc') where (positive_or_null < 50);",
            "name": "02892_orc_filter_pushdown.sql"
        },
        {
            "query": "\n\nselect count(), sum(number) from file('02892.orc', ORC, 'number UInt64, positive_or_null UInt64') where indexHint(positive_or_null < 50);",
            "name": "02892_orc_filter_pushdown.sql"
        },
        {
            "query": "\nselect count(), min(positive_or_null), max(positive_or_null) from file('02892.orc', ORC, 'number UInt64, positive_or_null UInt64') where (positive_or_null < 50);",
            "name": "02892_orc_filter_pushdown.sql"
        },
        {
            "query": "\n\nselect count(), sum(number) from file('02892.orc') where indexHint(negative_or_null > -50);",
            "name": "02892_orc_filter_pushdown.sql"
        },
        {
            "query": "\nselect count(), min(negative_or_null), max(negative_or_null) from file('02892.orc') where (negative_or_null > -50);",
            "name": "02892_orc_filter_pushdown.sql"
        },
        {
            "query": "\n\nselect count(), sum(number) from file('02892.orc', ORC, 'number UInt64, negative_or_null Int64') where indexHint(negative_or_null > -50);",
            "name": "02892_orc_filter_pushdown.sql"
        },
        {
            "query": "\nselect count(), min(negative_or_null), max(negative_or_null) from file('02892.orc', ORC, 'number UInt64, negative_or_null Int64') where (negative_or_null > -50);",
            "name": "02892_orc_filter_pushdown.sql"
        },
        {
            "query": "\n\nselect count(), sum(number) from file('02892.orc') where indexHint(string_or_null == '');",
            "name": "02892_orc_filter_pushdown.sql"
        },
        {
            "query": " -- quirk with infinities\nselect count(), min(string_or_null), max(string_or_null) from file('02892.orc') where (string_or_null == '');",
            "name": "02892_orc_filter_pushdown.sql"
        },
        {
            "query": "\n\nselect count(), sum(number) from file('02892.orc', ORC, 'number UInt64, string_or_null String') where indexHint(string_or_null == '');",
            "name": "02892_orc_filter_pushdown.sql"
        },
        {
            "query": "\nselect count(), min(string_or_null), max(string_or_null) from file('02892.orc', ORC, 'number UInt64, string_or_null String') where (string_or_null == '');",
            "name": "02892_orc_filter_pushdown.sql"
        },
        {
            "query": "\n\nselect count(), sum(number) from file('02892.orc', ORC, 'number UInt64, nEgAtIvE_oR_nUlL Int64') where indexHint(nEgAtIvE_oR_nUlL > -50) settings input_format_orc_case_insensitive_column_matching = 1;",
            "name": "02892_orc_filter_pushdown.sql"
        },
        {
            "query": "\nselect count(), min(nEgAtIvE_oR_nUlL), max(nEgAtIvE_oR_nUlL) from file('02892.orc', ORC, 'number UInt64, nEgAtIvE_oR_nUlL Int64') where (nEgAtIvE_oR_nUlL > -50) settings input_format_orc_case_insensitive_column_matching = 1;",
            "name": "02892_orc_filter_pushdown.sql"
        },
        {
            "query": "\n\nselect count(), sum(number) from file('02892.orc', ORC, 'number UInt64, negative_or_null Int64') where indexHint(negative_or_null < -500);",
            "name": "02892_orc_filter_pushdown.sql"
        },
        {
            "query": "\nselect count(), min(negative_or_null), max(negative_or_null) from file('02892.orc', ORC, 'number UInt64, negative_or_null Int64') where (negative_or_null < -500);",
            "name": "02892_orc_filter_pushdown.sql"
        },
        {
            "query": "\n\nselect count(), sum(number) from file('02892.orc', ORC, 'number UInt64, negative_or_null Int64') where indexHint(negative_or_null is null);",
            "name": "02892_orc_filter_pushdown.sql"
        },
        {
            "query": "\nselect count(), min(negative_or_null), max(negative_or_null) from file('02892.orc', ORC, 'number UInt64, negative_or_null Int64') where (negative_or_null is null);",
            "name": "02892_orc_filter_pushdown.sql"
        },
        {
            "query": "\n\nselect count(), sum(number) from file('02892.orc', ORC, 'number UInt64, negative_or_null Int64') where indexHint(negative_or_null in (0, -1, -10, -100, -1000));",
            "name": "02892_orc_filter_pushdown.sql"
        },
        {
            "query": "\nselect count(), min(negative_or_null), max(negative_or_null) from file('02892.orc', ORC, 'number UInt64, negative_or_null Int64') where (negative_or_null in (0, -1, -10, -100, -1000));",
            "name": "02892_orc_filter_pushdown.sql"
        },
        {
            "query": "\n\nselect count(), sum(number) from file('02892.orc', ORC, 'number UInt64, string_or_null LowCardinality(String)') where indexHint(string_or_null like 'I am%');",
            "name": "02892_orc_filter_pushdown.sql"
        },
        {
            "query": "\nselect count(), min(string_or_null), max(string_or_null) from file('02892.orc', ORC, 'number UInt64, string_or_null LowCardinality(String)') where (string_or_null like 'I am%');",
            "name": "02892_orc_filter_pushdown.sql"
        },
        {
            "query": "\n\nselect count(), sum(number) from file('02892.orc', ORC, 'number UInt64, string_or_null LowCardinality(Nullable(String))') where indexHint(string_or_null like 'I am%');",
            "name": "02892_orc_filter_pushdown.sql"
        },
        {
            "query": "\nselect count(), min(string_or_null), max(string_or_null) from file('02892.orc', ORC, 'number UInt64, string_or_null LowCardinality(Nullable(String))') where (string_or_null like 'I am%');",
            "name": "02892_orc_filter_pushdown.sql"
        },
        {
            "query": "\n-- { echoOff }\n;",
            "name": "02892_orc_filter_pushdown.sql"
        }
    ]
}