{
    "name": "02991_count_rewrite_analyzer.sql",
    "tests": [
        {
            "query": "-- Regression test for https://github.com/ClickHouse/ClickHouse/issues/59919\nSET allow_experimental_analyzer=1;",
            "name": "02991_count_rewrite_analyzer.sql"
        },
        {
            "query": "\n\nSELECT toTypeName(sum(toNullable('a') IN toNullable('a'))) AS x;",
            "name": "02991_count_rewrite_analyzer.sql"
        },
        {
            "query": "\nSELECT toTypeName(count(toNullable('a') IN toNullable('a'))) AS x;",
            "name": "02991_count_rewrite_analyzer.sql"
        },
        {
            "query": "\nSELECT toTypeName(sum(toFixedString('a', toLowCardinality(toNullable(1))) IN toFixedString('a', 1))) AS x;",
            "name": "02991_count_rewrite_analyzer.sql"
        },
        {
            "query": "\nSELECT toTypeName(count(toFixedString('a', toLowCardinality(toNullable(1))) IN toFixedString('a', 1))) AS x;",
            "name": "02991_count_rewrite_analyzer.sql"
        }
    ]
}