{
    "name": "01043_dictionary_attribute_properties_values.sql",
    "tests": [
        {
            "query": "\nCREATE TABLE {CLICKHOUSE_DATABASE:Identifier}.dicttbl(key Int64, value_default String, value_expression String) ENGINE = MergeTree ORDER BY tuple();",
            "name": "01043_dictionary_attribute_properties_values.sql"
        },
        {
            "query": "\nINSERT INTO {CLICKHOUSE_DATABASE:Identifier}.dicttbl VALUES (12, 'hello', '55:66:77');",
            "name": "01043_dictionary_attribute_properties_values.sql"
        },
        {
            "query": "\n\n\nCREATE DICTIONARY {CLICKHOUSE_DATABASE:Identifier}.dict\n(\n  key Int64 DEFAULT -1,\n  value_default String DEFAULT 'world',\n  value_expression String DEFAULT 'xxx' EXPRESSION 'toString(127 * 172)'\n\n)\nPRIMARY KEY key\nSOURCE(CLICKHOUSE(HOST 'localhost' PORT tcpPort() USER 'default' TABLE 'dicttbl' DB currentDatabase()))\nLAYOUT(FLAT())\nLIFETIME(1);",
            "name": "01043_dictionary_attribute_properties_values.sql"
        },
        {
            "query": "\n\n\nSELECT dictGetString({CLICKHOUSE_DATABASE:String} || '.dict', 'value_default', toUInt64(12));",
            "name": "01043_dictionary_attribute_properties_values.sql"
        },
        {
            "query": "\nSELECT dictGetString({CLICKHOUSE_DATABASE:String} || '.dict', 'value_default', toUInt64(14));",
            "name": "01043_dictionary_attribute_properties_values.sql"
        },
        {
            "query": "\n\nSELECT dictGetString({CLICKHOUSE_DATABASE:String} || '.dict', 'value_expression', toUInt64(12));",
            "name": "01043_dictionary_attribute_properties_values.sql"
        },
        {
            "query": "\nSELECT dictGetString({CLICKHOUSE_DATABASE:String} || '.dict', 'value_expression', toUInt64(14));",
            "name": "01043_dictionary_attribute_properties_values.sql"
        }
    ]
}