{
    "name": "02768_cse_nested_distributed.sql",
    "tests": [
        {
            "query": "with (select count() > 0 from remote('127.2', system.settings)) as s select s;",
            "name": "02768_cse_nested_distributed.sql"
        },
        {
            "query": "\n-- nested\nwith (select count() > 0 from remote('127.2', remote('127.2', system.settings))) as s select s;",
            "name": "02768_cse_nested_distributed.sql"
        },
        {
            "query": "\n-- nested via view()\nwith (select count() > 0 from remote('127.2', view(select count() from remote('127.2', system.settings)))) as s select s;",
            "name": "02768_cse_nested_distributed.sql"
        }
    ]
}