{
    "name": "01809_inactive_parts_to_delay_throw_insert.sql",
    "tests": [
        {
            "query": "drop table if exists data_01809;",
            "name": "01809_inactive_parts_to_delay_throw_insert.sql"
        },
        {
            "query": "\n\ncreate table data_01809 (i int) engine MergeTree order by i settings old_parts_lifetime = 10000000000, min_bytes_for_wide_part = 0, inactive_parts_to_throw_insert = 0, inactive_parts_to_delay_insert = 1;",
            "name": "01809_inactive_parts_to_delay_throw_insert.sql"
        },
        {
            "query": "\n\ninsert into data_01809 values (1);",
            "name": "01809_inactive_parts_to_delay_throw_insert.sql"
        },
        {
            "query": "\ninsert into data_01809 values (2);",
            "name": "01809_inactive_parts_to_delay_throw_insert.sql"
        },
        {
            "query": "\n\noptimize table data_01809 final;",
            "name": "01809_inactive_parts_to_delay_throw_insert.sql"
        },
        {
            "query": "\n\ninsert into data_01809 values (3);",
            "name": "01809_inactive_parts_to_delay_throw_insert.sql"
        },
        {
            "query": "\n\ndrop table data_01809;",
            "name": "01809_inactive_parts_to_delay_throw_insert.sql"
        }
    ]
}