{
    "name": "02001_select_with_filter.sql",
    "tests": [
        {
            "query": "SELECT argMax(number, number + 1) FILTER(WHERE number != 99) FROM numbers(100) ;",
            "name": "02001_select_with_filter.sql"
        },
        {
            "query": "\nSELECT sum(number) FILTER(WHERE number % 2 == 0) FROM numbers(100);",
            "name": "02001_select_with_filter.sql"
        },
        {
            "query": "\nSELECT sumIfOrNull(number, number % 2 == 1) FILTER(WHERE 0) FROM numbers(100);",
            "name": "02001_select_with_filter.sql"
        },
        {
            "query": "\nSELECT sumIfOrNull(number, number % 2 == 1) FILTER(WHERE 1) FROM numbers(100);",
            "name": "02001_select_with_filter.sql"
        }
    ]
}