{
    "name": "01710_minmax_count_projection_constant_query.sql",
    "tests": [
        {
            "query": "drop table if exists t;",
            "name": "01710_minmax_count_projection_constant_query.sql"
        },
        {
            "query": "\ncreate table t (n int) engine MergeTree order by n;",
            "name": "01710_minmax_count_projection_constant_query.sql"
        },
        {
            "query": "\ninsert into t values (1);",
            "name": "01710_minmax_count_projection_constant_query.sql"
        },
        {
            "query": "\nselect 1 from t group by 1;",
            "name": "01710_minmax_count_projection_constant_query.sql"
        },
        {
            "query": "\ndrop table t;",
            "name": "01710_minmax_count_projection_constant_query.sql"
        }
    ]
}