{
    "name": "00954_resample_combinator.sql",
    "tests": [
        {
            "query": "select arrayReduce('sumResample(1, 7, 1)', [10, 11, 12, 13, 14, 15, 16, 17, 18, 19], [0, 1, 2, 3, 4, 5, 6, 7, 8, 9]);",
            "name": "00954_resample_combinator.sql"
        },
        {
            "query": "\nselect arrayReduce('sumResample(3, 8, 2)', [10, 11, 12, 13, 14, 15, 16, 17, 18, 19], [0, 1, 2, 3, 4, 5, 6, 7, 8, 9]);",
            "name": "00954_resample_combinator.sql"
        },
        {
            "query": "\nselect arrayReduce('sumResample(2, 9, 3)', [10, 11, 12, 13, 14, 15, 16, 17, 18, 19], [0, 1, 2, 3, 4, 5, 6, 7, 8, 9]);",
            "name": "00954_resample_combinator.sql"
        },
        {
            "query": "\nselect arrayReduce('sumResample(2, 9, 3)', [10, 11, 12, 13, 14, 15, 16, 17, 18, 19], [-0, 1, 2, 3, 4, 5, 6, 7, 8, 9]);",
            "name": "00954_resample_combinator.sql"
        },
        {
            "query": "\nselect arrayReduce('stddevPopResample(1, 7, 1)', [10, 11, 12, 13, 14, 15, 16, 17, 18, 19], [0, 1, 2, 3, 4, 5, 6, 7, 8, 9]);",
            "name": "00954_resample_combinator.sql"
        },
        {
            "query": "\nselect arrayReduce('stddevPopResample(3, 8, 2)', [10, 11, 12, 13, 14, 15, 16, 17, 18, 19], [0, 1, 2, 3, 4, 5, 6, 7, 8, 9]);",
            "name": "00954_resample_combinator.sql"
        },
        {
            "query": "\nselect arrayReduce('stddevPopResample(2, 9, 3)', [10, 11, 12, 13, 14, 15, 16, 17, 18, 19], [0, 1, 2, 3, 4, 5, 6, 7, 8, 9]);",
            "name": "00954_resample_combinator.sql"
        },
        {
            "query": "\nselect arrayReduce('stddevPopResample(2, 9, 3)', [10, 11, 12, 13, 14, 15, 16, 17, 18, 19], [-0, 1, 2, 3, 4, 5, 6, 7, 8, 9]);",
            "name": "00954_resample_combinator.sql"
        },
        {
            "query": "\nselect arrayReduce('groupArrayResample(1, 7, 1)', [10, 11, 12, 13, 14, 15, 16, 17, 18, 19], [0, 1, 2, 3, 4, 5, 6, 7, 8, 9]);",
            "name": "00954_resample_combinator.sql"
        },
        {
            "query": "\nselect arrayReduce('groupArrayResample(3, 8, 2)', [10, 11, 12, 13, 14, 15, 16, 17, 18, 19], [0, 1, 2, 3, 4, 5, 6, 7, 8, 9]);",
            "name": "00954_resample_combinator.sql"
        },
        {
            "query": "\nselect arrayReduce('groupArrayResample(2, 9, 3)', [10, 11, 12, 13, 14, 15, 16, 17, 18, 19], [0, 1, 2, 3, 4, 5, 6, 7, 8, 9]);",
            "name": "00954_resample_combinator.sql"
        },
        {
            "query": "\nselect arrayReduce('groupArrayResample(2, 9, 3)', [10, 11, 12, 13, 14, 15, 16, 17, 18, 19], [-0, 1, 2, 3, 4, 5, 6, 7, 8, 9]);",
            "name": "00954_resample_combinator.sql"
        },
        {
            "query": "\nselect arrayReduce('uniqResample(1, 7, 1)', [10, 11, 12, 13, 14, 15, 16, 17, 18, 19], [0, 1, 2, 3, 4, 5, 6, 7, 8, 9]);",
            "name": "00954_resample_combinator.sql"
        },
        {
            "query": "\nselect arrayReduce('uniqResample(3, 8, 2)', [10, 11, 12, 13, 14, 15, 16, 17, 18, 19], [0, 1, 2, 3, 4, 5, 6, 7, 8, 9]);",
            "name": "00954_resample_combinator.sql"
        },
        {
            "query": "\nselect arrayReduce('uniqResample(2, 9, 3)', [10, 11, 12, 13, 14, 15, 16, 17, 18, 19], [0, 1, 2, 3, 4, 5, 6, 7, 8, 9]);",
            "name": "00954_resample_combinator.sql"
        },
        {
            "query": "\nselect arrayReduce('uniqResample(2, 9, 3)', [10, 11, 12, 13, 14, 15, 16, 17, 18, 19], [-0, 1, 2, 3, 4, 5, 6, 7, 8, 9]);",
            "name": "00954_resample_combinator.sql"
        }
    ]
}