{
    "name": "00722_inner_join.sql",
    "tests": [
        {
            "query": "-- Tags: no-parallel\n\nSET allow_experimental_analyzer = 1;",
            "name": "00722_inner_join.sql"
        },
        {
            "query": "\n\nDROP TABLE IF EXISTS one;",
            "name": "00722_inner_join.sql"
        },
        {
            "query": "\nCREATE TABLE one(dummy UInt8) ENGINE = Memory;",
            "name": "00722_inner_join.sql"
        },
        {
            "query": "\n\nSELECT database, t.name\n    FROM system.tables AS t\n    ALL INNER JOIN (SELECT name AS database FROM system.databases) AS db USING database\n    WHERE database = 'system' AND t.name = 'one'\n    FORMAT PrettyCompactNoEscapes;",
            "name": "00722_inner_join.sql"
        },
        {
            "query": "\n\nSELECT database, t.name\n    FROM (SELECT name AS database FROM system.databases) AS db\n    ALL INNER JOIN system.tables AS t USING database\n    WHERE database = 'system' AND t.name = 'one'\n    FORMAT PrettyCompactNoEscapes;",
            "name": "00722_inner_join.sql"
        },
        {
            "query": "\n\nSELECT database, t.name\n    FROM (SELECT name, database FROM system.tables) AS t\n    ALL INNER JOIN (SELECT name AS database FROM system.databases) AS db USING database\n    WHERE database = 'system' AND t.name = 'one'\n    FORMAT PrettyCompactNoEscapes;",
            "name": "00722_inner_join.sql"
        },
        {
            "query": "\n\nSELECT x, t.name\n    FROM (SELECT name, database AS x FROM system.tables) AS t\n    ALL INNER JOIN (SELECT name AS x FROM system.databases) AS db USING x\n    WHERE x = 'system' AND t.name = 'one'\n    FORMAT PrettyCompactNoEscapes;",
            "name": "00722_inner_join.sql"
        },
        {
            "query": "\n\nSELECT database, t.name\n    FROM (SELECT name, database FROM system.tables) AS t\n    JOIN (SELECT name AS database FROM system.databases) AS db USING database\n    WHERE database = 'system' AND t.name = 'one'\n    SETTINGS join_default_strictness = 'ALL'\n    FORMAT PrettyCompactNoEscapes;",
            "name": "00722_inner_join.sql"
        },
        {
            "query": "\n\nSELECT x, t.name\n    FROM (SELECT name, database AS x FROM system.tables) AS t\n    JOIN (SELECT name AS x FROM system.databases) AS db USING x\n    WHERE x = 'system' AND t.name = 'one'\n    SETTINGS join_default_strictness = 'ALL'\n    FORMAT PrettyCompactNoEscapes;",
            "name": "00722_inner_join.sql"
        },
        {
            "query": "\n\nSET join_default_strictness = 'ALL';",
            "name": "00722_inner_join.sql"
        },
        {
            "query": "\n\nSELECT database, t.name\n    FROM (SELECT * FROM system.tables) AS t\n    JOIN (SELECT name, name AS database FROM system.databases) AS db USING database\n    WHERE db.name = 'system' AND t.name = 'one'\n    FORMAT PrettyCompactNoEscapes;",
            "name": "00722_inner_join.sql"
        },
        {
            "query": "\n\nSELECT db.x, t.name\n    FROM (SELECT name, database AS x FROM system.tables) AS t\n    JOIN (SELECT name AS x FROM system.databases) AS db USING x\n    WHERE x = 'system' AND t.name = 'one'\n    FORMAT PrettyCompactNoEscapes;",
            "name": "00722_inner_join.sql"
        },
        {
            "query": "\n\nSELECT db.name, t.name\n    FROM (SELECT name, database FROM system.tables WHERE name = 'one') AS t\n    JOIN (SELECT name FROM system.databases WHERE name = 'system') AS db ON t.database = db.name\n    FORMAT PrettyCompactNoEscapes;",
            "name": "00722_inner_join.sql"
        },
        {
            "query": "\n\nSELECT db.name, t.name\n    FROM system.tables AS t\n    JOIN (SELECT * FROM system.databases WHERE name = 'system') AS db ON t.database = db.name\n    WHERE t.name = 'one'\n    FORMAT PrettyCompactNoEscapes;",
            "name": "00722_inner_join.sql"
        },
        {
            "query": "\n\nSELECT t.database, t.name\n    FROM system.tables AS t\n    JOIN (SELECT name, name AS database FROM system.databases) AS db ON t.database = db.name\n    WHERE t.database = 'system' AND t.name = 'one'\n    FORMAT PrettyCompactNoEscapes;",
            "name": "00722_inner_join.sql"
        },
        {
            "query": "\n\nSELECT t.database, t.name\n    FROM system.tables t\n    ANY LEFT JOIN (SELECT 'system' AS base, 'one' AS name) db USING name\n    WHERE t.database = db.base\n    FORMAT PrettyCompactNoEscapes;",
            "name": "00722_inner_join.sql"
        },
        {
            "query": "\n\nSELECT count(t.database)\n    FROM (SELECT * FROM system.tables WHERE name = 'one') AS t\n    JOIN system.databases AS db ON t.database = db.name;",
            "name": "00722_inner_join.sql"
        },
        {
            "query": "\n\nSELECT count(db.name)\n    FROM system.tables AS t\n    JOIN system.databases AS db ON t.database = db.name\n    WHERE t.name = 'one';",
            "name": "00722_inner_join.sql"
        },
        {
            "query": "\n\nSELECT count()\n    FROM system.tables AS t\n    JOIN system.databases AS db ON db.name = t.database\n    WHERE t.name = 'one';",
            "name": "00722_inner_join.sql"
        },
        {
            "query": "\n\nDROP TABLE one;",
            "name": "00722_inner_join.sql"
        }
    ]
}