{
    "name": "02421_decimal_in_precision_issue_41125.sql",
    "tests": [
        {
            "query": "DROP TABLE IF EXISTS dtest;",
            "name": "02421_decimal_in_precision_issue_41125.sql"
        },
        {
            "query": "\n\n\nCREATE TABLE dtest ( `a` Decimal(18, 0), `b` Decimal(18, 1), `c` Decimal(36, 0) ) ENGINE = Memory;",
            "name": "02421_decimal_in_precision_issue_41125.sql"
        },
        {
            "query": "\nINSERT INTO dtest VALUES ('33', '44.4', '35');",
            "name": "02421_decimal_in_precision_issue_41125.sql"
        },
        {
            "query": "\n\nSELECT count() == 0 FROM (SELECT '33.3' :: Decimal(9, 1) AS a WHERE a IN ('33.33' :: Decimal(9, 2)));",
            "name": "02421_decimal_in_precision_issue_41125.sql"
        },
        {
            "query": "\n\nSELECT count() == 0 FROM dtest WHERE a IN toDecimal32('33.3000', 4);",
            "name": "02421_decimal_in_precision_issue_41125.sql"
        },
        {
            "query": "\nSELECT count() == 0 FROM dtest WHERE a IN toDecimal64('33.3000', 4);",
            "name": "02421_decimal_in_precision_issue_41125.sql"
        },
        {
            "query": "\nSELECT count() == 0 FROM dtest WHERE a IN toDecimal128('33.3000', 4);",
            "name": "02421_decimal_in_precision_issue_41125.sql"
        },
        {
            "query": "\nSELECT count() == 0 FROM dtest WHERE a IN toDecimal256('33.3000', 4);",
            "name": "02421_decimal_in_precision_issue_41125.sql"
        },
        {
            "query": "\n\nSELECT count() == 0 FROM dtest WHERE b IN toDecimal32('44.4000', 0);",
            "name": "02421_decimal_in_precision_issue_41125.sql"
        },
        {
            "query": "\nSELECT count() == 0 FROM dtest WHERE b IN toDecimal64('44.4000', 0);",
            "name": "02421_decimal_in_precision_issue_41125.sql"
        },
        {
            "query": "\nSELECT count() == 0 FROM dtest WHERE b IN toDecimal128('44.4000', 0);",
            "name": "02421_decimal_in_precision_issue_41125.sql"
        },
        {
            "query": "\nSELECT count() == 0 FROM dtest WHERE b IN toDecimal256('44.4000', 0);",
            "name": "02421_decimal_in_precision_issue_41125.sql"
        },
        {
            "query": "\n\nSELECT count() == 1 FROM dtest WHERE b IN toDecimal32('44.4000', 4);",
            "name": "02421_decimal_in_precision_issue_41125.sql"
        },
        {
            "query": "\nSELECT count() == 1 FROM dtest WHERE b IN toDecimal64('44.4000', 4);",
            "name": "02421_decimal_in_precision_issue_41125.sql"
        },
        {
            "query": "\nSELECT count() == 1 FROM dtest WHERE b IN toDecimal128('44.4000', 4);",
            "name": "02421_decimal_in_precision_issue_41125.sql"
        },
        {
            "query": "\nSELECT count() == 1 FROM dtest WHERE b IN toDecimal256('44.4000', 4);",
            "name": "02421_decimal_in_precision_issue_41125.sql"
        },
        {
            "query": "\n\nSET allow_experimental_analyzer = 1;",
            "name": "02421_decimal_in_precision_issue_41125.sql"
        },
        {
            "query": "\n\nSELECT count() == 0 FROM (SELECT '33.3' :: Decimal(9, 1) AS a WHERE a IN ('33.33' :: Decimal(9, 2)));",
            "name": "02421_decimal_in_precision_issue_41125.sql"
        },
        {
            "query": "\n\nSELECT count() == 0 FROM dtest WHERE a IN toDecimal32('33.3000', 4);",
            "name": "02421_decimal_in_precision_issue_41125.sql"
        },
        {
            "query": "\nSELECT count() == 0 FROM dtest WHERE a IN toDecimal64('33.3000', 4);",
            "name": "02421_decimal_in_precision_issue_41125.sql"
        },
        {
            "query": "\nSELECT count() == 0 FROM dtest WHERE a IN toDecimal128('33.3000', 4);",
            "name": "02421_decimal_in_precision_issue_41125.sql"
        },
        {
            "query": "\nSELECT count() == 0 FROM dtest WHERE a IN toDecimal256('33.3000', 4);",
            "name": "02421_decimal_in_precision_issue_41125.sql"
        },
        {
            "query": "\n\nSELECT count() == 0 FROM dtest WHERE b IN toDecimal32('44.4000', 0);",
            "name": "02421_decimal_in_precision_issue_41125.sql"
        },
        {
            "query": "\nSELECT count() == 0 FROM dtest WHERE b IN toDecimal64('44.4000', 0);",
            "name": "02421_decimal_in_precision_issue_41125.sql"
        },
        {
            "query": "\nSELECT count() == 0 FROM dtest WHERE b IN toDecimal128('44.4000', 0);",
            "name": "02421_decimal_in_precision_issue_41125.sql"
        },
        {
            "query": "\nSELECT count() == 0 FROM dtest WHERE b IN toDecimal256('44.4000', 0);",
            "name": "02421_decimal_in_precision_issue_41125.sql"
        },
        {
            "query": "\n\nSELECT count() == 1 FROM dtest WHERE b IN toDecimal32('44.4000', 4);",
            "name": "02421_decimal_in_precision_issue_41125.sql"
        },
        {
            "query": "\nSELECT count() == 1 FROM dtest WHERE b IN toDecimal64('44.4000', 4);",
            "name": "02421_decimal_in_precision_issue_41125.sql"
        },
        {
            "query": "\nSELECT count() == 1 FROM dtest WHERE b IN toDecimal128('44.4000', 4);",
            "name": "02421_decimal_in_precision_issue_41125.sql"
        },
        {
            "query": "\nSELECT count() == 1 FROM dtest WHERE b IN toDecimal256('44.4000', 4);",
            "name": "02421_decimal_in_precision_issue_41125.sql"
        },
        {
            "query": "\n\nDROP TABLE IF EXISTS dtest;",
            "name": "02421_decimal_in_precision_issue_41125.sql"
        }
    ]
}