{
    "name": "02346_fulltext_index_bug59039.sql",
    "tests": [
        {
            "query": "-- This is supposed to test that DROP INDEX removes all index related files. Can't test this directly but at least run the statement and\n-- check that no bad things happen.\n\nSET allow_experimental_inverted_index = 1;",
            "name": "02346_fulltext_index_bug59039.sql"
        },
        {
            "query": "\n\nDROP TABLE IF EXISTS tab;",
            "name": "02346_fulltext_index_bug59039.sql"
        },
        {
            "query": "\n\nCREATE TABLE tab\n(\n    id UInt64,\n    doc String,\n    INDEX text_idx doc TYPE full_text\n)\nENGINE = MergeTree\nORDER BY id\nSETTINGS index_granularity = 2, index_granularity_bytes = '10Mi', min_bytes_for_wide_part = 0, min_rows_for_wide_part = 0;",
            "name": "02346_fulltext_index_bug59039.sql"
        },
        {
            "query": "\n\nALTER TABLE tab DROP INDEX text_idx;",
            "name": "02346_fulltext_index_bug59039.sql"
        },
        {
            "query": "\n\nDROP TABLE tab;",
            "name": "02346_fulltext_index_bug59039.sql"
        }
    ]
}