{
    "name": "02835_nested_array_lowcardinality.sql",
    "tests": [
        {
            "query": "DROP TABLE IF EXISTS cool_table;",
            "name": "02835_nested_array_lowcardinality.sql"
        },
        {
            "query": "\n\nCREATE TABLE IF NOT EXISTS cool_table\n(\n    id UInt64,\n    n Nested(n UInt64, lc1 LowCardinality(String))\n)\nENGINE = MergeTree\nORDER BY id;",
            "name": "02835_nested_array_lowcardinality.sql"
        },
        {
            "query": "\n\nINSERT INTO cool_table SELECT number, range(number), range(number) FROM numbers(10);",
            "name": "02835_nested_array_lowcardinality.sql"
        },
        {
            "query": "\n\nALTER TABLE cool_table ADD COLUMN IF NOT EXISTS `n.lc2` Array(LowCardinality(String));",
            "name": "02835_nested_array_lowcardinality.sql"
        },
        {
            "query": "\n\nSELECT n.lc1, n.lc2 FROM cool_table ORDER BY id;",
            "name": "02835_nested_array_lowcardinality.sql"
        },
        {
            "query": "\n\nDROP TABLE IF EXISTS cool_table;",
            "name": "02835_nested_array_lowcardinality.sql"
        },
        {
            "query": "\n\nCREATE TABLE IF NOT EXISTS cool_table\n(\n    id UInt64,\n    n Nested(n UInt64, lc1 Array(LowCardinality(String)))\n)\nENGINE = MergeTree\nORDER BY id;",
            "name": "02835_nested_array_lowcardinality.sql"
        },
        {
            "query": "\n\nINSERT INTO cool_table SELECT number, range(number), arrayMap(x -> range(x % 4), range(number)) FROM numbers(10);",
            "name": "02835_nested_array_lowcardinality.sql"
        },
        {
            "query": "\n\nALTER TABLE cool_table ADD COLUMN IF NOT EXISTS `n.lc2` Array(Array(LowCardinality(String)));",
            "name": "02835_nested_array_lowcardinality.sql"
        },
        {
            "query": "\n\nSELECT n.lc1, n.lc2 FROM cool_table ORDER BY id;",
            "name": "02835_nested_array_lowcardinality.sql"
        },
        {
            "query": "\n\nDROP TABLE IF EXISTS cool_table;",
            "name": "02835_nested_array_lowcardinality.sql"
        },
        {
            "query": "\n\nCREATE TABLE IF NOT EXISTS cool_table\n(\n    id UInt64,\n    n Nested(n UInt64, lc1 Map(LowCardinality(String), UInt64))\n)\nENGINE = MergeTree\nORDER BY id;",
            "name": "02835_nested_array_lowcardinality.sql"
        },
        {
            "query": "\n\nINSERT INTO cool_table SELECT number, range(number), arrayMap(x -> (arrayMap(y -> 'k' || toString(y), range(x % 4)), range(x % 4))::Map(LowCardinality(String), UInt64), range(number)) FROM numbers(10);",
            "name": "02835_nested_array_lowcardinality.sql"
        },
        {
            "query": "\n\nALTER TABLE cool_table ADD COLUMN IF NOT EXISTS `n.lc2` Array(Map(LowCardinality(String), UInt64));",
            "name": "02835_nested_array_lowcardinality.sql"
        },
        {
            "query": "\n\nSELECT n.lc1, n.lc2 FROM cool_table ORDER BY id;",
            "name": "02835_nested_array_lowcardinality.sql"
        },
        {
            "query": "\n\nDROP TABLE IF EXISTS cool_table;",
            "name": "02835_nested_array_lowcardinality.sql"
        }
    ]
}