{
    "name": "02908_alter_column_alias.sql",
    "tests": [
        {
            "query": "CREATE TABLE t (\n    c0 DateTime,\n    c1 DateTime,\n    a DateTime alias toStartOfFifteenMinutes(c0)\n) ENGINE = MergeTree() ORDER BY tuple();",
            "name": "02908_alter_column_alias.sql"
        },
        {
            "query": "\n\nALTER TABLE t MODIFY COLUMN a DateTime ALIAS c1;",
            "name": "02908_alter_column_alias.sql"
        },
        {
            "query": "\nSHOW CREATE t;",
            "name": "02908_alter_column_alias.sql"
        }
    ]
}