{
    "name": "01526_alter_add_and_modify_order_zookeeper.sql",
    "tests": [
        {
            "query": "-- Tags: zookeeper\n\nDROP TABLE IF EXISTS table_for_alter;",
            "name": "01526_alter_add_and_modify_order_zookeeper.sql"
        },
        {
            "query": "\n\nSET replication_alter_partitions_sync = 2;",
            "name": "01526_alter_add_and_modify_order_zookeeper.sql"
        },
        {
            "query": "\n\nCREATE TABLE table_for_alter\n(\n    `d` Date,\n    `a` String,\n    `b` UInt8,\n    `x` String,\n    `y` Int8,\n    `version` UInt64,\n    `sign` Int8 DEFAULT 1\n)\nENGINE = ReplicatedVersionedCollapsingMergeTree('/clickhouse/tables/{database}/01526_alter_add/t1', '1', sign, version)\nPARTITION BY y\nORDER BY d\nSETTINGS index_granularity = 8192;",
            "name": "01526_alter_add_and_modify_order_zookeeper.sql"
        },
        {
            "query": "\n\nINSERT INTO table_for_alter VALUES(toDate('2019-10-01'), 'a', 1, 'aa', 1, 1, 1);",
            "name": "01526_alter_add_and_modify_order_zookeeper.sql"
        },
        {
            "query": "\n\nDETACH TABLE table_for_alter;",
            "name": "01526_alter_add_and_modify_order_zookeeper.sql"
        },
        {
            "query": "\n\nATTACH TABLE table_for_alter;",
            "name": "01526_alter_add_and_modify_order_zookeeper.sql"
        },
        {
            "query": "\n\n\nSELECT * FROM table_for_alter;",
            "name": "01526_alter_add_and_modify_order_zookeeper.sql"
        },
        {
            "query": "\n\nALTER TABLE table_for_alter ADD COLUMN order UInt32, MODIFY ORDER BY (d, order);",
            "name": "01526_alter_add_and_modify_order_zookeeper.sql"
        },
        {
            "query": "\n\n\nDETACH TABLE table_for_alter;",
            "name": "01526_alter_add_and_modify_order_zookeeper.sql"
        },
        {
            "query": "\n\nATTACH TABLE table_for_alter;",
            "name": "01526_alter_add_and_modify_order_zookeeper.sql"
        },
        {
            "query": "\n\nSELECT * FROM table_for_alter;",
            "name": "01526_alter_add_and_modify_order_zookeeper.sql"
        },
        {
            "query": "\n\nSHOW CREATE TABLE table_for_alter;",
            "name": "01526_alter_add_and_modify_order_zookeeper.sql"
        },
        {
            "query": "\n\nALTER TABLE table_for_alter ADD COLUMN datum UInt32, MODIFY ORDER BY (d, order, datum);",
            "name": "01526_alter_add_and_modify_order_zookeeper.sql"
        },
        {
            "query": "\n\nINSERT INTO table_for_alter VALUES(toDate('2019-10-02'), 'b', 2, 'bb', 2, 2, 2, 1, 2);",
            "name": "01526_alter_add_and_modify_order_zookeeper.sql"
        },
        {
            "query": "\n\nSELECT * FROM table_for_alter ORDER BY d;",
            "name": "01526_alter_add_and_modify_order_zookeeper.sql"
        },
        {
            "query": "\n\nSHOW CREATE TABLE table_for_alter;",
            "name": "01526_alter_add_and_modify_order_zookeeper.sql"
        },
        {
            "query": "\n\nDETACH TABLE table_for_alter;",
            "name": "01526_alter_add_and_modify_order_zookeeper.sql"
        },
        {
            "query": "\n\nATTACH TABLE table_for_alter;",
            "name": "01526_alter_add_and_modify_order_zookeeper.sql"
        },
        {
            "query": "\n\nDROP TABLE IF EXISTS table_for_alter;",
            "name": "01526_alter_add_and_modify_order_zookeeper.sql"
        }
    ]
}