{
    "name": "02907_read_buffer_content_is_cached_multiple_blobs.sql",
    "tests": [
        {
            "query": "-- Tags: no-fasttest\n\n-- We want to test `isContentCached(offset, size)` method implementation in ReadBufferFromRemoteFSGather and CachedOnDiskReadBufferFromFile\n-- Specifically, how they handle `offset` parameter when we have multiple S3 objects representing a single ClickHouse file\n-- Log englie table files will be represented by multiple objects on S3\nCREATE TABLE t(a UInt64)\nENGINE = Log\nSETTINGS disk = 's3_cache';",
            "name": "02907_read_buffer_content_is_cached_multiple_blobs.sql"
        },
        {
            "query": "\n\nINSERT INTO t SELECT number FROM numbers_mt(1e6);",
            "name": "02907_read_buffer_content_is_cached_multiple_blobs.sql"
        },
        {
            "query": "\nINSERT INTO t SELECT number FROM numbers_mt(1e6);",
            "name": "02907_read_buffer_content_is_cached_multiple_blobs.sql"
        },
        {
            "query": "\n\n-- First of all the cache should be warmed up\nSELECT * FROM t FORMAT Null;",
            "name": "02907_read_buffer_content_is_cached_multiple_blobs.sql"
        },
        {
            "query": "\n\n-- Now we can do the actual test. All we need is successfull completion w/o expections\nSELECT * FROM t FORMAT Null;",
            "name": "02907_read_buffer_content_is_cached_multiple_blobs.sql"
        }
    ]
}