{
    "name": "02969_functions_to_subcolumns_if_null.sql",
    "tests": [
        {
            "query": "DROP TABLE IF EXISTS t_subcolumns_if;",
            "name": "02969_functions_to_subcolumns_if_null.sql"
        },
        {
            "query": "\n\nCREATE TABLE t_subcolumns_if (id Nullable(Int64)) ENGINE=MergeTree ORDER BY tuple();",
            "name": "02969_functions_to_subcolumns_if_null.sql"
        },
        {
            "query": "\n\nINSERT INTO t_subcolumns_if SELECT number::Nullable(Int64) as number FROM numbers(10000);",
            "name": "02969_functions_to_subcolumns_if_null.sql"
        },
        {
            "query": "\n\nSELECT\n    sum(multiIf(id IS NOT NULL, 1, 0))\nFROM t_subcolumns_if\nSETTINGS allow_experimental_analyzer = 1, optimize_functions_to_subcolumns = 1;",
            "name": "02969_functions_to_subcolumns_if_null.sql"
        },
        {
            "query": "\n\nSELECT\n    sum(multiIf(id IS NULL, 1, 0))\nFROM t_subcolumns_if\nSETTINGS allow_experimental_analyzer = 0, optimize_functions_to_subcolumns = 1;",
            "name": "02969_functions_to_subcolumns_if_null.sql"
        },
        {
            "query": "\n\nSELECT\n    sum(multiIf(id IS NULL, 1, 0))\nFROM t_subcolumns_if\nSETTINGS allow_experimental_analyzer = 1, optimize_functions_to_subcolumns = 0;",
            "name": "02969_functions_to_subcolumns_if_null.sql"
        },
        {
            "query": "\n\nSELECT\n    sum(multiIf(id IS NULL, 1, 0))\nFROM t_subcolumns_if\nSETTINGS allow_experimental_analyzer = 1, optimize_functions_to_subcolumns = 1;",
            "name": "02969_functions_to_subcolumns_if_null.sql"
        },
        {
            "query": "\n\nDROP TABLE IF EXISTS t_subcolumns_if;",
            "name": "02969_functions_to_subcolumns_if_null.sql"
        }
    ]
}