{
    "name": "01736_null_as_default.sql",
    "tests": [
        {
            "query": "drop table if exists test_enum;",
            "name": "01736_null_as_default.sql"
        },
        {
            "query": "\ncreate table test_enum (c Nullable(Enum16('A' = 1, 'B' = 2))) engine Log;",
            "name": "01736_null_as_default.sql"
        },
        {
            "query": "\ninsert into test_enum values (1), (NULL);",
            "name": "01736_null_as_default.sql"
        },
        {
            "query": "\nselect * from test_enum;",
            "name": "01736_null_as_default.sql"
        },
        {
            "query": "\nselect toString(c) from test_enum;",
            "name": "01736_null_as_default.sql"
        },
        {
            "query": "\nselect toString('aaaa', NULL);",
            "name": "01736_null_as_default.sql"
        },
        {
            "query": "\ndrop table test_enum;",
            "name": "01736_null_as_default.sql"
        }
    ]
}