{
    "name": "02044_exists_operator.sql",
    "tests": [
        {
            "query": "-- { echo }\nselect exists(select 1);",
            "name": "02044_exists_operator.sql"
        },
        {
            "query": "\nselect exists(select 1 except select 1);",
            "name": "02044_exists_operator.sql"
        },
        {
            "query": "\nselect exists(select number from numbers(10) where number > 0);",
            "name": "02044_exists_operator.sql"
        },
        {
            "query": "\nselect exists(select number from numbers(10) where number < 0);",
            "name": "02044_exists_operator.sql"
        },
        {
            "query": "\n\nselect count() from numbers(10) where exists(select 1 except select 1);",
            "name": "02044_exists_operator.sql"
        },
        {
            "query": "\nselect count() from numbers(10) where exists(select 1 intersect select 1);",
            "name": "02044_exists_operator.sql"
        },
        {
            "query": "\n\nselect count() from numbers(10) where exists(select number from numbers(10) where number > 8);",
            "name": "02044_exists_operator.sql"
        },
        {
            "query": "\nselect count() from numbers(10) where exists(select number from numbers(10) where number > 9);",
            "name": "02044_exists_operator.sql"
        }
    ]
}