{
    "name": "02162_range_hashed_dictionary_ddl_expression.sql",
    "tests": [
        {
            "query": "DROP TABLE IF EXISTS 02162_test_table;",
            "name": "02162_range_hashed_dictionary_ddl_expression.sql"
        },
        {
            "query": "\nCREATE TABLE 02162_test_table\n(\n    id UInt64,\n    value String,\n    range_value UInt64\n) ENGINE=TinyLog;",
            "name": "02162_range_hashed_dictionary_ddl_expression.sql"
        },
        {
            "query": "\n\nINSERT INTO 02162_test_table VALUES (0, 'Value', 1);",
            "name": "02162_range_hashed_dictionary_ddl_expression.sql"
        },
        {
            "query": "\n\nDROP DICTIONARY IF EXISTS 02162_test_dictionary;",
            "name": "02162_range_hashed_dictionary_ddl_expression.sql"
        },
        {
            "query": "\nCREATE DICTIONARY 02162_test_dictionary\n(\n    id UInt64,\n    value String,\n    range_value UInt64,\n    start UInt64 EXPRESSION range_value,\n    end UInt64 EXPRESSION range_value\n)\nPRIMARY KEY id\nSOURCE(CLICKHOUSE(TABLE '02162_test_table'))\nLAYOUT(RANGE_HASHED())\nRANGE(MIN start MAX end)\nLIFETIME(0);",
            "name": "02162_range_hashed_dictionary_ddl_expression.sql"
        },
        {
            "query": "\n\nSELECT * FROM 02162_test_dictionary;",
            "name": "02162_range_hashed_dictionary_ddl_expression.sql"
        },
        {
            "query": "\n\nDROP DICTIONARY 02162_test_dictionary;",
            "name": "02162_range_hashed_dictionary_ddl_expression.sql"
        },
        {
            "query": "\nDROP TABLE 02162_test_table;",
            "name": "02162_range_hashed_dictionary_ddl_expression.sql"
        }
    ]
}