{
    "name": "00119_storage_join.sql",
    "tests": [
        {
            "query": "DROP TABLE IF EXISTS t2;",
            "name": "00119_storage_join.sql"
        },
        {
            "query": "\n\nCREATE TABLE t2 (s String, x Array(UInt8), k UInt64) ENGINE = Join(ANY, LEFT, k);",
            "name": "00119_storage_join.sql"
        },
        {
            "query": "\n\nINSERT INTO t2 VALUES ('abc', [0], 1), ('def', [1, 2], 2);",
            "name": "00119_storage_join.sql"
        },
        {
            "query": "\nINSERT INTO t2 (k, s) VALUES (3, 'ghi');",
            "name": "00119_storage_join.sql"
        },
        {
            "query": "\nINSERT INTO t2 (x, k) VALUES ([3, 4, 5], 4);",
            "name": "00119_storage_join.sql"
        },
        {
            "query": "\n\nSELECT k, s FROM (SELECT number AS k FROM system.numbers LIMIT 10) js1 ANY LEFT JOIN t2 USING k;",
            "name": "00119_storage_join.sql"
        },
        {
            "query": "\nSELECT s, x FROM (SELECT number AS k FROM system.numbers LIMIT 10) js1 ANY LEFT JOIN t2 USING k;",
            "name": "00119_storage_join.sql"
        },
        {
            "query": "\nSELECT x, s, k FROM (SELECT number AS k FROM system.numbers LIMIT 10) js1 ANY LEFT JOIN t2 USING k;",
            "name": "00119_storage_join.sql"
        },
        {
            "query": "\nSELECT 1, x, 2, s, 3, k, 4 FROM (SELECT number AS k FROM system.numbers LIMIT 10) js1 ANY LEFT JOIN t2 USING k;",
            "name": "00119_storage_join.sql"
        },
        {
            "query": "\n\nSELECT t1.k, t1.s, t2.x\nFROM ( SELECT number AS k, 'a' AS s FROM numbers(2) GROUP BY number WITH TOTALS ORDER BY number) AS t1\nANY LEFT JOIN t2 AS t2 USING(k);",
            "name": "00119_storage_join.sql"
        },
        {
            "query": "\n\nDROP TABLE t2;",
            "name": "00119_storage_join.sql"
        }
    ]
}