{
    "name": "02932_query_settings_max_size_drop.sql",
    "tests": [
        {
            "query": "CREATE TABLE test_max_size_drop\nEngine = MergeTree()\nORDER BY number\nAS SELECT number\nFROM numbers(1000)\n;",
            "name": "02932_query_settings_max_size_drop.sql"
        },
        {
            "query": "\n\nDROP TABLE test_max_size_drop SETTINGS max_table_size_to_drop = 1;",
            "name": "02932_query_settings_max_size_drop.sql"
        },
        {
            "query": " -- { serverError 359 }\nDROP TABLE test_max_size_drop;",
            "name": "02932_query_settings_max_size_drop.sql"
        },
        {
            "query": "\n\nCREATE TABLE test_max_size_drop\nEngine = MergeTree()\nORDER BY number\nAS SELECT number\nFROM numbers(1000)\n;",
            "name": "02932_query_settings_max_size_drop.sql"
        },
        {
            "query": "\n\nALTER TABLE test_max_size_drop DROP PARTITION tuple() SETTINGS max_partition_size_to_drop = 1;",
            "name": "02932_query_settings_max_size_drop.sql"
        },
        {
            "query": " -- { serverError 359 }\nALTER TABLE test_max_size_drop DROP PARTITION tuple();",
            "name": "02932_query_settings_max_size_drop.sql"
        },
        {
            "query": "\nDROP TABLE test_max_size_drop;",
            "name": "02932_query_settings_max_size_drop.sql"
        },
        {
            "query": "\n\nCREATE TABLE test_max_size_drop\nEngine = MergeTree()\nORDER BY number\nAS SELECT number\nFROM numbers(1000)\n;",
            "name": "02932_query_settings_max_size_drop.sql"
        },
        {
            "query": "\n\nALTER TABLE test_max_size_drop DROP PART 'all_1_1_0' SETTINGS max_partition_size_to_drop = 1;",
            "name": "02932_query_settings_max_size_drop.sql"
        },
        {
            "query": " -- { serverError 359 }\nALTER TABLE test_max_size_drop DROP PART 'all_1_1_0';",
            "name": "02932_query_settings_max_size_drop.sql"
        },
        {
            "query": "\nDROP TABLE test_max_size_drop;",
            "name": "02932_query_settings_max_size_drop.sql"
        }
    ]
}