{
    "name": "00704_arrayCumSumLimited_arrayDifference.sql",
    "tests": [
        {
            "query": "DROP TABLE IF EXISTS test;",
            "name": "00704_arrayCumSumLimited_arrayDifference.sql"
        },
        {
            "query": "\n\nSELECT arrayCumSumNonNegative([1, 2, 3, 4]);",
            "name": "00704_arrayCumSumLimited_arrayDifference.sql"
        },
        {
            "query": "\n\nSELECT arrayCumSumNonNegative([1, -5, 5, -2]);",
            "name": "00704_arrayCumSumLimited_arrayDifference.sql"
        },
        {
            "query": "\n\nSELECT arrayDifference([1, 2, 3, 4]);",
            "name": "00704_arrayCumSumLimited_arrayDifference.sql"
        },
        {
            "query": "\n\nSELECT arrayDifference([1, 7, 100, 5]);",
            "name": "00704_arrayCumSumLimited_arrayDifference.sql"
        },
        {
            "query": "\n\nCREATE TABLE test(a Array(Int64), b Array(Float64), c Array(UInt64)) ENGINE=Memory;",
            "name": "00704_arrayCumSumLimited_arrayDifference.sql"
        },
        {
            "query": "\n\nINSERT INTO test VALUES ([1, -3, 0, 1], [1.0, 0.4, -0.1], [1, 3, 1]);",
            "name": "00704_arrayCumSumLimited_arrayDifference.sql"
        },
        {
            "query": "\n\nSELECT arrayCumSumNonNegative(a) FROM test;",
            "name": "00704_arrayCumSumLimited_arrayDifference.sql"
        },
        {
            "query": "\n\nSELECT arrayCumSumNonNegative(b) FROM test;",
            "name": "00704_arrayCumSumLimited_arrayDifference.sql"
        },
        {
            "query": "\n\nSELECT arrayCumSumNonNegative(c) FROM test;",
            "name": "00704_arrayCumSumLimited_arrayDifference.sql"
        },
        {
            "query": "\n\nSELECT arrayDifference(a) FROM test;",
            "name": "00704_arrayCumSumLimited_arrayDifference.sql"
        },
        {
            "query": "\n\nSELECT arrayDifference(b) FROM test;",
            "name": "00704_arrayCumSumLimited_arrayDifference.sql"
        },
        {
            "query": "\n\nSELECT arrayDifference(c) FROM test;",
            "name": "00704_arrayCumSumLimited_arrayDifference.sql"
        },
        {
            "query": "\n\nDROP TABLE IF EXISTS test;",
            "name": "00704_arrayCumSumLimited_arrayDifference.sql"
        }
    ]
}