{
    "name": "02918_parallel_replicas_custom_key_unavailable_replica.sql",
    "tests": [
        {
            "query": "DROP TABLE IF EXISTS 02918_parallel_replicas;",
            "name": "02918_parallel_replicas_custom_key_unavailable_replica.sql"
        },
        {
            "query": "\n\nCREATE TABLE 02918_parallel_replicas (x String, y Int32) ENGINE = MergeTree ORDER BY cityHash64(x);",
            "name": "02918_parallel_replicas_custom_key_unavailable_replica.sql"
        },
        {
            "query": "\n\nINSERT INTO 02918_parallel_replicas SELECT toString(number), number % 4 FROM numbers(1000);",
            "name": "02918_parallel_replicas_custom_key_unavailable_replica.sql"
        },
        {
            "query": "\n\nSET prefer_localhost_replica=0;",
            "name": "02918_parallel_replicas_custom_key_unavailable_replica.sql"
        },
        {
            "query": "\n\n-- { echoOn }\nSELECT y, count()\nFROM cluster(test_cluster_1_shard_3_replicas_1_unavailable, currentDatabase(), 02918_parallel_replicas)\nGROUP BY y\nORDER BY y\nSETTINGS max_parallel_replicas=3, parallel_replicas_custom_key='cityHash64(y)', parallel_replicas_custom_key_filter_type='default';",
            "name": "02918_parallel_replicas_custom_key_unavailable_replica.sql"
        },
        {
            "query": "\n\nSELECT y, count()\nFROM cluster(test_cluster_1_shard_3_replicas_1_unavailable, currentDatabase(), 02918_parallel_replicas)\nGROUP BY y\nORDER BY y\nSETTINGS max_parallel_replicas=3, parallel_replicas_custom_key='cityHash64(y)', parallel_replicas_custom_key_filter_type='range';",
            "name": "02918_parallel_replicas_custom_key_unavailable_replica.sql"
        },
        {
            "query": "\n\nSET use_hedged_requests=0;",
            "name": "02918_parallel_replicas_custom_key_unavailable_replica.sql"
        },
        {
            "query": "\nSELECT y, count()\nFROM cluster(test_cluster_1_shard_3_replicas_1_unavailable, currentDatabase(), 02918_parallel_replicas)\nGROUP BY y\nORDER BY y\nSETTINGS max_parallel_replicas=3, parallel_replicas_custom_key='cityHash64(y)', parallel_replicas_custom_key_filter_type='default';",
            "name": "02918_parallel_replicas_custom_key_unavailable_replica.sql"
        },
        {
            "query": "\n-- { echoOff }\n\nDROP TABLE 02918_parallel_replicas;",
            "name": "02918_parallel_replicas_custom_key_unavailable_replica.sql"
        }
    ]
}