{
    "name": "00260_like_and_curly_braces.sql",
    "tests": [
        {
            "query": "-- Tags: race\n\nSELECT 'a}a' AS x, x LIKE (concat('%', x, '%') AS pat), materialize(x) LIKE pat;",
            "name": "00260_like_and_curly_braces.sql"
        },
        {
            "query": "\nSELECT 'a}a' AS x, x LIKE (concat('%', x) AS pat), materialize(x) LIKE pat;",
            "name": "00260_like_and_curly_braces.sql"
        },
        {
            "query": "\nSELECT 'a}a' AS x, x LIKE (concat(x, '%') AS pat), materialize(x) LIKE pat;",
            "name": "00260_like_and_curly_braces.sql"
        },
        {
            "query": "\nSELECT 'a}a' AS x, x LIKE (x AS pat), materialize(x) LIKE pat;",
            "name": "00260_like_and_curly_braces.sql"
        },
        {
            "query": "\n\nSELECT 'a{a' AS x, x LIKE (concat('%', x, '%') AS pat), materialize(x) LIKE pat;",
            "name": "00260_like_and_curly_braces.sql"
        },
        {
            "query": "\nSELECT 'a{a' AS x, x LIKE (concat('%', x) AS pat), materialize(x) LIKE pat;",
            "name": "00260_like_and_curly_braces.sql"
        },
        {
            "query": "\nSELECT 'a{a' AS x, x LIKE (concat(x, '%') AS pat), materialize(x) LIKE pat;",
            "name": "00260_like_and_curly_braces.sql"
        },
        {
            "query": "\nSELECT 'a{a' AS x, x LIKE (x AS pat), materialize(x) LIKE pat;",
            "name": "00260_like_and_curly_braces.sql"
        },
        {
            "query": "\n\nSELECT '{a' AS x, x LIKE (concat('%', x, '%') AS pat), materialize(x) LIKE pat;",
            "name": "00260_like_and_curly_braces.sql"
        },
        {
            "query": "\nSELECT '{a' AS x, x LIKE (concat('%', x) AS pat), materialize(x) LIKE pat;",
            "name": "00260_like_and_curly_braces.sql"
        },
        {
            "query": "\nSELECT '{a' AS x, x LIKE (concat(x, '%') AS pat), materialize(x) LIKE pat;",
            "name": "00260_like_and_curly_braces.sql"
        },
        {
            "query": "\nSELECT '{a' AS x, x LIKE (x AS pat), materialize(x) LIKE pat;",
            "name": "00260_like_and_curly_braces.sql"
        },
        {
            "query": "\n\nSELECT 'a{' AS x, x LIKE (concat('%', x, '%') AS pat), materialize(x) LIKE pat;",
            "name": "00260_like_and_curly_braces.sql"
        },
        {
            "query": "\nSELECT 'a{' AS x, x LIKE (concat('%', x) AS pat), materialize(x) LIKE pat;",
            "name": "00260_like_and_curly_braces.sql"
        },
        {
            "query": "\nSELECT 'a{' AS x, x LIKE (concat(x, '%') AS pat), materialize(x) LIKE pat;",
            "name": "00260_like_and_curly_braces.sql"
        },
        {
            "query": "\nSELECT 'a{' AS x, x LIKE (x AS pat), materialize(x) LIKE pat;",
            "name": "00260_like_and_curly_braces.sql"
        },
        {
            "query": "\n\nSELECT 'a}' AS x, x LIKE (concat('%', x, '%') AS pat), materialize(x) LIKE pat;",
            "name": "00260_like_and_curly_braces.sql"
        },
        {
            "query": "\nSELECT 'a}' AS x, x LIKE (concat('%', x) AS pat), materialize(x) LIKE pat;",
            "name": "00260_like_and_curly_braces.sql"
        },
        {
            "query": "\nSELECT 'a}' AS x, x LIKE (concat(x, '%') AS pat), materialize(x) LIKE pat;",
            "name": "00260_like_and_curly_braces.sql"
        },
        {
            "query": "\nSELECT 'a}' AS x, x LIKE (x AS pat), materialize(x) LIKE pat;",
            "name": "00260_like_and_curly_braces.sql"
        },
        {
            "query": "\n\nSELECT '}a' AS x, x LIKE (concat('%', x, '%') AS pat), materialize(x) LIKE pat;",
            "name": "00260_like_and_curly_braces.sql"
        },
        {
            "query": "\nSELECT '}a' AS x, x LIKE (concat('%', x) AS pat), materialize(x) LIKE pat;",
            "name": "00260_like_and_curly_braces.sql"
        },
        {
            "query": "\nSELECT '}a' AS x, x LIKE (concat(x, '%') AS pat), materialize(x) LIKE pat;",
            "name": "00260_like_and_curly_braces.sql"
        },
        {
            "query": "\nSELECT '}a' AS x, x LIKE (x AS pat), materialize(x) LIKE pat;",
            "name": "00260_like_and_curly_braces.sql"
        },
        {
            "query": "\n\nSELECT '{a}' AS x, x LIKE (concat('%', x, '%') AS pat), materialize(x) LIKE pat;",
            "name": "00260_like_and_curly_braces.sql"
        },
        {
            "query": "\nSELECT '{a}' AS x, x LIKE (concat('%', x) AS pat), materialize(x) LIKE pat;",
            "name": "00260_like_and_curly_braces.sql"
        },
        {
            "query": "\nSELECT '{a}' AS x, x LIKE (concat(x, '%') AS pat), materialize(x) LIKE pat;",
            "name": "00260_like_and_curly_braces.sql"
        },
        {
            "query": "\nSELECT '{a}' AS x, x LIKE (x AS pat), materialize(x) LIKE pat;",
            "name": "00260_like_and_curly_braces.sql"
        }
    ]
}