{
    "name": "02422_read_numbers_as_strings.sql",
    "tests": [
        {
            "query": "-- Tags: no-fasttest\n\nset input_format_json_read_numbers_as_strings=1;",
            "name": "02422_read_numbers_as_strings.sql"
        },
        {
            "query": "\nselect * from format(JSONEachRow, '{\"x\" : 123}\\n{\"x\" : \"str\"}');",
            "name": "02422_read_numbers_as_strings.sql"
        },
        {
            "query": "\nselect * from format(JSONEachRow, '{\"x\" : [123, \"str\"]}');",
            "name": "02422_read_numbers_as_strings.sql"
        },
        {
            "query": "\nselect * from format(JSONEachRow, '{\"x\" : [123, \"456\"]}\\n{\"x\" : [\"str\", \"rts\"]}');",
            "name": "02422_read_numbers_as_strings.sql"
        }
    ]
}