{
    "name": "02950_dictionary_short_circuit.sql",
    "tests": [
        {
            "query": "-- Tags: no-parallel\n\nDROP TABLE IF EXISTS dictionary_source_table;",
            "name": "02950_dictionary_short_circuit.sql"
        },
        {
            "query": "\nCREATE TABLE dictionary_source_table\n(\n    id UInt64,\n    v1 String,\n    v2 Nullable(String),\n    v3 Nullable(UInt64)\n) ENGINE=TinyLog;",
            "name": "02950_dictionary_short_circuit.sql"
        },
        {
            "query": "\n\nINSERT INTO dictionary_source_table VALUES (0, 'zero', 'zero', 0), (1, 'one', NULL, 1);",
            "name": "02950_dictionary_short_circuit.sql"
        },
        {
            "query": "\n\nDROP DICTIONARY IF EXISTS flat_dictionary;",
            "name": "02950_dictionary_short_circuit.sql"
        },
        {
            "query": "\nCREATE DICTIONARY flat_dictionary\n(\n    id UInt64,\n    v1 String,\n    v2 Nullable(String) DEFAULT NULL,\n    v3 Nullable(UInt64)\n)\nPRIMARY KEY id\nSOURCE(CLICKHOUSE(TABLE 'dictionary_source_table'))\nLIFETIME(MIN 0 MAX 0)\nLAYOUT(FLAT());",
            "name": "02950_dictionary_short_circuit.sql"
        },
        {
            "query": "\n\nSELECT 'Flat dictionary';",
            "name": "02950_dictionary_short_circuit.sql"
        },
        {
            "query": "\nSELECT dictGetOrDefault('flat_dictionary', ('v1', 'v2'), 0, (intDiv(1, id), intDiv(1, id)))\nFROM dictionary_source_table;",
            "name": "02950_dictionary_short_circuit.sql"
        },
        {
            "query": "\nSELECT dictGetOrDefault('flat_dictionary', 'v2', id+1, intDiv(NULL, id))\nFROM dictionary_source_table;",
            "name": "02950_dictionary_short_circuit.sql"
        },
        {
            "query": "\nSELECT dictGetOrDefault('flat_dictionary', 'v3', id+1, intDiv(NULL, id))\nFROM dictionary_source_table;",
            "name": "02950_dictionary_short_circuit.sql"
        },
        {
            "query": "\nDROP DICTIONARY flat_dictionary;",
            "name": "02950_dictionary_short_circuit.sql"
        },
        {
            "query": "\n\n\nDROP DICTIONARY IF EXISTS hashed_dictionary;",
            "name": "02950_dictionary_short_circuit.sql"
        },
        {
            "query": "\nCREATE DICTIONARY hashed_dictionary\n(\n    id UInt64,\n    v1 String,\n    v2 Nullable(String) DEFAULT NULL,\n    v3 Nullable(UInt64)\n)\nPRIMARY KEY id\nSOURCE(CLICKHOUSE(TABLE 'dictionary_source_table'))\nLIFETIME(MIN 0 MAX 0)\nLAYOUT(HASHED());",
            "name": "02950_dictionary_short_circuit.sql"
        },
        {
            "query": "\n\nSELECT 'Hashed dictionary';",
            "name": "02950_dictionary_short_circuit.sql"
        },
        {
            "query": "\nSELECT dictGetOrDefault('hashed_dictionary', ('v1', 'v2'), 0, (intDiv(1, id), intDiv(1, id)))\nFROM dictionary_source_table;",
            "name": "02950_dictionary_short_circuit.sql"
        },
        {
            "query": "\nSELECT dictGetOrDefault('hashed_dictionary', 'v2', id+1, intDiv(NULL, id))\nFROM dictionary_source_table;",
            "name": "02950_dictionary_short_circuit.sql"
        },
        {
            "query": "\nSELECT dictGetOrDefault('hashed_dictionary', 'v3', id+1, intDiv(NULL, id))\nFROM dictionary_source_table;",
            "name": "02950_dictionary_short_circuit.sql"
        },
        {
            "query": "\nSELECT dictGetOrDefault('hashed_dictionary', 'v2', 1, intDiv(1, id))\nFROM dictionary_source_table;",
            "name": "02950_dictionary_short_circuit.sql"
        },
        {
            "query": "\nDROP DICTIONARY hashed_dictionary;",
            "name": "02950_dictionary_short_circuit.sql"
        },
        {
            "query": "\n\n\nDROP DICTIONARY IF EXISTS hashed_array_dictionary;",
            "name": "02950_dictionary_short_circuit.sql"
        },
        {
            "query": "\nCREATE DICTIONARY hashed_array_dictionary\n(\n    id UInt64,\n    v1 String,\n    v2 Nullable(String) DEFAULT NULL,\n    v3 Nullable(UInt64)\n)\nPRIMARY KEY id\nSOURCE(CLICKHOUSE(TABLE 'dictionary_source_table'))\nLIFETIME(MIN 0 MAX 0)\nLAYOUT(HASHED_ARRAY());",
            "name": "02950_dictionary_short_circuit.sql"
        },
        {
            "query": "\n\nSELECT 'Hashed array dictionary';",
            "name": "02950_dictionary_short_circuit.sql"
        },
        {
            "query": "\nSELECT dictGetOrDefault('hashed_array_dictionary', ('v1', 'v2'), 0, (intDiv(1, id), intDiv(1, id)))\nFROM dictionary_source_table;",
            "name": "02950_dictionary_short_circuit.sql"
        },
        {
            "query": "\nSELECT dictGetOrDefault('hashed_array_dictionary', 'v2', id+1, intDiv(NULL, id))\nFROM dictionary_source_table;",
            "name": "02950_dictionary_short_circuit.sql"
        },
        {
            "query": "\nSELECT dictGetOrDefault('hashed_array_dictionary', 'v3', id+1, intDiv(NULL, id))\nFROM dictionary_source_table;",
            "name": "02950_dictionary_short_circuit.sql"
        },
        {
            "query": "\nDROP DICTIONARY hashed_array_dictionary;",
            "name": "02950_dictionary_short_circuit.sql"
        },
        {
            "query": "\n\n\nDROP TABLE IF EXISTS range_dictionary_source_table;",
            "name": "02950_dictionary_short_circuit.sql"
        },
        {
            "query": "\nCREATE TABLE range_dictionary_source_table\n(\n    id UInt64,\n    start Date,\n    end Nullable(Date),\n    val Nullable(UInt64)\n) ENGINE=TinyLog;",
            "name": "02950_dictionary_short_circuit.sql"
        },
        {
            "query": "\n\nINSERT INTO range_dictionary_source_table VALUES (0, '2023-01-01', Null, Null), (1, '2022-11-09', '2022-12-08', 1);",
            "name": "02950_dictionary_short_circuit.sql"
        },
        {
            "query": "\n\nDROP DICTIONARY IF EXISTS range_hashed_dictionary;",
            "name": "02950_dictionary_short_circuit.sql"
        },
        {
            "query": "\nCREATE DICTIONARY range_hashed_dictionary\n(\n    id UInt64,\n    start Date,\n    end Nullable(Date),\n    val Nullable(UInt64)\n)\nPRIMARY KEY id\nSOURCE(CLICKHOUSE(TABLE 'range_dictionary_source_table'))\nLIFETIME(MIN 0 MAX 0)\nLAYOUT(RANGE_HASHED())\nRANGE(MIN start MAX end);",
            "name": "02950_dictionary_short_circuit.sql"
        },
        {
            "query": "\n\nSELECT 'Range hashed dictionary';",
            "name": "02950_dictionary_short_circuit.sql"
        },
        {
            "query": "\nSELECT dictGetOrDefault('range_hashed_dictionary', 'val', id, toDate('2023-01-02'), intDiv(NULL, id))\nFROM range_dictionary_source_table;",
            "name": "02950_dictionary_short_circuit.sql"
        },
        {
            "query": "\nDROP DICTIONARY range_hashed_dictionary;",
            "name": "02950_dictionary_short_circuit.sql"
        },
        {
            "query": "\nDROP TABLE range_dictionary_source_table;",
            "name": "02950_dictionary_short_circuit.sql"
        },
        {
            "query": "\n\n\nDROP DICTIONARY IF EXISTS cache_dictionary;",
            "name": "02950_dictionary_short_circuit.sql"
        },
        {
            "query": "\nCREATE DICTIONARY cache_dictionary\n(\n    id UInt64,\n    v1 String,\n    v2 Nullable(String) DEFAULT NULL,\n    v3 Nullable(UInt64)\n)\nPRIMARY KEY id\nSOURCE(CLICKHOUSE(TABLE 'dictionary_source_table'))\nLIFETIME(MIN 0 MAX 0)\nLAYOUT(CACHE(SIZE_IN_CELLS 10));",
            "name": "02950_dictionary_short_circuit.sql"
        },
        {
            "query": "\n\nSELECT 'Cache dictionary';",
            "name": "02950_dictionary_short_circuit.sql"
        },
        {
            "query": "\nSELECT dictGetOrDefault('cache_dictionary', ('v1', 'v2'), 0, (intDiv(1, id), intDiv(1, id)))\nFROM dictionary_source_table;",
            "name": "02950_dictionary_short_circuit.sql"
        },
        {
            "query": "\nSELECT dictGetOrDefault('cache_dictionary', 'v2', id+1, intDiv(NULL, id))\nFROM dictionary_source_table;",
            "name": "02950_dictionary_short_circuit.sql"
        },
        {
            "query": "\nSELECT dictGetOrDefault('cache_dictionary', 'v3', id+1, intDiv(NULL, id))\nFROM dictionary_source_table;",
            "name": "02950_dictionary_short_circuit.sql"
        },
        {
            "query": "\nDROP DICTIONARY cache_dictionary;",
            "name": "02950_dictionary_short_circuit.sql"
        },
        {
            "query": "\n\n\nDROP DICTIONARY IF EXISTS direct_dictionary;",
            "name": "02950_dictionary_short_circuit.sql"
        },
        {
            "query": "\nCREATE DICTIONARY direct_dictionary\n(\n    id UInt64,\n    v1 String,\n    v2 Nullable(String) DEFAULT NULL,\n    v3 Nullable(UInt64)\n)\nPRIMARY KEY id\nSOURCE(CLICKHOUSE(TABLE 'dictionary_source_table'))\nLAYOUT(DIRECT());",
            "name": "02950_dictionary_short_circuit.sql"
        },
        {
            "query": "\n\nSELECT 'Direct dictionary';",
            "name": "02950_dictionary_short_circuit.sql"
        },
        {
            "query": "\nSELECT dictGetOrDefault('direct_dictionary', ('v1', 'v2'), 0, (intDiv(1, id), intDiv(1, id)))\nFROM dictionary_source_table;",
            "name": "02950_dictionary_short_circuit.sql"
        },
        {
            "query": "\nSELECT dictGetOrDefault('direct_dictionary', 'v2', id+1, intDiv(NULL, id))\nFROM dictionary_source_table;",
            "name": "02950_dictionary_short_circuit.sql"
        },
        {
            "query": "\nSELECT dictGetOrDefault('direct_dictionary', 'v3', id+1, intDiv(NULL, id))\nFROM dictionary_source_table;",
            "name": "02950_dictionary_short_circuit.sql"
        },
        {
            "query": "\nDROP DICTIONARY direct_dictionary;",
            "name": "02950_dictionary_short_circuit.sql"
        },
        {
            "query": "\n\n\nDROP TABLE dictionary_source_table;",
            "name": "02950_dictionary_short_circuit.sql"
        },
        {
            "query": "\n\n\nDROP TABLE IF EXISTS ip_dictionary_source_table;",
            "name": "02950_dictionary_short_circuit.sql"
        },
        {
            "query": "\nCREATE TABLE ip_dictionary_source_table\n(\n    id UInt64,\n    prefix String,\n    asn UInt32,\n    cca2 String\n) ENGINE=TinyLog;",
            "name": "02950_dictionary_short_circuit.sql"
        },
        {
            "query": "\n\nINSERT INTO ip_dictionary_source_table VALUES (0, '202.79.32.0/20', 17501, 'NP'), (1, '2620:0:870::/48', 3856, 'US'), (2, '2a02:6b8:1::/48', 13238, 'RU');",
            "name": "02950_dictionary_short_circuit.sql"
        },
        {
            "query": "\n\nDROP DICTIONARY IF EXISTS ip_dictionary;",
            "name": "02950_dictionary_short_circuit.sql"
        },
        {
            "query": "\nCREATE DICTIONARY ip_dictionary\n(\n    id UInt64,\n    prefix String,\n    asn UInt32,\n    cca2 String\n)\nPRIMARY KEY prefix\nSOURCE(CLICKHOUSE(TABLE 'ip_dictionary_source_table'))\nLAYOUT(IP_TRIE)\nLIFETIME(3600);",
            "name": "02950_dictionary_short_circuit.sql"
        },
        {
            "query": "\n\nSELECT 'IP TRIE dictionary';",
            "name": "02950_dictionary_short_circuit.sql"
        },
        {
            "query": "\nSELECT dictGetOrDefault('ip_dictionary', 'cca2', toIPv4('202.79.32.10'), intDiv(0, id))\nFROM ip_dictionary_source_table;",
            "name": "02950_dictionary_short_circuit.sql"
        },
        {
            "query": "\nSELECT dictGetOrDefault('ip_dictionary', ('asn', 'cca2'), IPv6StringToNum('2a02:6b8:1::1'), \n(intDiv(1, id), intDiv(1, id))) FROM ip_dictionary_source_table;",
            "name": "02950_dictionary_short_circuit.sql"
        },
        {
            "query": "\nDROP DICTIONARY ip_dictionary;",
            "name": "02950_dictionary_short_circuit.sql"
        },
        {
            "query": "\n\n\nDROP TABLE IF EXISTS polygon_dictionary_source_table;",
            "name": "02950_dictionary_short_circuit.sql"
        },
        {
            "query": "\nCREATE TABLE polygon_dictionary_source_table \n(\n    key Array(Array(Array(Tuple(Float64, Float64)))), \n    name Nullable(String)\n) ENGINE=TinyLog;",
            "name": "02950_dictionary_short_circuit.sql"
        },
        {
            "query": "\n\nINSERT INTO polygon_dictionary_source_table VALUES([[[(3, 1), (0, 1), (0, -1), (3, -1)]]], 'East'), ([[[(-3, 1), (-3, -1), (0, -1), (0, 1)]]], 'West');",
            "name": "02950_dictionary_short_circuit.sql"
        },
        {
            "query": "\n\nDROP DICTIONARY IF EXISTS polygon_dictionary;",
            "name": "02950_dictionary_short_circuit.sql"
        },
        {
            "query": "\nCREATE DICTIONARY polygon_dictionary\n(\n    key Array(Array(Array(Tuple(Float64, Float64)))),\n    name Nullable(String)\n)\nPRIMARY KEY key\nSOURCE(CLICKHOUSE(TABLE 'polygon_dictionary_source_table'))\nLIFETIME(0)\nLAYOUT(POLYGON());",
            "name": "02950_dictionary_short_circuit.sql"
        },
        {
            "query": "\n\nDROP TABLE IF EXISTS points;",
            "name": "02950_dictionary_short_circuit.sql"
        },
        {
            "query": "\nCREATE TABLE points (x Float64, y Float64) ENGINE=TinyLog;",
            "name": "02950_dictionary_short_circuit.sql"
        },
        {
            "query": "\nINSERT INTO points VALUES (0.5, 0), (-0.5, 0), (10,10);",
            "name": "02950_dictionary_short_circuit.sql"
        },
        {
            "query": "\n\nSELECT 'POLYGON dictionary';",
            "name": "02950_dictionary_short_circuit.sql"
        },
        {
            "query": "\nSELECT tuple(x, y) as key, dictGetOrDefault('polygon_dictionary', 'name', key, intDiv(1, y))\nFROM points;",
            "name": "02950_dictionary_short_circuit.sql"
        },
        {
            "query": "\n\nDROP TABLE points;",
            "name": "02950_dictionary_short_circuit.sql"
        },
        {
            "query": "\nDROP DICTIONARY polygon_dictionary;",
            "name": "02950_dictionary_short_circuit.sql"
        },
        {
            "query": "\nDROP TABLE polygon_dictionary_source_table;",
            "name": "02950_dictionary_short_circuit.sql"
        },
        {
            "query": "\n\n\nDROP TABLE IF EXISTS regexp_dictionary_source_table;",
            "name": "02950_dictionary_short_circuit.sql"
        },
        {
            "query": "\nCREATE TABLE regexp_dictionary_source_table\n(\n    id UInt64,\n    parent_id UInt64,\n    regexp String,\n    keys   Array(String),\n    values Array(String),\n) ENGINE=TinyLog;",
            "name": "02950_dictionary_short_circuit.sql"
        },
        {
            "query": "\n\nINSERT INTO regexp_dictionary_source_table VALUES (1, 0, 'Linux/(\\d+[\\.\\d]*).+tlinux', ['name', 'version'], ['TencentOS', '\\1'])\nINSERT INTO regexp_dictionary_source_table VALUES (2, 0, '(\\d+)/tclwebkit(\\d+[\\.\\d]*)', ['name', 'version', 'comment'], ['Android', '$1', 'test $1 and $2'])\nINSERT INTO regexp_dictionary_source_table VALUES (3, 2, '33/tclwebkit', ['version'], ['13'])\nINSERT INTO regexp_dictionary_source_table VALUES (4, 2, '3[12]/tclwebkit', ['version'], ['12'])\nINSERT INTO regexp_dictionary_source_table VALUES (5, 2, '3[12]/tclwebkit', ['version'], ['11'])\nINSERT INTO regexp_dictionary_source_table VALUES (6, 2, '3[12]/tclwebkit', ['version'], ['10'])\n\nDROP DICTIONARY IF EXISTS regexp_dict;",
            "name": "02950_dictionary_short_circuit.sql"
        },
        {
            "query": "\ncreate dictionary regexp_dict\n(\n    regexp String,\n    name String,\n    version Nullable(UInt64),\n    comment String default 'nothing'\n)\nPRIMARY KEY(regexp)\nSOURCE(CLICKHOUSE(TABLE 'regexp_dictionary_source_table'))\nLIFETIME(0)\nLAYOUT(regexp_tree);",
            "name": "02950_dictionary_short_circuit.sql"
        },
        {
            "query": "\n\nSELECT 'Regular Expression Tree dictionary';",
            "name": "02950_dictionary_short_circuit.sql"
        },
        {
            "query": "\nSELECT dictGetOrDefault('regexp_dict', 'name', concat(toString(number), '/tclwebkit', toString(number)), \nintDiv(1,number)) FROM numbers(2);",
            "name": "02950_dictionary_short_circuit.sql"
        },
        {
            "query": "\nDROP DICTIONARY regexp_dict;",
            "name": "02950_dictionary_short_circuit.sql"
        },
        {
            "query": "\nDROP TABLE regexp_dictionary_source_table;",
            "name": "02950_dictionary_short_circuit.sql"
        }
    ]
}