{
    "name": "02017_columns_with_dot_2.sql",
    "tests": [
        {
            "query": "DROP TABLE IF EXISTS test_nested;",
            "name": "02017_columns_with_dot_2.sql"
        },
        {
            "query": "\n\nCREATE TABLE test_nested\n(\n    `id` String,\n    `with_dot.str` String,\n    `with_dot.array` Array(Int32)\n)\nENGINE = MergeTree()\nORDER BY id;",
            "name": "02017_columns_with_dot_2.sql"
        },
        {
            "query": "\n\nINSERT INTO test_nested VALUES('123', 'asd', [1,2]);",
            "name": "02017_columns_with_dot_2.sql"
        },
        {
            "query": "\nSELECT * FROM test_nested;",
            "name": "02017_columns_with_dot_2.sql"
        },
        {
            "query": "\n\nALTER TABLE test_nested ADD COLUMN `with_dot.bool` UInt8;",
            "name": "02017_columns_with_dot_2.sql"
        },
        {
            "query": "\nSELECT * FROM test_nested;",
            "name": "02017_columns_with_dot_2.sql"
        },
        {
            "query": "\n\nDROP TABLE test_nested;",
            "name": "02017_columns_with_dot_2.sql"
        }
    ]
}