{
    "name": "01714_alter_drop_version.sql",
    "tests": [
        {
            "query": "DROP TABLE IF EXISTS alter_drop_version;",
            "name": "01714_alter_drop_version.sql"
        },
        {
            "query": "\n\nCREATE TABLE alter_drop_version\n(\n    `key` UInt64,\n    `value` String,\n    `ver` Int8\n)\nENGINE = ReplacingMergeTree(ver)\nORDER BY key;",
            "name": "01714_alter_drop_version.sql"
        },
        {
            "query": "\n\nINSERT INTO alter_drop_version VALUES (1, '1', 1);",
            "name": "01714_alter_drop_version.sql"
        },
        {
            "query": "\n\nALTER TABLE alter_drop_version DROP COLUMN ver;",
            "name": "01714_alter_drop_version.sql"
        },
        {
            "query": " --{serverError 524}\nALTER TABLE alter_drop_version RENAME COLUMN ver TO rev;",
            "name": "01714_alter_drop_version.sql"
        },
        {
            "query": " --{serverError 524}\n\nDETACH TABLE alter_drop_version;",
            "name": "01714_alter_drop_version.sql"
        },
        {
            "query": "\n\nATTACH TABLE alter_drop_version;",
            "name": "01714_alter_drop_version.sql"
        },
        {
            "query": "\n\nSELECT * FROM alter_drop_version;",
            "name": "01714_alter_drop_version.sql"
        },
        {
            "query": "\n\nDROP TABLE IF EXISTS alter_drop_version;",
            "name": "01714_alter_drop_version.sql"
        }
    ]
}