{
    "name": "02527_storage_merge_prewhere_different_type.sql",
    "tests": [
        {
            "query": "DROP TABLE IF EXISTS foo;",
            "name": "02527_storage_merge_prewhere_different_type.sql"
        },
        {
            "query": "\nDROP TABLE IF EXISTS merge1;",
            "name": "02527_storage_merge_prewhere_different_type.sql"
        },
        {
            "query": "\nDROP TABLE IF EXISTS merge2;",
            "name": "02527_storage_merge_prewhere_different_type.sql"
        },
        {
            "query": "\n\nCREATE TABLE foo(Id Int32, Val Nullable(Int32)) Engine=MergeTree ORDER BY Id;",
            "name": "02527_storage_merge_prewhere_different_type.sql"
        },
        {
            "query": "\nINSERT INTO foo VALUES (1, 2), (3, 4);",
            "name": "02527_storage_merge_prewhere_different_type.sql"
        },
        {
            "query": "\n\nCREATE TABLE merge1(Id Int32, Val Int32) Engine=Merge(currentDatabase(), '^foo');",
            "name": "02527_storage_merge_prewhere_different_type.sql"
        },
        {
            "query": "\nSELECT Val FROM merge1 PREWHERE Val = 65536 OR Val = 2;",
            "name": "02527_storage_merge_prewhere_different_type.sql"
        },
        {
            "query": " -- { serverError ILLEGAL_PREWHERE }\n\nCREATE TABLE merge2(Id Int32, Val Nullable(Int32)) Engine=Merge(currentDatabase(), '^foo');",
            "name": "02527_storage_merge_prewhere_different_type.sql"
        },
        {
            "query": "\nSELECT Val FROM merge2 PREWHERE Val = 65536 OR Val = 2;",
            "name": "02527_storage_merge_prewhere_different_type.sql"
        },
        {
            "query": "\n\nDROP TABLE merge2;",
            "name": "02527_storage_merge_prewhere_different_type.sql"
        },
        {
            "query": "\nDROP TABLE merge1;",
            "name": "02527_storage_merge_prewhere_different_type.sql"
        },
        {
            "query": "\nDROP TABLE foo;",
            "name": "02527_storage_merge_prewhere_different_type.sql"
        }
    ]
}