{
    "name": "02293_grouping_function.sql",
    "tests": [
        {
            "query": "set optimize_group_by_function_keys=0;",
            "name": "02293_grouping_function.sql"
        },
        {
            "query": "\n\nSELECT\n    number,\n    grouping(number, number % 2, number % 3) AS gr\nFROM numbers(10)\nGROUP BY\n    GROUPING SETS (\n        (number),\n        (number % 2)\n    )\nORDER BY number, gr;",
            "name": "02293_grouping_function.sql"
        },
        {
            "query": " -- { serverError BAD_ARGUMENTS }\n\n-- { echoOn }\nSELECT\n    number,\n    grouping(number, number % 2) AS gr\nFROM numbers(10)\nGROUP BY\n    GROUPING SETS (\n        (number),\n        (number % 2)\n    )\nORDER BY number, gr\nSETTINGS force_grouping_standard_compatibility=0;",
            "name": "02293_grouping_function.sql"
        },
        {
            "query": "\n\nSELECT\n    number,\n    grouping(number % 2, number) AS gr\nFROM numbers(10)\nGROUP BY\n    GROUPING SETS (\n        (number),\n        (number % 2)\n    )\nORDER BY number, gr\nSETTINGS force_grouping_standard_compatibility=0;",
            "name": "02293_grouping_function.sql"
        },
        {
            "query": "\n\nSELECT\n    number,\n    grouping(number, number % 2) = 1 AS gr\nFROM numbers(10)\nGROUP BY\n    GROUPING SETS (\n        (number),\n        (number % 2)\n    )\nORDER BY number, gr\nSETTINGS force_grouping_standard_compatibility=0;",
            "name": "02293_grouping_function.sql"
        },
        {
            "query": "\n\nSELECT\n    number\nFROM numbers(10)\nGROUP BY\n    GROUPING SETS (\n        (number),\n        (number % 2)\n    )\nORDER BY number, grouping(number, number % 2) = 1\nSETTINGS force_grouping_standard_compatibility=0;",
            "name": "02293_grouping_function.sql"
        },
        {
            "query": "\n\nSELECT\n    number,\n    count(),\n    grouping(number, number % 2) AS gr\nFROM numbers(10)\nGROUP BY\n    GROUPING SETS (\n        (number),\n        (number, number % 2),\n        ()\n    )\nORDER BY (gr, number)\nSETTINGS force_grouping_standard_compatibility=0;",
            "name": "02293_grouping_function.sql"
        },
        {
            "query": "\n\nSELECT\n    number\nFROM numbers(10)\nGROUP BY\n    GROUPING SETS (\n        (number),\n        (number % 2)\n    )\nHAVING grouping(number, number % 2) = 2\nORDER BY number\nSETTINGS enable_optimize_predicate_expression = 0, force_grouping_standard_compatibility=0;",
            "name": "02293_grouping_function.sql"
        },
        {
            "query": "\n\nSELECT\n    number\nFROM numbers(10)\nGROUP BY\n    GROUPING SETS (\n        (number),\n        (number % 2)\n    )\nHAVING grouping(number, number % 2) = 1\nORDER BY number\nSETTINGS enable_optimize_predicate_expression = 0, force_grouping_standard_compatibility=0;",
            "name": "02293_grouping_function.sql"
        },
        {
            "query": "\n\nSELECT\n    number,\n    GROUPING(number, number % 2) = 1 as gr\nFROM remote('127.0.0.{2,3}', numbers(10))\nGROUP BY\n    GROUPING SETS (\n    (number),\n    (number % 2))\nORDER BY number, gr\nSETTINGS force_grouping_standard_compatibility=0;",
            "name": "02293_grouping_function.sql"
        }
    ]
}