{
    "name": "01144_multiword_data_types.sql",
    "tests": [
        {
            "query": "DROP TABLE IF EXISTS multiword_types;",
            "name": "01144_multiword_data_types.sql"
        },
        {
            "query": "\nDROP TABLE IF EXISTS unsigned_types;",
            "name": "01144_multiword_data_types.sql"
        },
        {
            "query": "\n\nCREATE TABLE multiword_types (\n    a DOUBLE,\n    b DOUBLE PRECISION,\n    c CHAR DEFAULT 'str',\n    d CHAR VARYING,\n    e CHAR LARGE OBJECT COMMENT 'comment',\n    f CHARACTER VARYING(123),\n    g ChArAcTeR   large    OBJECT,\n    h nchar varying (456) default toString(a) comment 'comment',\n    i NCHAR LARGE OBJECT,\n    j BINARY LARGE OBJECT,\n    k BINARY VARYING,\n    l NATIONAL CHAR,\n    m NATIONAL CHARACTER,\n    n NATIONAL CHARACTER LARGE OBJECT,\n    o NATIONAL CHARACTER VARYING,\n    p NATIONAL CHAR VARYING\n) ENGINE=Memory;",
            "name": "01144_multiword_data_types.sql"
        },
        {
            "query": "\n\nSHOW CREATE TABLE multiword_types;",
            "name": "01144_multiword_data_types.sql"
        },
        {
            "query": "\n\nINSERT INTO multiword_types(a) VALUES (1);",
            "name": "01144_multiword_data_types.sql"
        },
        {
            "query": "\nSELECT toTypeName((*,)) FROM multiword_types;",
            "name": "01144_multiword_data_types.sql"
        },
        {
            "query": "\n\nCREATE TABLE unsigned_types (\n    a TINYINT  SIGNED,\n    b INT1     SIGNED,\n    c SMALLINT SIGNED,\n    d INT      SIGNED,\n    e INTEGER  SIGNED,\n    f BIGINT   SIGNED,\n    g TINYINT  UNSIGNED,\n    h INT1     UNSIGNED,\n    i SMALLINT UNSIGNED,\n    j INT      UNSIGNED,\n    k INTEGER  UNSIGNED,\n    l BIGINT   UNSIGNED\n) ENGINE=Memory;",
            "name": "01144_multiword_data_types.sql"
        },
        {
            "query": "\n\nSHOW CREATE TABLE unsigned_types;",
            "name": "01144_multiword_data_types.sql"
        },
        {
            "query": "\n\nINSERT INTO unsigned_types(a) VALUES (1);",
            "name": "01144_multiword_data_types.sql"
        },
        {
            "query": "\nSELECT toTypeName((*,)) FROM unsigned_types;",
            "name": "01144_multiword_data_types.sql"
        },
        {
            "query": "\n\nSELECT CAST('42' AS DOUBLE PRECISION), CAST(42, 'NATIONAL CHARACTER VARYING'), CAST(-1 AS tinyint  UnSiGnEd), CAST(65535, ' sMaLlInT  signed ');",
            "name": "01144_multiword_data_types.sql"
        },
        {
            "query": "\n\nDROP TABLE multiword_types;",
            "name": "01144_multiword_data_types.sql"
        },
        {
            "query": "\nDROP TABLE unsigned_types;",
            "name": "01144_multiword_data_types.sql"
        }
    ]
}