{
    "name": "00847_multiple_join_same_column.sql",
    "tests": [
        {
            "query": "drop table if exists t;",
            "name": "00847_multiple_join_same_column.sql"
        },
        {
            "query": "\ndrop table if exists s;",
            "name": "00847_multiple_join_same_column.sql"
        },
        {
            "query": "\ndrop table if exists y;",
            "name": "00847_multiple_join_same_column.sql"
        },
        {
            "query": "\n\ncreate table t(a Int64, b Int64) engine = TinyLog;",
            "name": "00847_multiple_join_same_column.sql"
        },
        {
            "query": "\ncreate table s(a Int64, b Int64) engine = TinyLog;",
            "name": "00847_multiple_join_same_column.sql"
        },
        {
            "query": "\ncreate table y(a Int64, b Int64) engine = TinyLog;",
            "name": "00847_multiple_join_same_column.sql"
        },
        {
            "query": "\n\ninsert into t values (1,1), (2,2);",
            "name": "00847_multiple_join_same_column.sql"
        },
        {
            "query": "\ninsert into s values (1,1);",
            "name": "00847_multiple_join_same_column.sql"
        },
        {
            "query": "\ninsert into y values (1,1);",
            "name": "00847_multiple_join_same_column.sql"
        },
        {
            "query": "\n\nselect t.a, s.b, s.a, s.b, y.a, y.b from t\nleft join s on (t.a = s.a and t.b = s.b)\nleft join y on (y.a = s.a and y.b = s.b)\norder by t.a\nformat Vertical;",
            "name": "00847_multiple_join_same_column.sql"
        },
        {
            "query": "\n\nselect t.a, s.b, s.a, s.b, y.a, y.b from t\nleft join s on (t.a = s.a and s.b = t.b)\nleft join y on (y.a = s.a and y.b = s.b)\norder by t.a\nformat PrettyCompactNoEscapes;",
            "name": "00847_multiple_join_same_column.sql"
        },
        {
            "query": "\n\nselect t.a as t_a from t\nleft join s on s.a = t_a\norder by t.a\nformat PrettyCompactNoEscapes;",
            "name": "00847_multiple_join_same_column.sql"
        },
        {
            "query": "\n\nselect t.a, s.a as s_a from t\nleft join s on s.a = t.a\nleft join y on y.b = s.b\norder by t.a\nformat PrettyCompactNoEscapes;",
            "name": "00847_multiple_join_same_column.sql"
        },
        {
            "query": "\n\nselect t.a, t.a, t.b as t_b from t\nleft join s on t.a = s.a\nleft join y on y.b = s.b\norder by t.a\nformat PrettyCompactNoEscapes;",
            "name": "00847_multiple_join_same_column.sql"
        },
        {
            "query": "\n\nselect s.a, s.a, s.b as s_b, s.b from t\nleft join s on s.a = t.a\nleft join y on s.b = y.b\norder by t.a\nformat PrettyCompactNoEscapes;",
            "name": "00847_multiple_join_same_column.sql"
        },
        {
            "query": "\n\nselect y.a, y.a, y.b as y_b, y.b from t\nleft join s on s.a = t.a\nleft join y on y.b = s.b\norder by t.a\nformat PrettyCompactNoEscapes;",
            "name": "00847_multiple_join_same_column.sql"
        },
        {
            "query": "\n\nselect t.a, t.a as t_a, s.a, s.a as s_a, y.a, y.a as y_a from t\nleft join s on t.a = s.a\nleft join y on y.b = s.b\norder by t.a\nformat PrettyCompactNoEscapes;",
            "name": "00847_multiple_join_same_column.sql"
        },
        {
            "query": "\n\ndrop table t;",
            "name": "00847_multiple_join_same_column.sql"
        },
        {
            "query": "\ndrop table s;",
            "name": "00847_multiple_join_same_column.sql"
        },
        {
            "query": "\ndrop table y;",
            "name": "00847_multiple_join_same_column.sql"
        }
    ]
}