{
    "name": "02482_value_block_assert.sql",
    "tests": [
        {
            "query": "SET allow_suspicious_low_cardinality_types=1;",
            "name": "02482_value_block_assert.sql"
        },
        {
            "query": "\nCREATE TABLE range_key_dictionary_source_table__fuzz_323\n(\n    `key` UInt256,\n    `start_date` Int8,\n    `end_date` LowCardinality(UInt256),\n    `value` Tuple(UInt8, Array(DateTime), Decimal(9, 1), Array(Int16), Array(UInt8)),\n    `value_nullable` UUID\n)\nENGINE = TinyLog;",
            "name": "02482_value_block_assert.sql"
        },
        {
            "query": "\nINSERT INTO range_key_dictionary_source_table__fuzz_323 FORMAT Values\n(1, toDate('2019-05-20'), toDate('2019-05-20'), 'First', 'First');",
            "name": "02482_value_block_assert.sql"
        },
        {
            "query": " -- { clientError CANNOT_PARSE_INPUT_ASSERTION_FAILED }\n\n\nCREATE TABLE complex_key_dictionary_source_table__fuzz_267\n(\n    `id` Decimal(38, 30),\n    `id_key` Array(UUID),\n    `value` Array(Nullable(DateTime64(3))),\n    `value_nullable` Nullable(UUID)\n)\nENGINE = TinyLog;",
            "name": "02482_value_block_assert.sql"
        },
        {
            "query": "\nINSERT INTO complex_key_dictionary_source_table__fuzz_267 FORMAT Values\n(1, 'key', 'First', 'First');",
            "name": "02482_value_block_assert.sql"
        },
        {
            "query": " -- { clientError CANNOT_READ_ARRAY_FROM_TEXT }\n;",
            "name": "02482_value_block_assert.sql"
        }
    ]
}