{
    "name": "02475_or_function_alias_and_const_where.sql",
    "tests": [
        {
            "query": "SELECT (number = 1) AND (number = 2) AS value, sum(value) OVER () FROM numbers(1) WHERE 1;",
            "name": "02475_or_function_alias_and_const_where.sql"
        },
        {
            "query": "\nSELECT (number = 1) AND (number = 2) AS value, sum(value) OVER () FROM numbers(1) WHERE 1 SETTINGS allow_experimental_analyzer=1;",
            "name": "02475_or_function_alias_and_const_where.sql"
        }
    ]
}