{
    "name": "01131_max_rows_to_sort.sql",
    "tests": [
        {
            "query": "SET max_rows_to_sort = 100;",
            "name": "01131_max_rows_to_sort.sql"
        },
        {
            "query": "\nSELECT * FROM system.numbers ORDER BY number;",
            "name": "01131_max_rows_to_sort.sql"
        },
        {
            "query": " -- { serverError 396 }\n\nSET sort_overflow_mode = 'break';",
            "name": "01131_max_rows_to_sort.sql"
        },
        {
            "query": "\nSET max_block_size = 1000;",
            "name": "01131_max_rows_to_sort.sql"
        },
        {
            "query": "\n\nset query_plan_remove_redundant_sorting=0;",
            "name": "01131_max_rows_to_sort.sql"
        },
        {
            "query": " -- to keep sorting in the query below\nSELECT count() >= 100 AND count() <= 1000 FROM (SELECT * FROM system.numbers ORDER BY number);",
            "name": "01131_max_rows_to_sort.sql"
        }
    ]
}