{
    "name": "01134_max_rows_to_group_by.sql",
    "tests": [
        {
            "query": "SET max_block_size = 1;",
            "name": "01134_max_rows_to_group_by.sql"
        },
        {
            "query": "\nSET max_rows_to_group_by = 10;",
            "name": "01134_max_rows_to_group_by.sql"
        },
        {
            "query": "\nSET group_by_overflow_mode = 'throw';",
            "name": "01134_max_rows_to_group_by.sql"
        },
        {
            "query": "\n\n-- Settings 'max_rows_to_group_by' and 'max_bytes_before_external_group_by' are mutually exclusive.\nSET max_bytes_before_external_group_by = 0;",
            "name": "01134_max_rows_to_group_by.sql"
        },
        {
            "query": "\n\nSELECT 'test1', number FROM system.numbers GROUP BY number;",
            "name": "01134_max_rows_to_group_by.sql"
        },
        {
            "query": " -- { serverError 158 }\n\nSET group_by_overflow_mode = 'break';",
            "name": "01134_max_rows_to_group_by.sql"
        },
        {
            "query": "\nSELECT 'test2', number FROM system.numbers GROUP BY number ORDER BY number;",
            "name": "01134_max_rows_to_group_by.sql"
        },
        {
            "query": "\n\nSET max_rows_to_read = 500;",
            "name": "01134_max_rows_to_group_by.sql"
        },
        {
            "query": "\nSELECT 'test3', number FROM system.numbers GROUP BY number ORDER BY number;",
            "name": "01134_max_rows_to_group_by.sql"
        },
        {
            "query": "\n\nSET group_by_overflow_mode = 'any';",
            "name": "01134_max_rows_to_group_by.sql"
        },
        {
            "query": "\nSELECT 'test4', number FROM numbers(1000) GROUP BY number ORDER BY number;",
            "name": "01134_max_rows_to_group_by.sql"
        },
        {
            "query": " -- { serverError 158 }\n\nSET max_rows_to_read = 1000;",
            "name": "01134_max_rows_to_group_by.sql"
        },
        {
            "query": "\nSELECT 'test5', number FROM numbers(1000) GROUP BY number ORDER BY number;",
            "name": "01134_max_rows_to_group_by.sql"
        }
    ]
}