{
    "name": "00800_low_cardinality_array_group_by_arg.sql",
    "tests": [
        {
            "query": "DROP TABLE IF EXISTS table1;",
            "name": "00800_low_cardinality_array_group_by_arg.sql"
        },
        {
            "query": "\nDROP TABLE IF EXISTS table2;",
            "name": "00800_low_cardinality_array_group_by_arg.sql"
        },
        {
            "query": "\n\nCREATE TABLE table1\n(\ndt Date,\nid Int32,\narr Array(LowCardinality(String))\n) ENGINE = MergeTree PARTITION BY toMonday(dt)\nORDER BY (dt, id) SETTINGS index_granularity = 8192;",
            "name": "00800_low_cardinality_array_group_by_arg.sql"
        },
        {
            "query": "\n\nCREATE TABLE table2\n(\ndt Date,\nid Int32,\narr Array(LowCardinality(String))\n) ENGINE = MergeTree PARTITION BY toMonday(dt)\nORDER BY (dt, id) SETTINGS index_granularity = 8192;",
            "name": "00800_low_cardinality_array_group_by_arg.sql"
        },
        {
            "query": "\n\ninsert into table1 (dt, id, arr) values ('2019-01-14', 1, ['aaa']);",
            "name": "00800_low_cardinality_array_group_by_arg.sql"
        },
        {
            "query": "\ninsert into table2 (dt, id, arr) values ('2019-01-14', 1, ['aaa','bbb','ccc']);",
            "name": "00800_low_cardinality_array_group_by_arg.sql"
        },
        {
            "query": "\n\nselect dt, id, arraySort(groupArrayArray(arr))\nfrom (\n    select dt, id, arr from table1\n    where dt = '2019-01-14' and id = 1\n    UNION ALL\n    select dt, id, arr from table2\n    where dt = '2019-01-14' and id = 1\n)\ngroup by dt, id;",
            "name": "00800_low_cardinality_array_group_by_arg.sql"
        },
        {
            "query": "\n\nDROP TABLE table1;",
            "name": "00800_low_cardinality_array_group_by_arg.sql"
        },
        {
            "query": "\nDROP TABLE table2;",
            "name": "00800_low_cardinality_array_group_by_arg.sql"
        }
    ]
}