{
    "name": "00676_group_by_in.sql",
    "tests": [
        {
            "query": "SELECT dummy IN (0) AS x, count() GROUP BY x;",
            "name": "00676_group_by_in.sql"
        },
        {
            "query": "\n\nSELECT 1 IN (0) AS x, count() GROUP BY x;",
            "name": "00676_group_by_in.sql"
        },
        {
            "query": "\nSELECT 0 IN (0) AS x, count() GROUP BY x;",
            "name": "00676_group_by_in.sql"
        },
        {
            "query": "\nSELECT materialize(1) IN (0) AS x, count() GROUP BY x;",
            "name": "00676_group_by_in.sql"
        },
        {
            "query": "\nSELECT materialize(0) IN (0) AS x, count() GROUP BY x;",
            "name": "00676_group_by_in.sql"
        },
        {
            "query": "\n\nSELECT\n    number IN (1, 2) AS x,\n    count()\nFROM numbers(10)\nGROUP BY x\nORDER BY x;",
            "name": "00676_group_by_in.sql"
        }
    ]
}