{
    "name": "01240_join_get_or_null.sql",
    "tests": [
        {
            "query": "DROP TABLE IF EXISTS join_test;",
            "name": "01240_join_get_or_null.sql"
        },
        {
            "query": "\n\nCREATE TABLE join_test (id UInt16, num UInt16) engine = Join(ANY, LEFT, id);",
            "name": "01240_join_get_or_null.sql"
        },
        {
            "query": "\nSELECT joinGetOrNull('join_test', 'num', 500);",
            "name": "01240_join_get_or_null.sql"
        },
        {
            "query": "\nDROP TABLE join_test;",
            "name": "01240_join_get_or_null.sql"
        },
        {
            "query": "\n\nCREATE TABLE join_test (id UInt16, num Nullable(UInt16)) engine = Join(ANY, LEFT, id);",
            "name": "01240_join_get_or_null.sql"
        },
        {
            "query": "\nSELECT joinGetOrNull('join_test', 'num', 500);",
            "name": "01240_join_get_or_null.sql"
        },
        {
            "query": "\nDROP TABLE join_test;",
            "name": "01240_join_get_or_null.sql"
        },
        {
            "query": "\n\nCREATE TABLE join_test (id UInt16, num Array(UInt16)) engine = Join(ANY, LEFT, id);",
            "name": "01240_join_get_or_null.sql"
        },
        {
            "query": "\nSELECT joinGetOrNull('join_test', 'num', 500);",
            "name": "01240_join_get_or_null.sql"
        },
        {
            "query": "\nDROP TABLE join_test;",
            "name": "01240_join_get_or_null.sql"
        },
        {
            "query": "\n\ndrop table if exists test;",
            "name": "01240_join_get_or_null.sql"
        },
        {
            "query": "\ncreate table test (x Date, y String) engine Join(ANY, LEFT, x);",
            "name": "01240_join_get_or_null.sql"
        },
        {
            "query": "\ninsert into test values ('2017-04-01', '1396-01-12') ,('2017-04-02', '1396-01-13');",
            "name": "01240_join_get_or_null.sql"
        },
        {
            "query": "\n\nWITH\n    A as (SELECT rowNumberInAllBlocks() R, addDays(toDate('2017-04-01'), R) TVV from numbers(5)),\n    B as (SELECT rowNumberInAllBlocks() R, toDateTime(NULL) TVV from numbers(1))\nSELECT\n    joinGetOrNull('test', 'y', toDate(A.TVV) ) TV1\nfrom A LEFT JOIN B USING (R) order by TV1;",
            "name": "01240_join_get_or_null.sql"
        }
    ]
}