{
    "name": "02696_ignore_inacc_tables_mat_view_atttach.sql",
    "tests": [
        {
            "query": "SET send_logs_level = 'fatal';",
            "name": "02696_ignore_inacc_tables_mat_view_atttach.sql"
        },
        {
            "query": "\n\nCREATE TABLE test_table (n Int32, s String) ENGINE MergeTree PARTITION BY n ORDER BY n;",
            "name": "02696_ignore_inacc_tables_mat_view_atttach.sql"
        },
        {
            "query": "\n\nCREATE TABLE mview_backend (n Int32, n2 Int64) ENGINE MergeTree PARTITION BY n ORDER BY n;",
            "name": "02696_ignore_inacc_tables_mat_view_atttach.sql"
        },
        {
            "query": "\n\nCREATE MATERIALIZED VIEW mview TO mview_backend AS SELECT n, n * n AS \"n2\" FROM test_table;",
            "name": "02696_ignore_inacc_tables_mat_view_atttach.sql"
        },
        {
            "query": "\n\nDROP TABLE test_table;",
            "name": "02696_ignore_inacc_tables_mat_view_atttach.sql"
        },
        {
            "query": "\n\nDETACH TABLE mview;",
            "name": "02696_ignore_inacc_tables_mat_view_atttach.sql"
        },
        {
            "query": "\n\n/* Check that we don't get an exception with the option. */\nATTACH TABLE mview;",
            "name": "02696_ignore_inacc_tables_mat_view_atttach.sql"
        },
        {
            "query": "\n\n/* Check if the data in the materialized view is updated after the restore.*/\nCREATE TABLE test_table (n Int32, s String) ENGINE MergeTree PARTITION BY n ORDER BY n;",
            "name": "02696_ignore_inacc_tables_mat_view_atttach.sql"
        },
        {
            "query": "\n\nINSERT INTO test_table VALUES (3,'some_val');",
            "name": "02696_ignore_inacc_tables_mat_view_atttach.sql"
        },
        {
            "query": "\n\nSELECT n,s  FROM test_table ORDER BY n;",
            "name": "02696_ignore_inacc_tables_mat_view_atttach.sql"
        },
        {
            "query": "\nSELECT n,n2 FROM mview ORDER by n;",
            "name": "02696_ignore_inacc_tables_mat_view_atttach.sql"
        }
    ]
}