{
    "name": "02552_siphash128_reference.sql",
    "tests": [
        {
            "query": "-- Test Vectors from the SipHash reference C implementation:\n-- Written by\n-- Jean-Philippe Aumasson <jeanphilippe.aumasson@gmail.com>\n-- Daniel J. Bernstein <djb@cr.yp.to>\n-- Released under CC0\n-- https://github.com/veorq/SipHash/blob/eee7d0d84dc7731df2359b243aa5e75d85f6eaef/vectors.h#L645\n\nselect hex(sipHash128ReferenceKeyed((toUInt64(506097522914230528), toUInt64(1084818905618843912)),\n                           ''));",
            "name": "02552_siphash128_reference.sql"
        },
        {
            "query": "\nselect hex(sipHash128ReferenceKeyed((toUInt64(506097522914230528), toUInt64(1084818905618843912)),\n                           char(0)));",
            "name": "02552_siphash128_reference.sql"
        },
        {
            "query": "\nselect hex(sipHash128ReferenceKeyed((toUInt64(506097522914230528), toUInt64(1084818905618843912)),\n                           char(0, 1)));",
            "name": "02552_siphash128_reference.sql"
        },
        {
            "query": "\nselect hex(sipHash128ReferenceKeyed((toUInt64(506097522914230528), toUInt64(1084818905618843912)),\n                           char(0, 1, 2)));",
            "name": "02552_siphash128_reference.sql"
        },
        {
            "query": "\nselect hex(sipHash128ReferenceKeyed((toUInt64(506097522914230528), toUInt64(1084818905618843912)),\n                           char(0, 1, 2, 3)));",
            "name": "02552_siphash128_reference.sql"
        },
        {
            "query": "\nselect hex(sipHash128ReferenceKeyed((toUInt64(506097522914230528), toUInt64(1084818905618843912)),\n                           char(0, 1, 2, 3, 4)));",
            "name": "02552_siphash128_reference.sql"
        },
        {
            "query": "\nselect hex(sipHash128ReferenceKeyed((toUInt64(506097522914230528), toUInt64(1084818905618843912)),\n                           char(0, 1, 2, 3, 4, 5)));",
            "name": "02552_siphash128_reference.sql"
        },
        {
            "query": "\nselect hex(sipHash128ReferenceKeyed((toUInt64(506097522914230528), toUInt64(1084818905618843912)),\n                           char(0, 1, 2, 3, 4, 5, 6)));",
            "name": "02552_siphash128_reference.sql"
        },
        {
            "query": "\nselect hex(sipHash128ReferenceKeyed((toUInt64(506097522914230528), toUInt64(1084818905618843912)),\n                           char(0, 1, 2, 3, 4, 5, 6, 7)));",
            "name": "02552_siphash128_reference.sql"
        },
        {
            "query": "\nselect hex(sipHash128ReferenceKeyed((toUInt64(506097522914230528), toUInt64(1084818905618843912)),\n                           char(0, 1, 2, 3, 4, 5, 6, 7, 8)));",
            "name": "02552_siphash128_reference.sql"
        },
        {
            "query": "\nselect hex(sipHash128ReferenceKeyed((toUInt64(506097522914230528), toUInt64(1084818905618843912)),\n                           char(0, 1, 2, 3, 4, 5, 6, 7, 8, 9)));",
            "name": "02552_siphash128_reference.sql"
        },
        {
            "query": "\nselect hex(sipHash128ReferenceKeyed((toUInt64(506097522914230528), toUInt64(1084818905618843912)),\n                           char(0, 1, 2, 3, 4, 5, 6, 7, 8, 9, 10)));",
            "name": "02552_siphash128_reference.sql"
        },
        {
            "query": "\nselect hex(sipHash128ReferenceKeyed((toUInt64(506097522914230528), toUInt64(1084818905618843912)),\n                           char(0, 1, 2, 3, 4, 5, 6, 7, 8, 9, 10, 11)));",
            "name": "02552_siphash128_reference.sql"
        },
        {
            "query": "\nselect hex(sipHash128ReferenceKeyed((toUInt64(506097522914230528), toUInt64(1084818905618843912)),\n                           char(0, 1, 2, 3, 4, 5, 6, 7, 8, 9, 10, 11, 12)));",
            "name": "02552_siphash128_reference.sql"
        },
        {
            "query": "\nselect hex(sipHash128ReferenceKeyed((toUInt64(506097522914230528), toUInt64(1084818905618843912)),\n                           char(0, 1, 2, 3, 4, 5, 6, 7, 8, 9, 10, 11, 12, 13)));",
            "name": "02552_siphash128_reference.sql"
        },
        {
            "query": "\nselect hex(sipHash128ReferenceKeyed((toUInt64(506097522914230528), toUInt64(1084818905618843912)),\n                           char(0, 1, 2, 3, 4, 5, 6, 7, 8, 9, 10, 11, 12, 13, 14)));",
            "name": "02552_siphash128_reference.sql"
        },
        {
            "query": "\nselect hex(sipHash128ReferenceKeyed((toUInt64(506097522914230528), toUInt64(1084818905618843912)),\n                           char(0, 1, 2, 3, 4, 5, 6, 7, 8, 9, 10, 11, 12, 13, 14, 15)));",
            "name": "02552_siphash128_reference.sql"
        },
        {
            "query": "\nselect hex(sipHash128ReferenceKeyed((toUInt64(506097522914230528), toUInt64(1084818905618843912)),\n                           char(0, 1, 2, 3, 4, 5, 6, 7, 8, 9, 10, 11, 12, 13, 14, 15, 16)));",
            "name": "02552_siphash128_reference.sql"
        },
        {
            "query": "\nselect hex(sipHash128ReferenceKeyed((toUInt64(506097522914230528), toUInt64(1084818905618843912)),\n                           char(0, 1, 2, 3, 4, 5, 6, 7, 8, 9, 10, 11, 12, 13, 14, 15, 16, 17)));",
            "name": "02552_siphash128_reference.sql"
        },
        {
            "query": "\nselect hex(sipHash128ReferenceKeyed((toUInt64(506097522914230528), toUInt64(1084818905618843912)),\n                           char(0, 1, 2, 3, 4, 5, 6, 7, 8, 9, 10, 11, 12, 13, 14, 15, 16, 17, 18)));",
            "name": "02552_siphash128_reference.sql"
        },
        {
            "query": "\nselect hex(sipHash128ReferenceKeyed((toUInt64(506097522914230528), toUInt64(1084818905618843912)),\n                           char(0, 1, 2, 3, 4, 5, 6, 7, 8, 9, 10, 11, 12, 13, 14, 15, 16, 17, 18, 19)));",
            "name": "02552_siphash128_reference.sql"
        },
        {
            "query": "\nselect hex(sipHash128ReferenceKeyed((toUInt64(506097522914230528), toUInt64(1084818905618843912)),\n                           char(0, 1, 2, 3, 4, 5, 6, 7, 8, 9, 10, 11, 12, 13, 14, 15, 16, 17, 18, 19, 20)));",
            "name": "02552_siphash128_reference.sql"
        },
        {
            "query": "\nselect hex(sipHash128ReferenceKeyed((toUInt64(506097522914230528), toUInt64(1084818905618843912)),\n                           char(0, 1, 2, 3, 4, 5, 6, 7, 8, 9, 10, 11, 12, 13, 14, 15, 16, 17, 18, 19, 20, 21)));",
            "name": "02552_siphash128_reference.sql"
        },
        {
            "query": "\nselect hex(sipHash128ReferenceKeyed((toUInt64(506097522914230528), toUInt64(1084818905618843912)),\n                           char(0, 1, 2, 3, 4, 5, 6, 7, 8, 9, 10, 11, 12, 13, 14, 15, 16, 17, 18, 19, 20, 21, 22)));",
            "name": "02552_siphash128_reference.sql"
        },
        {
            "query": "\nselect hex(sipHash128ReferenceKeyed((toUInt64(506097522914230528), toUInt64(1084818905618843912)),\n                           char(0, 1, 2, 3, 4, 5, 6, 7, 8, 9, 10, 11, 12, 13, 14, 15, 16, 17, 18, 19, 20, 21, 22, 23)));",
            "name": "02552_siphash128_reference.sql"
        },
        {
            "query": "\nselect hex(sipHash128ReferenceKeyed((toUInt64(506097522914230528), toUInt64(1084818905618843912)),\n                           char(0, 1, 2, 3, 4, 5, 6, 7, 8, 9, 10, 11, 12, 13, 14, 15, 16, 17, 18, 19, 20, 21, 22, 23, 24)));",
            "name": "02552_siphash128_reference.sql"
        },
        {
            "query": "\nselect hex(sipHash128ReferenceKeyed((toUInt64(506097522914230528), toUInt64(1084818905618843912)),\n                           char(0, 1, 2, 3, 4, 5, 6, 7, 8, 9, 10, 11, 12, 13, 14, 15, 16, 17, 18, 19, 20, 21, 22, 23, 24, 25)));",
            "name": "02552_siphash128_reference.sql"
        },
        {
            "query": "\nselect hex(sipHash128ReferenceKeyed((toUInt64(506097522914230528), toUInt64(1084818905618843912)),\n                           char(0, 1, 2, 3, 4, 5, 6, 7, 8, 9, 10, 11, 12, 13, 14, 15, 16, 17, 18, 19, 20, 21, 22, 23, 24, 25, 26)));",
            "name": "02552_siphash128_reference.sql"
        },
        {
            "query": "\nselect hex(sipHash128ReferenceKeyed((toUInt64(506097522914230528), toUInt64(1084818905618843912)),\n                           char(0, 1, 2, 3, 4, 5, 6, 7, 8, 9, 10, 11, 12, 13, 14, 15, 16, 17, 18, 19, 20, 21, 22, 23, 24, 25, 26, 27)));",
            "name": "02552_siphash128_reference.sql"
        },
        {
            "query": "\nselect hex(sipHash128ReferenceKeyed((toUInt64(506097522914230528), toUInt64(1084818905618843912)),\n                           char(0, 1, 2, 3, 4, 5, 6, 7, 8, 9, 10, 11, 12, 13, 14, 15, 16, 17, 18, 19, 20, 21, 22, 23, 24, 25, 26, 27, 28)));",
            "name": "02552_siphash128_reference.sql"
        },
        {
            "query": "\nselect hex(sipHash128ReferenceKeyed((toUInt64(506097522914230528), toUInt64(1084818905618843912)),\n                           char(0, 1, 2, 3, 4, 5, 6, 7, 8, 9, 10, 11, 12, 13, 14, 15, 16, 17, 18, 19, 20, 21, 22, 23, 24, 25, 26, 27, 28, 29)));",
            "name": "02552_siphash128_reference.sql"
        },
        {
            "query": "\nselect hex(sipHash128ReferenceKeyed((toUInt64(506097522914230528), toUInt64(1084818905618843912)),\n                           char(0, 1, 2, 3, 4, 5, 6, 7, 8, 9, 10, 11, 12, 13, 14, 15, 16, 17, 18, 19, 20, 21, 22, 23, 24, 25, 26, 27, 28, 29, 30)));",
            "name": "02552_siphash128_reference.sql"
        },
        {
            "query": "\nselect hex(sipHash128ReferenceKeyed((toUInt64(506097522914230528), toUInt64(1084818905618843912)),\n                           char(0, 1, 2, 3, 4, 5, 6, 7, 8, 9, 10, 11, 12, 13, 14, 15, 16, 17, 18, 19, 20, 21, 22, 23, 24, 25, 26, 27, 28, 29, 30, 31)));",
            "name": "02552_siphash128_reference.sql"
        },
        {
            "query": "\nselect hex(sipHash128ReferenceKeyed((toUInt64(506097522914230528), toUInt64(1084818905618843912)),\n                           char(0, 1, 2, 3, 4, 5, 6, 7, 8, 9, 10, 11, 12, 13, 14, 15, 16, 17, 18, 19, 20, 21, 22, 23, 24, 25, 26, 27, 28, 29, 30, 31, 32)));",
            "name": "02552_siphash128_reference.sql"
        },
        {
            "query": "\nselect hex(sipHash128ReferenceKeyed((toUInt64(506097522914230528), toUInt64(1084818905618843912)),\n                           char(0, 1, 2, 3, 4, 5, 6, 7, 8, 9, 10, 11, 12, 13, 14, 15, 16, 17, 18, 19, 20, 21, 22, 23, 24, 25, 26, 27, 28, 29, 30, 31, 32, 33)));",
            "name": "02552_siphash128_reference.sql"
        },
        {
            "query": "\nselect hex(sipHash128ReferenceKeyed((toUInt64(506097522914230528), toUInt64(1084818905618843912)),\n                           char(0, 1, 2, 3, 4, 5, 6, 7, 8, 9, 10, 11, 12, 13, 14, 15, 16, 17, 18, 19, 20, 21, 22, 23, 24, 25, 26, 27, 28, 29, 30, 31, 32, 33, 34)));",
            "name": "02552_siphash128_reference.sql"
        },
        {
            "query": "\nselect hex(sipHash128ReferenceKeyed((toUInt64(506097522914230528), toUInt64(1084818905618843912)),\n                           char(0, 1, 2, 3, 4, 5, 6, 7, 8, 9, 10, 11, 12, 13, 14, 15, 16, 17, 18, 19, 20, 21, 22, 23, 24, 25, 26, 27, 28, 29, 30, 31, 32, 33, 34, 35)));",
            "name": "02552_siphash128_reference.sql"
        },
        {
            "query": "\nselect hex(sipHash128ReferenceKeyed((toUInt64(506097522914230528), toUInt64(1084818905618843912)),\n                           char(0, 1, 2, 3, 4, 5, 6, 7, 8, 9, 10, 11, 12, 13, 14, 15, 16, 17, 18, 19, 20, 21, 22, 23, 24, 25, 26, 27, 28, 29, 30, 31, 32, 33, 34, 35, 36)));",
            "name": "02552_siphash128_reference.sql"
        },
        {
            "query": "\nselect hex(sipHash128ReferenceKeyed((toUInt64(506097522914230528), toUInt64(1084818905618843912)),\n                           char(0, 1, 2, 3, 4, 5, 6, 7, 8, 9, 10, 11, 12, 13, 14, 15, 16, 17, 18, 19, 20, 21, 22, 23, 24, 25, 26, 27, 28, 29, 30, 31, 32, 33, 34, 35, 36, 37)));",
            "name": "02552_siphash128_reference.sql"
        },
        {
            "query": "\nselect hex(sipHash128ReferenceKeyed((toUInt64(506097522914230528), toUInt64(1084818905618843912)),\n                           char(0, 1, 2, 3, 4, 5, 6, 7, 8, 9, 10, 11, 12, 13, 14, 15, 16, 17, 18, 19, 20, 21, 22, 23, 24, 25, 26, 27, 28, 29, 30, 31, 32, 33, 34, 35, 36, 37, 38)));",
            "name": "02552_siphash128_reference.sql"
        },
        {
            "query": "\nselect hex(sipHash128ReferenceKeyed((toUInt64(506097522914230528), toUInt64(1084818905618843912)),\n                           char(0, 1, 2, 3, 4, 5, 6, 7, 8, 9, 10, 11, 12, 13, 14, 15, 16, 17, 18, 19, 20, 21, 22, 23, 24, 25, 26, 27, 28, 29, 30, 31, 32, 33, 34, 35, 36, 37, 38, 39)));",
            "name": "02552_siphash128_reference.sql"
        },
        {
            "query": "\nselect hex(sipHash128ReferenceKeyed((toUInt64(506097522914230528), toUInt64(1084818905618843912)),\n                           char(0, 1, 2, 3, 4, 5, 6, 7, 8, 9, 10, 11, 12, 13, 14, 15, 16, 17, 18, 19, 20, 21, 22, 23, 24, 25, 26, 27, 28, 29, 30, 31, 32, 33, 34, 35, 36, 37, 38, 39, 40)));",
            "name": "02552_siphash128_reference.sql"
        },
        {
            "query": "\nselect hex(sipHash128ReferenceKeyed((toUInt64(506097522914230528), toUInt64(1084818905618843912)),\n                           char(0, 1, 2, 3, 4, 5, 6, 7, 8, 9, 10, 11, 12, 13, 14, 15, 16, 17, 18, 19, 20, 21, 22, 23, 24, 25, 26, 27, 28, 29, 30, 31, 32, 33, 34, 35, 36, 37, 38, 39, 40, 41)));",
            "name": "02552_siphash128_reference.sql"
        },
        {
            "query": "\nselect hex(sipHash128ReferenceKeyed((toUInt64(506097522914230528), toUInt64(1084818905618843912)),\n                           char(0, 1, 2, 3, 4, 5, 6, 7, 8, 9, 10, 11, 12, 13, 14, 15, 16, 17, 18, 19, 20, 21, 22, 23, 24, 25, 26, 27, 28, 29, 30, 31, 32, 33, 34, 35, 36, 37, 38, 39, 40, 41, 42)));",
            "name": "02552_siphash128_reference.sql"
        },
        {
            "query": "\nselect hex(sipHash128ReferenceKeyed((toUInt64(506097522914230528), toUInt64(1084818905618843912)),\n                           char(0, 1, 2, 3, 4, 5, 6, 7, 8, 9, 10, 11, 12, 13, 14, 15, 16, 17, 18, 19, 20, 21, 22, 23, 24, 25, 26, 27, 28, 29, 30, 31, 32, 33, 34, 35, 36, 37, 38, 39, 40, 41, 42, 43)));",
            "name": "02552_siphash128_reference.sql"
        },
        {
            "query": "\nselect hex(sipHash128ReferenceKeyed((toUInt64(506097522914230528), toUInt64(1084818905618843912)),\n                           char(0, 1, 2, 3, 4, 5, 6, 7, 8, 9, 10, 11, 12, 13, 14, 15, 16, 17, 18, 19, 20, 21, 22, 23, 24, 25, 26, 27, 28, 29, 30, 31, 32, 33, 34, 35, 36, 37, 38, 39, 40, 41, 42, 43, 44)));",
            "name": "02552_siphash128_reference.sql"
        },
        {
            "query": "\nselect hex(sipHash128ReferenceKeyed((toUInt64(506097522914230528), toUInt64(1084818905618843912)),\n                           char(0, 1, 2, 3, 4, 5, 6, 7, 8, 9, 10, 11, 12, 13, 14, 15, 16, 17, 18, 19, 20, 21, 22, 23, 24, 25, 26, 27, 28, 29, 30, 31, 32, 33, 34, 35, 36, 37, 38, 39, 40, 41, 42, 43, 44, 45)));",
            "name": "02552_siphash128_reference.sql"
        },
        {
            "query": "\nselect hex(sipHash128ReferenceKeyed((toUInt64(506097522914230528), toUInt64(1084818905618843912)),\n                           char(0, 1, 2, 3, 4, 5, 6, 7, 8, 9, 10, 11, 12, 13, 14, 15, 16, 17, 18, 19, 20, 21, 22, 23, 24, 25, 26, 27, 28, 29, 30, 31, 32, 33, 34, 35, 36, 37, 38, 39, 40, 41, 42, 43, 44, 45, 46)));",
            "name": "02552_siphash128_reference.sql"
        },
        {
            "query": "\nselect hex(sipHash128ReferenceKeyed((toUInt64(506097522914230528), toUInt64(1084818905618843912)),\n                           char(0, 1, 2, 3, 4, 5, 6, 7, 8, 9, 10, 11, 12, 13, 14, 15, 16, 17, 18, 19, 20, 21, 22, 23, 24, 25, 26, 27, 28, 29, 30, 31, 32, 33, 34, 35, 36, 37, 38, 39, 40, 41, 42, 43, 44, 45, 46, 47)));",
            "name": "02552_siphash128_reference.sql"
        },
        {
            "query": "\nselect hex(sipHash128ReferenceKeyed((toUInt64(506097522914230528), toUInt64(1084818905618843912)),\n                           char(0, 1, 2, 3, 4, 5, 6, 7, 8, 9, 10, 11, 12, 13, 14, 15, 16, 17, 18, 19, 20, 21, 22, 23, 24, 25, 26, 27, 28, 29, 30, 31, 32, 33, 34, 35, 36, 37, 38, 39, 40, 41, 42, 43, 44, 45, 46, 47, 48)));",
            "name": "02552_siphash128_reference.sql"
        },
        {
            "query": "\nselect hex(sipHash128ReferenceKeyed((toUInt64(506097522914230528), toUInt64(1084818905618843912)),\n                           char(0, 1, 2, 3, 4, 5, 6, 7, 8, 9, 10, 11, 12, 13, 14, 15, 16, 17, 18, 19, 20, 21, 22, 23, 24, 25, 26, 27, 28, 29, 30, 31, 32, 33, 34, 35, 36, 37, 38, 39, 40, 41, 42, 43, 44, 45, 46, 47, 48, 49)));",
            "name": "02552_siphash128_reference.sql"
        },
        {
            "query": "\nselect hex(sipHash128ReferenceKeyed((toUInt64(506097522914230528), toUInt64(1084818905618843912)),\n                           char(0, 1, 2, 3, 4, 5, 6, 7, 8, 9, 10, 11, 12, 13, 14, 15, 16, 17, 18, 19, 20, 21, 22, 23, 24, 25, 26, 27, 28, 29, 30, 31, 32, 33, 34, 35, 36, 37, 38, 39, 40, 41, 42, 43, 44, 45, 46, 47, 48, 49, 50)));",
            "name": "02552_siphash128_reference.sql"
        },
        {
            "query": "\nselect hex(sipHash128ReferenceKeyed((toUInt64(506097522914230528), toUInt64(1084818905618843912)),\n                           char(0, 1, 2, 3, 4, 5, 6, 7, 8, 9, 10, 11, 12, 13, 14, 15, 16, 17, 18, 19, 20, 21, 22, 23, 24, 25, 26, 27, 28, 29, 30, 31, 32, 33, 34, 35, 36, 37, 38, 39, 40, 41, 42, 43, 44, 45, 46, 47, 48, 49, 50, 51)));",
            "name": "02552_siphash128_reference.sql"
        },
        {
            "query": "\nselect hex(sipHash128ReferenceKeyed((toUInt64(506097522914230528), toUInt64(1084818905618843912)),\n                           char(0, 1, 2, 3, 4, 5, 6, 7, 8, 9, 10, 11, 12, 13, 14, 15, 16, 17, 18, 19, 20, 21, 22, 23, 24, 25, 26, 27, 28, 29, 30, 31, 32, 33, 34, 35, 36, 37, 38, 39, 40, 41, 42, 43, 44, 45, 46, 47, 48, 49, 50, 51, 52)));",
            "name": "02552_siphash128_reference.sql"
        },
        {
            "query": "\nselect hex(sipHash128ReferenceKeyed((toUInt64(506097522914230528), toUInt64(1084818905618843912)),\n                           char(0, 1, 2, 3, 4, 5, 6, 7, 8, 9, 10, 11, 12, 13, 14, 15, 16, 17, 18, 19, 20, 21, 22, 23, 24, 25, 26, 27, 28, 29, 30, 31, 32, 33, 34, 35, 36, 37, 38, 39, 40, 41, 42, 43, 44, 45, 46, 47, 48, 49, 50, 51, 52, 53)));",
            "name": "02552_siphash128_reference.sql"
        },
        {
            "query": "\nselect hex(sipHash128ReferenceKeyed((toUInt64(506097522914230528), toUInt64(1084818905618843912)),\n                           char(0, 1, 2, 3, 4, 5, 6, 7, 8, 9, 10, 11, 12, 13, 14, 15, 16, 17, 18, 19, 20, 21, 22, 23, 24, 25, 26, 27, 28, 29, 30, 31, 32, 33, 34, 35, 36, 37, 38, 39, 40, 41, 42, 43, 44, 45, 46, 47, 48, 49, 50, 51, 52, 53, 54)));",
            "name": "02552_siphash128_reference.sql"
        },
        {
            "query": "\nselect hex(sipHash128ReferenceKeyed((toUInt64(506097522914230528), toUInt64(1084818905618843912)),\n                           char(0, 1, 2, 3, 4, 5, 6, 7, 8, 9, 10, 11, 12, 13, 14, 15, 16, 17, 18, 19, 20, 21, 22, 23, 24, 25, 26, 27, 28, 29, 30, 31, 32, 33, 34, 35, 36, 37, 38, 39, 40, 41, 42, 43, 44, 45, 46, 47, 48, 49, 50, 51, 52, 53, 54, 55)));",
            "name": "02552_siphash128_reference.sql"
        },
        {
            "query": "\nselect hex(sipHash128ReferenceKeyed((toUInt64(506097522914230528), toUInt64(1084818905618843912)),\n                           char(0, 1, 2, 3, 4, 5, 6, 7, 8, 9, 10, 11, 12, 13, 14, 15, 16, 17, 18, 19, 20, 21, 22, 23, 24, 25, 26, 27, 28, 29, 30, 31, 32, 33, 34, 35, 36, 37, 38, 39, 40, 41, 42, 43, 44, 45, 46, 47, 48, 49, 50, 51, 52, 53, 54, 55, 56)));",
            "name": "02552_siphash128_reference.sql"
        },
        {
            "query": "\nselect hex(sipHash128ReferenceKeyed((toUInt64(506097522914230528), toUInt64(1084818905618843912)),\n                           char(0, 1, 2, 3, 4, 5, 6, 7, 8, 9, 10, 11, 12, 13, 14, 15, 16, 17, 18, 19, 20, 21, 22, 23, 24, 25, 26, 27, 28, 29, 30, 31, 32, 33, 34, 35, 36, 37, 38, 39, 40, 41, 42, 43, 44, 45, 46, 47, 48, 49, 50, 51, 52, 53, 54, 55, 56, 57)));",
            "name": "02552_siphash128_reference.sql"
        },
        {
            "query": "\nselect hex(sipHash128ReferenceKeyed((toUInt64(506097522914230528), toUInt64(1084818905618843912)),\n                           char(0, 1, 2, 3, 4, 5, 6, 7, 8, 9, 10, 11, 12, 13, 14, 15, 16, 17, 18, 19, 20, 21, 22, 23, 24, 25, 26, 27, 28, 29, 30, 31, 32, 33, 34, 35, 36, 37, 38, 39, 40, 41, 42, 43, 44, 45, 46, 47, 48, 49, 50, 51, 52, 53, 54, 55, 56, 57, 58)));",
            "name": "02552_siphash128_reference.sql"
        },
        {
            "query": "\nselect hex(sipHash128ReferenceKeyed((toUInt64(506097522914230528), toUInt64(1084818905618843912)),\n                           char(0, 1, 2, 3, 4, 5, 6, 7, 8, 9, 10, 11, 12, 13, 14, 15, 16, 17, 18, 19, 20, 21, 22, 23, 24, 25, 26, 27, 28, 29, 30, 31, 32, 33, 34, 35, 36, 37, 38, 39, 40, 41, 42, 43, 44, 45, 46, 47, 48, 49, 50, 51, 52, 53, 54, 55, 56, 57, 58, 59)));",
            "name": "02552_siphash128_reference.sql"
        },
        {
            "query": "\nselect hex(sipHash128ReferenceKeyed((toUInt64(506097522914230528), toUInt64(1084818905618843912)),\n                           char(0, 1, 2, 3, 4, 5, 6, 7, 8, 9, 10, 11, 12, 13, 14, 15, 16, 17, 18, 19, 20, 21, 22, 23, 24, 25, 26, 27, 28, 29, 30, 31, 32, 33, 34, 35, 36, 37, 38, 39, 40, 41, 42, 43, 44, 45, 46, 47, 48, 49, 50, 51, 52, 53, 54, 55, 56, 57, 58, 59, 60)));",
            "name": "02552_siphash128_reference.sql"
        },
        {
            "query": "\nselect hex(sipHash128ReferenceKeyed((toUInt64(506097522914230528), toUInt64(1084818905618843912)),\n                           char(0, 1, 2, 3, 4, 5, 6, 7, 8, 9, 10, 11, 12, 13, 14, 15, 16, 17, 18, 19, 20, 21, 22, 23, 24, 25, 26, 27, 28, 29, 30, 31, 32, 33, 34, 35, 36, 37, 38, 39, 40, 41, 42, 43, 44, 45, 46, 47, 48, 49, 50, 51, 52, 53, 54, 55, 56, 57, 58, 59, 60, 61)));",
            "name": "02552_siphash128_reference.sql"
        },
        {
            "query": "\nselect hex(sipHash128ReferenceKeyed((toUInt64(506097522914230528), toUInt64(1084818905618843912)),\n                           char(0, 1, 2, 3, 4, 5, 6, 7, 8, 9, 10, 11, 12, 13, 14, 15, 16, 17, 18, 19, 20, 21, 22, 23, 24, 25, 26, 27, 28, 29, 30, 31, 32, 33, 34, 35, 36, 37, 38, 39, 40, 41, 42, 43, 44, 45, 46, 47, 48, 49, 50, 51, 52, 53, 54, 55, 56, 57, 58, 59, 60, 61, 62)));",
            "name": "02552_siphash128_reference.sql"
        },
        {
            "query": "\n\n-- CH tests\nselect sipHash128ReferenceKeyed((toUInt64(0),toUInt64(0)),char(0)) == sipHash128Reference(char(0));",
            "name": "02552_siphash128_reference.sql"
        },
        {
            "query": "\nselect sipHash128ReferenceKeyed((toUInt64(0),toUInt64(0)),char(0, 1)) == sipHash128Reference(char(0, 1));",
            "name": "02552_siphash128_reference.sql"
        },
        {
            "query": "\nselect sipHash128ReferenceKeyed((toUInt64(0),toUInt64(0)),char(0, 1, 2)) == sipHash128Reference(char(0, 1, 2));",
            "name": "02552_siphash128_reference.sql"
        },
        {
            "query": "\nselect sipHash128ReferenceKeyed((toUInt64(0),toUInt64(0)),char(0, 1, 2, 3)) == sipHash128Reference(char(0, 1, 2, 3));",
            "name": "02552_siphash128_reference.sql"
        },
        {
            "query": "\nselect sipHash128ReferenceKeyed((toUInt64(0),toUInt64(0)),char(0, 1, 2, 3, 4)) == sipHash128Reference(char(0, 1, 2, 3, 4));",
            "name": "02552_siphash128_reference.sql"
        },
        {
            "query": "\nselect sipHash128ReferenceKeyed((toUInt64(0),toUInt64(0)),char(0, 1, 2, 3, 4, 5)) == sipHash128Reference(char(0, 1, 2, 3, 4, 5));",
            "name": "02552_siphash128_reference.sql"
        },
        {
            "query": "\nselect sipHash128ReferenceKeyed((toUInt64(0),toUInt64(0)),char(0, 1, 2, 3, 4, 5, 6)) == sipHash128Reference(char(0, 1, 2, 3, 4, 5, 6));",
            "name": "02552_siphash128_reference.sql"
        },
        {
            "query": "\nselect sipHash128ReferenceKeyed((toUInt64(0),toUInt64(0)),char(0, 1, 2, 3, 4, 5, 6, 7)) == sipHash128Reference(char(0, 1, 2, 3, 4, 5, 6, 7));",
            "name": "02552_siphash128_reference.sql"
        },
        {
            "query": "\nselect sipHash128ReferenceKeyed((toUInt64(0),toUInt64(0)),char(0, 1, 2, 3, 4, 5, 6, 7, 8)) == sipHash128Reference(char(0, 1, 2, 3, 4, 5, 6, 7, 8));",
            "name": "02552_siphash128_reference.sql"
        },
        {
            "query": "\nselect sipHash128ReferenceKeyed((toUInt64(0),toUInt64(0)),char(0, 1, 2, 3, 4, 5, 6, 7, 8, 9)) == sipHash128Reference(char(0, 1, 2, 3, 4, 5, 6, 7, 8, 9));",
            "name": "02552_siphash128_reference.sql"
        },
        {
            "query": "\nselect sipHash128ReferenceKeyed((toUInt64(0),toUInt64(0)),char(0, 1, 2, 3, 4, 5, 6, 7, 8, 9, 10)) == sipHash128Reference(char(0, 1, 2, 3, 4, 5, 6, 7, 8, 9, 10));",
            "name": "02552_siphash128_reference.sql"
        },
        {
            "query": "\nselect sipHash128ReferenceKeyed((toUInt64(0),toUInt64(0)),char(0, 1, 2, 3, 4, 5, 6, 7, 8, 9, 10, 11)) == sipHash128Reference(char(0, 1, 2, 3, 4, 5, 6, 7, 8, 9, 10, 11));",
            "name": "02552_siphash128_reference.sql"
        },
        {
            "query": "\nselect sipHash128ReferenceKeyed((toUInt64(0),toUInt64(0)),char(0, 1, 2, 3, 4, 5, 6, 7, 8, 9, 10, 11, 12)) == sipHash128Reference(char(0, 1, 2, 3, 4, 5, 6, 7, 8, 9, 10, 11, 12));",
            "name": "02552_siphash128_reference.sql"
        },
        {
            "query": "\nselect sipHash128ReferenceKeyed((toUInt64(0),toUInt64(0)),char(0, 1, 2, 3, 4, 5, 6, 7, 8, 9, 10, 11, 12, 13)) == sipHash128Reference(char(0, 1, 2, 3, 4, 5, 6, 7, 8, 9, 10, 11, 12, 13));",
            "name": "02552_siphash128_reference.sql"
        },
        {
            "query": "\nselect sipHash128ReferenceKeyed((toUInt64(0),toUInt64(0)),char(0, 1, 2, 3, 4, 5, 6, 7, 8, 9, 10, 11, 12, 13, 14)) == sipHash128Reference(char(0, 1, 2, 3, 4, 5, 6, 7, 8, 9, 10, 11, 12, 13, 14));",
            "name": "02552_siphash128_reference.sql"
        },
        {
            "query": "\nselect sipHash128ReferenceKeyed((toUInt64(0),toUInt64(0)),char(0, 1, 2, 3, 4, 5, 6, 7, 8, 9, 10, 11, 12, 13, 14, 15)) == sipHash128Reference(char(0, 1, 2, 3, 4, 5, 6, 7, 8, 9, 10, 11, 12, 13, 14, 15));",
            "name": "02552_siphash128_reference.sql"
        },
        {
            "query": "\nselect sipHash128ReferenceKeyed((toUInt64(0),toUInt64(0)),char(0, 1, 2, 3, 4, 5, 6, 7, 8, 9, 10, 11, 12, 13, 14, 15, 16)) == sipHash128Reference(char(0, 1, 2, 3, 4, 5, 6, 7, 8, 9, 10, 11, 12, 13, 14, 15, 16));",
            "name": "02552_siphash128_reference.sql"
        },
        {
            "query": "\nselect sipHash128ReferenceKeyed((toUInt64(0),toUInt64(0)),char(0, 1, 2, 3, 4, 5, 6, 7, 8, 9, 10, 11, 12, 13, 14, 15, 16, 17)) == sipHash128Reference(char(0, 1, 2, 3, 4, 5, 6, 7, 8, 9, 10, 11, 12, 13, 14, 15, 16, 17));",
            "name": "02552_siphash128_reference.sql"
        },
        {
            "query": "\nselect sipHash128ReferenceKeyed((toUInt64(0),toUInt64(0)),char(0, 1, 2, 3, 4, 5, 6, 7, 8, 9, 10, 11, 12, 13, 14, 15, 16, 17, 18)) == sipHash128Reference(char(0, 1, 2, 3, 4, 5, 6, 7, 8, 9, 10, 11, 12, 13, 14, 15, 16, 17, 18));",
            "name": "02552_siphash128_reference.sql"
        },
        {
            "query": "\nselect sipHash128ReferenceKeyed((toUInt64(0),toUInt64(0)),char(0, 1, 2, 3, 4, 5, 6, 7, 8, 9, 10, 11, 12, 13, 14, 15, 16, 17, 18, 19)) == sipHash128Reference(char(0, 1, 2, 3, 4, 5, 6, 7, 8, 9, 10, 11, 12, 13, 14, 15, 16, 17, 18, 19));",
            "name": "02552_siphash128_reference.sql"
        },
        {
            "query": "\nselect sipHash128ReferenceKeyed((toUInt64(0),toUInt64(0)),char(0, 1, 2, 3, 4, 5, 6, 7, 8, 9, 10, 11, 12, 13, 14, 15, 16, 17, 18, 19, 20)) == sipHash128Reference(char(0, 1, 2, 3, 4, 5, 6, 7, 8, 9, 10, 11, 12, 13, 14, 15, 16, 17, 18, 19, 20));",
            "name": "02552_siphash128_reference.sql"
        },
        {
            "query": "\nselect sipHash128ReferenceKeyed((toUInt64(0),toUInt64(0)),char(0, 1, 2, 3, 4, 5, 6, 7, 8, 9, 10, 11, 12, 13, 14, 15, 16, 17, 18, 19, 20, 21)) == sipHash128Reference(char(0, 1, 2, 3, 4, 5, 6, 7, 8, 9, 10, 11, 12, 13, 14, 15, 16, 17, 18, 19, 20, 21));",
            "name": "02552_siphash128_reference.sql"
        },
        {
            "query": "\nselect sipHash128ReferenceKeyed((toUInt64(0),toUInt64(0)),char(0, 1, 2, 3, 4, 5, 6, 7, 8, 9, 10, 11, 12, 13, 14, 15, 16, 17, 18, 19, 20, 21, 22)) == sipHash128Reference(char(0, 1, 2, 3, 4, 5, 6, 7, 8, 9, 10, 11, 12, 13, 14, 15, 16, 17, 18, 19, 20, 21, 22));",
            "name": "02552_siphash128_reference.sql"
        },
        {
            "query": "\nselect sipHash128ReferenceKeyed((toUInt64(0),toUInt64(0)),char(0, 1, 2, 3, 4, 5, 6, 7, 8, 9, 10, 11, 12, 13, 14, 15, 16, 17, 18, 19, 20, 21, 22, 23)) == sipHash128Reference(char(0, 1, 2, 3, 4, 5, 6, 7, 8, 9, 10, 11, 12, 13, 14, 15, 16, 17, 18, 19, 20, 21, 22, 23));",
            "name": "02552_siphash128_reference.sql"
        },
        {
            "query": "\nselect sipHash128ReferenceKeyed((toUInt64(0),toUInt64(0)),char(0, 1, 2, 3, 4, 5, 6, 7, 8, 9, 10, 11, 12, 13, 14, 15, 16, 17, 18, 19, 20, 21, 22, 23, 24)) == sipHash128Reference(char(0, 1, 2, 3, 4, 5, 6, 7, 8, 9, 10, 11, 12, 13, 14, 15, 16, 17, 18, 19, 20, 21, 22, 23, 24));",
            "name": "02552_siphash128_reference.sql"
        },
        {
            "query": "\nselect sipHash128ReferenceKeyed((toUInt64(0),toUInt64(0)),char(0, 1, 2, 3, 4, 5, 6, 7, 8, 9, 10, 11, 12, 13, 14, 15, 16, 17, 18, 19, 20, 21, 22, 23, 24, 25)) == sipHash128Reference(char(0, 1, 2, 3, 4, 5, 6, 7, 8, 9, 10, 11, 12, 13, 14, 15, 16, 17, 18, 19, 20, 21, 22, 23, 24, 25));",
            "name": "02552_siphash128_reference.sql"
        },
        {
            "query": "\nselect sipHash128ReferenceKeyed((toUInt64(0),toUInt64(0)),char(0, 1, 2, 3, 4, 5, 6, 7, 8, 9, 10, 11, 12, 13, 14, 15, 16, 17, 18, 19, 20, 21, 22, 23, 24, 25, 26)) == sipHash128Reference(char(0, 1, 2, 3, 4, 5, 6, 7, 8, 9, 10, 11, 12, 13, 14, 15, 16, 17, 18, 19, 20, 21, 22, 23, 24, 25, 26));",
            "name": "02552_siphash128_reference.sql"
        },
        {
            "query": "\nselect sipHash128ReferenceKeyed((toUInt64(0),toUInt64(0)),char(0, 1, 2, 3, 4, 5, 6, 7, 8, 9, 10, 11, 12, 13, 14, 15, 16, 17, 18, 19, 20, 21, 22, 23, 24, 25, 26, 27)) == sipHash128Reference(char(0, 1, 2, 3, 4, 5, 6, 7, 8, 9, 10, 11, 12, 13, 14, 15, 16, 17, 18, 19, 20, 21, 22, 23, 24, 25, 26, 27));",
            "name": "02552_siphash128_reference.sql"
        },
        {
            "query": "\nselect sipHash128ReferenceKeyed((toUInt64(0),toUInt64(0)),char(0, 1, 2, 3, 4, 5, 6, 7, 8, 9, 10, 11, 12, 13, 14, 15, 16, 17, 18, 19, 20, 21, 22, 23, 24, 25, 26, 27, 28)) == sipHash128Reference(char(0, 1, 2, 3, 4, 5, 6, 7, 8, 9, 10, 11, 12, 13, 14, 15, 16, 17, 18, 19, 20, 21, 22, 23, 24, 25, 26, 27, 28));",
            "name": "02552_siphash128_reference.sql"
        },
        {
            "query": "\nselect sipHash128ReferenceKeyed((toUInt64(0),toUInt64(0)),char(0, 1, 2, 3, 4, 5, 6, 7, 8, 9, 10, 11, 12, 13, 14, 15, 16, 17, 18, 19, 20, 21, 22, 23, 24, 25, 26, 27, 28, 29)) == sipHash128Reference(char(0, 1, 2, 3, 4, 5, 6, 7, 8, 9, 10, 11, 12, 13, 14, 15, 16, 17, 18, 19, 20, 21, 22, 23, 24, 25, 26, 27, 28, 29));",
            "name": "02552_siphash128_reference.sql"
        },
        {
            "query": "\nselect sipHash128ReferenceKeyed((toUInt64(0),toUInt64(0)),char(0, 1, 2, 3, 4, 5, 6, 7, 8, 9, 10, 11, 12, 13, 14, 15, 16, 17, 18, 19, 20, 21, 22, 23, 24, 25, 26, 27, 28, 29, 30)) == sipHash128Reference(char(0, 1, 2, 3, 4, 5, 6, 7, 8, 9, 10, 11, 12, 13, 14, 15, 16, 17, 18, 19, 20, 21, 22, 23, 24, 25, 26, 27, 28, 29, 30));",
            "name": "02552_siphash128_reference.sql"
        },
        {
            "query": "\nselect sipHash128ReferenceKeyed((toUInt64(0),toUInt64(0)),char(0, 1, 2, 3, 4, 5, 6, 7, 8, 9, 10, 11, 12, 13, 14, 15, 16, 17, 18, 19, 20, 21, 22, 23, 24, 25, 26, 27, 28, 29, 30, 31)) == sipHash128Reference(char(0, 1, 2, 3, 4, 5, 6, 7, 8, 9, 10, 11, 12, 13, 14, 15, 16, 17, 18, 19, 20, 21, 22, 23, 24, 25, 26, 27, 28, 29, 30, 31));",
            "name": "02552_siphash128_reference.sql"
        },
        {
            "query": "\nselect sipHash128ReferenceKeyed((toUInt64(0),toUInt64(0)),char(0, 1, 2, 3, 4, 5, 6, 7, 8, 9, 10, 11, 12, 13, 14, 15, 16, 17, 18, 19, 20, 21, 22, 23, 24, 25, 26, 27, 28, 29, 30, 31, 32)) == sipHash128Reference(char(0, 1, 2, 3, 4, 5, 6, 7, 8, 9, 10, 11, 12, 13, 14, 15, 16, 17, 18, 19, 20, 21, 22, 23, 24, 25, 26, 27, 28, 29, 30, 31, 32));",
            "name": "02552_siphash128_reference.sql"
        },
        {
            "query": "\nselect sipHash128ReferenceKeyed((toUInt64(0),toUInt64(0)),char(0, 1, 2, 3, 4, 5, 6, 7, 8, 9, 10, 11, 12, 13, 14, 15, 16, 17, 18, 19, 20, 21, 22, 23, 24, 25, 26, 27, 28, 29, 30, 31, 32, 33)) == sipHash128Reference(char(0, 1, 2, 3, 4, 5, 6, 7, 8, 9, 10, 11, 12, 13, 14, 15, 16, 17, 18, 19, 20, 21, 22, 23, 24, 25, 26, 27, 28, 29, 30, 31, 32, 33));",
            "name": "02552_siphash128_reference.sql"
        },
        {
            "query": "\nselect sipHash128ReferenceKeyed((toUInt64(0),toUInt64(0)),char(0, 1, 2, 3, 4, 5, 6, 7, 8, 9, 10, 11, 12, 13, 14, 15, 16, 17, 18, 19, 20, 21, 22, 23, 24, 25, 26, 27, 28, 29, 30, 31, 32, 33, 34)) == sipHash128Reference(char(0, 1, 2, 3, 4, 5, 6, 7, 8, 9, 10, 11, 12, 13, 14, 15, 16, 17, 18, 19, 20, 21, 22, 23, 24, 25, 26, 27, 28, 29, 30, 31, 32, 33, 34));",
            "name": "02552_siphash128_reference.sql"
        },
        {
            "query": "\nselect sipHash128ReferenceKeyed((toUInt64(0),toUInt64(0)),char(0, 1, 2, 3, 4, 5, 6, 7, 8, 9, 10, 11, 12, 13, 14, 15, 16, 17, 18, 19, 20, 21, 22, 23, 24, 25, 26, 27, 28, 29, 30, 31, 32, 33, 34, 35)) == sipHash128Reference(char(0, 1, 2, 3, 4, 5, 6, 7, 8, 9, 10, 11, 12, 13, 14, 15, 16, 17, 18, 19, 20, 21, 22, 23, 24, 25, 26, 27, 28, 29, 30, 31, 32, 33, 34, 35));",
            "name": "02552_siphash128_reference.sql"
        },
        {
            "query": "\nselect sipHash128ReferenceKeyed((toUInt64(0),toUInt64(0)),char(0, 1, 2, 3, 4, 5, 6, 7, 8, 9, 10, 11, 12, 13, 14, 15, 16, 17, 18, 19, 20, 21, 22, 23, 24, 25, 26, 27, 28, 29, 30, 31, 32, 33, 34, 35, 36)) == sipHash128Reference(char(0, 1, 2, 3, 4, 5, 6, 7, 8, 9, 10, 11, 12, 13, 14, 15, 16, 17, 18, 19, 20, 21, 22, 23, 24, 25, 26, 27, 28, 29, 30, 31, 32, 33, 34, 35, 36));",
            "name": "02552_siphash128_reference.sql"
        },
        {
            "query": "\nselect sipHash128ReferenceKeyed((toUInt64(0),toUInt64(0)),char(0, 1, 2, 3, 4, 5, 6, 7, 8, 9, 10, 11, 12, 13, 14, 15, 16, 17, 18, 19, 20, 21, 22, 23, 24, 25, 26, 27, 28, 29, 30, 31, 32, 33, 34, 35, 36, 37)) == sipHash128Reference(char(0, 1, 2, 3, 4, 5, 6, 7, 8, 9, 10, 11, 12, 13, 14, 15, 16, 17, 18, 19, 20, 21, 22, 23, 24, 25, 26, 27, 28, 29, 30, 31, 32, 33, 34, 35, 36, 37));",
            "name": "02552_siphash128_reference.sql"
        },
        {
            "query": "\nselect sipHash128ReferenceKeyed((toUInt64(0),toUInt64(0)),char(0, 1, 2, 3, 4, 5, 6, 7, 8, 9, 10, 11, 12, 13, 14, 15, 16, 17, 18, 19, 20, 21, 22, 23, 24, 25, 26, 27, 28, 29, 30, 31, 32, 33, 34, 35, 36, 37, 38)) == sipHash128Reference(char(0, 1, 2, 3, 4, 5, 6, 7, 8, 9, 10, 11, 12, 13, 14, 15, 16, 17, 18, 19, 20, 21, 22, 23, 24, 25, 26, 27, 28, 29, 30, 31, 32, 33, 34, 35, 36, 37, 38));",
            "name": "02552_siphash128_reference.sql"
        },
        {
            "query": "\nselect sipHash128ReferenceKeyed((toUInt64(0),toUInt64(0)),char(0, 1, 2, 3, 4, 5, 6, 7, 8, 9, 10, 11, 12, 13, 14, 15, 16, 17, 18, 19, 20, 21, 22, 23, 24, 25, 26, 27, 28, 29, 30, 31, 32, 33, 34, 35, 36, 37, 38, 39)) == sipHash128Reference(char(0, 1, 2, 3, 4, 5, 6, 7, 8, 9, 10, 11, 12, 13, 14, 15, 16, 17, 18, 19, 20, 21, 22, 23, 24, 25, 26, 27, 28, 29, 30, 31, 32, 33, 34, 35, 36, 37, 38, 39));",
            "name": "02552_siphash128_reference.sql"
        },
        {
            "query": "\nselect sipHash128ReferenceKeyed((toUInt64(0),toUInt64(0)),char(0, 1, 2, 3, 4, 5, 6, 7, 8, 9, 10, 11, 12, 13, 14, 15, 16, 17, 18, 19, 20, 21, 22, 23, 24, 25, 26, 27, 28, 29, 30, 31, 32, 33, 34, 35, 36, 37, 38, 39, 40)) == sipHash128Reference(char(0, 1, 2, 3, 4, 5, 6, 7, 8, 9, 10, 11, 12, 13, 14, 15, 16, 17, 18, 19, 20, 21, 22, 23, 24, 25, 26, 27, 28, 29, 30, 31, 32, 33, 34, 35, 36, 37, 38, 39, 40));",
            "name": "02552_siphash128_reference.sql"
        },
        {
            "query": "\nselect sipHash128ReferenceKeyed((toUInt64(0),toUInt64(0)),char(0, 1, 2, 3, 4, 5, 6, 7, 8, 9, 10, 11, 12, 13, 14, 15, 16, 17, 18, 19, 20, 21, 22, 23, 24, 25, 26, 27, 28, 29, 30, 31, 32, 33, 34, 35, 36, 37, 38, 39, 40, 41)) == sipHash128Reference(char(0, 1, 2, 3, 4, 5, 6, 7, 8, 9, 10, 11, 12, 13, 14, 15, 16, 17, 18, 19, 20, 21, 22, 23, 24, 25, 26, 27, 28, 29, 30, 31, 32, 33, 34, 35, 36, 37, 38, 39, 40, 41));",
            "name": "02552_siphash128_reference.sql"
        },
        {
            "query": "\nselect sipHash128ReferenceKeyed((toUInt64(0),toUInt64(0)),char(0, 1, 2, 3, 4, 5, 6, 7, 8, 9, 10, 11, 12, 13, 14, 15, 16, 17, 18, 19, 20, 21, 22, 23, 24, 25, 26, 27, 28, 29, 30, 31, 32, 33, 34, 35, 36, 37, 38, 39, 40, 41, 42)) == sipHash128Reference(char(0, 1, 2, 3, 4, 5, 6, 7, 8, 9, 10, 11, 12, 13, 14, 15, 16, 17, 18, 19, 20, 21, 22, 23, 24, 25, 26, 27, 28, 29, 30, 31, 32, 33, 34, 35, 36, 37, 38, 39, 40, 41, 42));",
            "name": "02552_siphash128_reference.sql"
        },
        {
            "query": "\nselect sipHash128ReferenceKeyed((toUInt64(0),toUInt64(0)),char(0, 1, 2, 3, 4, 5, 6, 7, 8, 9, 10, 11, 12, 13, 14, 15, 16, 17, 18, 19, 20, 21, 22, 23, 24, 25, 26, 27, 28, 29, 30, 31, 32, 33, 34, 35, 36, 37, 38, 39, 40, 41, 42, 43)) == sipHash128Reference(char(0, 1, 2, 3, 4, 5, 6, 7, 8, 9, 10, 11, 12, 13, 14, 15, 16, 17, 18, 19, 20, 21, 22, 23, 24, 25, 26, 27, 28, 29, 30, 31, 32, 33, 34, 35, 36, 37, 38, 39, 40, 41, 42, 43));",
            "name": "02552_siphash128_reference.sql"
        },
        {
            "query": "\nselect sipHash128ReferenceKeyed((toUInt64(0),toUInt64(0)),char(0, 1, 2, 3, 4, 5, 6, 7, 8, 9, 10, 11, 12, 13, 14, 15, 16, 17, 18, 19, 20, 21, 22, 23, 24, 25, 26, 27, 28, 29, 30, 31, 32, 33, 34, 35, 36, 37, 38, 39, 40, 41, 42, 43, 44)) == sipHash128Reference(char(0, 1, 2, 3, 4, 5, 6, 7, 8, 9, 10, 11, 12, 13, 14, 15, 16, 17, 18, 19, 20, 21, 22, 23, 24, 25, 26, 27, 28, 29, 30, 31, 32, 33, 34, 35, 36, 37, 38, 39, 40, 41, 42, 43, 44));",
            "name": "02552_siphash128_reference.sql"
        },
        {
            "query": "\nselect sipHash128ReferenceKeyed((toUInt64(0),toUInt64(0)),char(0, 1, 2, 3, 4, 5, 6, 7, 8, 9, 10, 11, 12, 13, 14, 15, 16, 17, 18, 19, 20, 21, 22, 23, 24, 25, 26, 27, 28, 29, 30, 31, 32, 33, 34, 35, 36, 37, 38, 39, 40, 41, 42, 43, 44, 45)) == sipHash128Reference(char(0, 1, 2, 3, 4, 5, 6, 7, 8, 9, 10, 11, 12, 13, 14, 15, 16, 17, 18, 19, 20, 21, 22, 23, 24, 25, 26, 27, 28, 29, 30, 31, 32, 33, 34, 35, 36, 37, 38, 39, 40, 41, 42, 43, 44, 45));",
            "name": "02552_siphash128_reference.sql"
        },
        {
            "query": "\nselect sipHash128ReferenceKeyed((toUInt64(0),toUInt64(0)),char(0, 1, 2, 3, 4, 5, 6, 7, 8, 9, 10, 11, 12, 13, 14, 15, 16, 17, 18, 19, 20, 21, 22, 23, 24, 25, 26, 27, 28, 29, 30, 31, 32, 33, 34, 35, 36, 37, 38, 39, 40, 41, 42, 43, 44, 45, 46)) == sipHash128Reference(char(0, 1, 2, 3, 4, 5, 6, 7, 8, 9, 10, 11, 12, 13, 14, 15, 16, 17, 18, 19, 20, 21, 22, 23, 24, 25, 26, 27, 28, 29, 30, 31, 32, 33, 34, 35, 36, 37, 38, 39, 40, 41, 42, 43, 44, 45, 46));",
            "name": "02552_siphash128_reference.sql"
        },
        {
            "query": "\nselect sipHash128ReferenceKeyed((toUInt64(0),toUInt64(0)),char(0, 1, 2, 3, 4, 5, 6, 7, 8, 9, 10, 11, 12, 13, 14, 15, 16, 17, 18, 19, 20, 21, 22, 23, 24, 25, 26, 27, 28, 29, 30, 31, 32, 33, 34, 35, 36, 37, 38, 39, 40, 41, 42, 43, 44, 45, 46, 47)) == sipHash128Reference(char(0, 1, 2, 3, 4, 5, 6, 7, 8, 9, 10, 11, 12, 13, 14, 15, 16, 17, 18, 19, 20, 21, 22, 23, 24, 25, 26, 27, 28, 29, 30, 31, 32, 33, 34, 35, 36, 37, 38, 39, 40, 41, 42, 43, 44, 45, 46, 47));",
            "name": "02552_siphash128_reference.sql"
        },
        {
            "query": "\nselect sipHash128ReferenceKeyed((toUInt64(0),toUInt64(0)),char(0, 1, 2, 3, 4, 5, 6, 7, 8, 9, 10, 11, 12, 13, 14, 15, 16, 17, 18, 19, 20, 21, 22, 23, 24, 25, 26, 27, 28, 29, 30, 31, 32, 33, 34, 35, 36, 37, 38, 39, 40, 41, 42, 43, 44, 45, 46, 47, 48)) == sipHash128Reference(char(0, 1, 2, 3, 4, 5, 6, 7, 8, 9, 10, 11, 12, 13, 14, 15, 16, 17, 18, 19, 20, 21, 22, 23, 24, 25, 26, 27, 28, 29, 30, 31, 32, 33, 34, 35, 36, 37, 38, 39, 40, 41, 42, 43, 44, 45, 46, 47, 48));",
            "name": "02552_siphash128_reference.sql"
        },
        {
            "query": "\nselect sipHash128ReferenceKeyed((toUInt64(0),toUInt64(0)),char(0, 1, 2, 3, 4, 5, 6, 7, 8, 9, 10, 11, 12, 13, 14, 15, 16, 17, 18, 19, 20, 21, 22, 23, 24, 25, 26, 27, 28, 29, 30, 31, 32, 33, 34, 35, 36, 37, 38, 39, 40, 41, 42, 43, 44, 45, 46, 47, 48, 49)) == sipHash128Reference(char(0, 1, 2, 3, 4, 5, 6, 7, 8, 9, 10, 11, 12, 13, 14, 15, 16, 17, 18, 19, 20, 21, 22, 23, 24, 25, 26, 27, 28, 29, 30, 31, 32, 33, 34, 35, 36, 37, 38, 39, 40, 41, 42, 43, 44, 45, 46, 47, 48, 49));",
            "name": "02552_siphash128_reference.sql"
        },
        {
            "query": "\nselect sipHash128ReferenceKeyed((toUInt64(0),toUInt64(0)),char(0, 1, 2, 3, 4, 5, 6, 7, 8, 9, 10, 11, 12, 13, 14, 15, 16, 17, 18, 19, 20, 21, 22, 23, 24, 25, 26, 27, 28, 29, 30, 31, 32, 33, 34, 35, 36, 37, 38, 39, 40, 41, 42, 43, 44, 45, 46, 47, 48, 49, 50)) == sipHash128Reference(char(0, 1, 2, 3, 4, 5, 6, 7, 8, 9, 10, 11, 12, 13, 14, 15, 16, 17, 18, 19, 20, 21, 22, 23, 24, 25, 26, 27, 28, 29, 30, 31, 32, 33, 34, 35, 36, 37, 38, 39, 40, 41, 42, 43, 44, 45, 46, 47, 48, 49, 50));",
            "name": "02552_siphash128_reference.sql"
        },
        {
            "query": "\nselect sipHash128ReferenceKeyed((toUInt64(0),toUInt64(0)),char(0, 1, 2, 3, 4, 5, 6, 7, 8, 9, 10, 11, 12, 13, 14, 15, 16, 17, 18, 19, 20, 21, 22, 23, 24, 25, 26, 27, 28, 29, 30, 31, 32, 33, 34, 35, 36, 37, 38, 39, 40, 41, 42, 43, 44, 45, 46, 47, 48, 49, 50, 51)) == sipHash128Reference(char(0, 1, 2, 3, 4, 5, 6, 7, 8, 9, 10, 11, 12, 13, 14, 15, 16, 17, 18, 19, 20, 21, 22, 23, 24, 25, 26, 27, 28, 29, 30, 31, 32, 33, 34, 35, 36, 37, 38, 39, 40, 41, 42, 43, 44, 45, 46, 47, 48, 49, 50, 51));",
            "name": "02552_siphash128_reference.sql"
        },
        {
            "query": "\nselect sipHash128ReferenceKeyed((toUInt64(0),toUInt64(0)),char(0, 1, 2, 3, 4, 5, 6, 7, 8, 9, 10, 11, 12, 13, 14, 15, 16, 17, 18, 19, 20, 21, 22, 23, 24, 25, 26, 27, 28, 29, 30, 31, 32, 33, 34, 35, 36, 37, 38, 39, 40, 41, 42, 43, 44, 45, 46, 47, 48, 49, 50, 51, 52)) == sipHash128Reference(char(0, 1, 2, 3, 4, 5, 6, 7, 8, 9, 10, 11, 12, 13, 14, 15, 16, 17, 18, 19, 20, 21, 22, 23, 24, 25, 26, 27, 28, 29, 30, 31, 32, 33, 34, 35, 36, 37, 38, 39, 40, 41, 42, 43, 44, 45, 46, 47, 48, 49, 50, 51, 52));",
            "name": "02552_siphash128_reference.sql"
        },
        {
            "query": "\nselect sipHash128ReferenceKeyed((toUInt64(0),toUInt64(0)),char(0, 1, 2, 3, 4, 5, 6, 7, 8, 9, 10, 11, 12, 13, 14, 15, 16, 17, 18, 19, 20, 21, 22, 23, 24, 25, 26, 27, 28, 29, 30, 31, 32, 33, 34, 35, 36, 37, 38, 39, 40, 41, 42, 43, 44, 45, 46, 47, 48, 49, 50, 51, 52, 53)) == sipHash128Reference(char(0, 1, 2, 3, 4, 5, 6, 7, 8, 9, 10, 11, 12, 13, 14, 15, 16, 17, 18, 19, 20, 21, 22, 23, 24, 25, 26, 27, 28, 29, 30, 31, 32, 33, 34, 35, 36, 37, 38, 39, 40, 41, 42, 43, 44, 45, 46, 47, 48, 49, 50, 51, 52, 53));",
            "name": "02552_siphash128_reference.sql"
        },
        {
            "query": "\nselect sipHash128ReferenceKeyed((toUInt64(0),toUInt64(0)),char(0, 1, 2, 3, 4, 5, 6, 7, 8, 9, 10, 11, 12, 13, 14, 15, 16, 17, 18, 19, 20, 21, 22, 23, 24, 25, 26, 27, 28, 29, 30, 31, 32, 33, 34, 35, 36, 37, 38, 39, 40, 41, 42, 43, 44, 45, 46, 47, 48, 49, 50, 51, 52, 53, 54)) == sipHash128Reference(char(0, 1, 2, 3, 4, 5, 6, 7, 8, 9, 10, 11, 12, 13, 14, 15, 16, 17, 18, 19, 20, 21, 22, 23, 24, 25, 26, 27, 28, 29, 30, 31, 32, 33, 34, 35, 36, 37, 38, 39, 40, 41, 42, 43, 44, 45, 46, 47, 48, 49, 50, 51, 52, 53, 54));",
            "name": "02552_siphash128_reference.sql"
        },
        {
            "query": "\nselect sipHash128ReferenceKeyed((toUInt64(0),toUInt64(0)),char(0, 1, 2, 3, 4, 5, 6, 7, 8, 9, 10, 11, 12, 13, 14, 15, 16, 17, 18, 19, 20, 21, 22, 23, 24, 25, 26, 27, 28, 29, 30, 31, 32, 33, 34, 35, 36, 37, 38, 39, 40, 41, 42, 43, 44, 45, 46, 47, 48, 49, 50, 51, 52, 53, 54, 55)) == sipHash128Reference(char(0, 1, 2, 3, 4, 5, 6, 7, 8, 9, 10, 11, 12, 13, 14, 15, 16, 17, 18, 19, 20, 21, 22, 23, 24, 25, 26, 27, 28, 29, 30, 31, 32, 33, 34, 35, 36, 37, 38, 39, 40, 41, 42, 43, 44, 45, 46, 47, 48, 49, 50, 51, 52, 53, 54, 55));",
            "name": "02552_siphash128_reference.sql"
        },
        {
            "query": "\nselect sipHash128ReferenceKeyed((toUInt64(0),toUInt64(0)),char(0, 1, 2, 3, 4, 5, 6, 7, 8, 9, 10, 11, 12, 13, 14, 15, 16, 17, 18, 19, 20, 21, 22, 23, 24, 25, 26, 27, 28, 29, 30, 31, 32, 33, 34, 35, 36, 37, 38, 39, 40, 41, 42, 43, 44, 45, 46, 47, 48, 49, 50, 51, 52, 53, 54, 55, 56)) == sipHash128Reference(char(0, 1, 2, 3, 4, 5, 6, 7, 8, 9, 10, 11, 12, 13, 14, 15, 16, 17, 18, 19, 20, 21, 22, 23, 24, 25, 26, 27, 28, 29, 30, 31, 32, 33, 34, 35, 36, 37, 38, 39, 40, 41, 42, 43, 44, 45, 46, 47, 48, 49, 50, 51, 52, 53, 54, 55, 56));",
            "name": "02552_siphash128_reference.sql"
        },
        {
            "query": "\nselect sipHash128ReferenceKeyed((toUInt64(0),toUInt64(0)),char(0, 1, 2, 3, 4, 5, 6, 7, 8, 9, 10, 11, 12, 13, 14, 15, 16, 17, 18, 19, 20, 21, 22, 23, 24, 25, 26, 27, 28, 29, 30, 31, 32, 33, 34, 35, 36, 37, 38, 39, 40, 41, 42, 43, 44, 45, 46, 47, 48, 49, 50, 51, 52, 53, 54, 55, 56, 57)) == sipHash128Reference(char(0, 1, 2, 3, 4, 5, 6, 7, 8, 9, 10, 11, 12, 13, 14, 15, 16, 17, 18, 19, 20, 21, 22, 23, 24, 25, 26, 27, 28, 29, 30, 31, 32, 33, 34, 35, 36, 37, 38, 39, 40, 41, 42, 43, 44, 45, 46, 47, 48, 49, 50, 51, 52, 53, 54, 55, 56, 57));",
            "name": "02552_siphash128_reference.sql"
        },
        {
            "query": "\nselect sipHash128ReferenceKeyed((toUInt64(0),toUInt64(0)),char(0, 1, 2, 3, 4, 5, 6, 7, 8, 9, 10, 11, 12, 13, 14, 15, 16, 17, 18, 19, 20, 21, 22, 23, 24, 25, 26, 27, 28, 29, 30, 31, 32, 33, 34, 35, 36, 37, 38, 39, 40, 41, 42, 43, 44, 45, 46, 47, 48, 49, 50, 51, 52, 53, 54, 55, 56, 57, 58)) == sipHash128Reference(char(0, 1, 2, 3, 4, 5, 6, 7, 8, 9, 10, 11, 12, 13, 14, 15, 16, 17, 18, 19, 20, 21, 22, 23, 24, 25, 26, 27, 28, 29, 30, 31, 32, 33, 34, 35, 36, 37, 38, 39, 40, 41, 42, 43, 44, 45, 46, 47, 48, 49, 50, 51, 52, 53, 54, 55, 56, 57, 58));",
            "name": "02552_siphash128_reference.sql"
        },
        {
            "query": "\nselect sipHash128ReferenceKeyed((toUInt64(0),toUInt64(0)),char(0, 1, 2, 3, 4, 5, 6, 7, 8, 9, 10, 11, 12, 13, 14, 15, 16, 17, 18, 19, 20, 21, 22, 23, 24, 25, 26, 27, 28, 29, 30, 31, 32, 33, 34, 35, 36, 37, 38, 39, 40, 41, 42, 43, 44, 45, 46, 47, 48, 49, 50, 51, 52, 53, 54, 55, 56, 57, 58, 59)) == sipHash128Reference(char(0, 1, 2, 3, 4, 5, 6, 7, 8, 9, 10, 11, 12, 13, 14, 15, 16, 17, 18, 19, 20, 21, 22, 23, 24, 25, 26, 27, 28, 29, 30, 31, 32, 33, 34, 35, 36, 37, 38, 39, 40, 41, 42, 43, 44, 45, 46, 47, 48, 49, 50, 51, 52, 53, 54, 55, 56, 57, 58, 59));",
            "name": "02552_siphash128_reference.sql"
        },
        {
            "query": "\nselect sipHash128ReferenceKeyed((toUInt64(0),toUInt64(0)),char(0, 1, 2, 3, 4, 5, 6, 7, 8, 9, 10, 11, 12, 13, 14, 15, 16, 17, 18, 19, 20, 21, 22, 23, 24, 25, 26, 27, 28, 29, 30, 31, 32, 33, 34, 35, 36, 37, 38, 39, 40, 41, 42, 43, 44, 45, 46, 47, 48, 49, 50, 51, 52, 53, 54, 55, 56, 57, 58, 59, 60)) == sipHash128Reference(char(0, 1, 2, 3, 4, 5, 6, 7, 8, 9, 10, 11, 12, 13, 14, 15, 16, 17, 18, 19, 20, 21, 22, 23, 24, 25, 26, 27, 28, 29, 30, 31, 32, 33, 34, 35, 36, 37, 38, 39, 40, 41, 42, 43, 44, 45, 46, 47, 48, 49, 50, 51, 52, 53, 54, 55, 56, 57, 58, 59, 60));",
            "name": "02552_siphash128_reference.sql"
        },
        {
            "query": "\nselect sipHash128ReferenceKeyed((toUInt64(0),toUInt64(0)),char(0, 1, 2, 3, 4, 5, 6, 7, 8, 9, 10, 11, 12, 13, 14, 15, 16, 17, 18, 19, 20, 21, 22, 23, 24, 25, 26, 27, 28, 29, 30, 31, 32, 33, 34, 35, 36, 37, 38, 39, 40, 41, 42, 43, 44, 45, 46, 47, 48, 49, 50, 51, 52, 53, 54, 55, 56, 57, 58, 59, 60, 61)) == sipHash128Reference(char(0, 1, 2, 3, 4, 5, 6, 7, 8, 9, 10, 11, 12, 13, 14, 15, 16, 17, 18, 19, 20, 21, 22, 23, 24, 25, 26, 27, 28, 29, 30, 31, 32, 33, 34, 35, 36, 37, 38, 39, 40, 41, 42, 43, 44, 45, 46, 47, 48, 49, 50, 51, 52, 53, 54, 55, 56, 57, 58, 59, 60, 61));",
            "name": "02552_siphash128_reference.sql"
        },
        {
            "query": "\nselect sipHash128ReferenceKeyed((toUInt64(0),toUInt64(0)),char(0, 1, 2, 3, 4, 5, 6, 7, 8, 9, 10, 11, 12, 13, 14, 15, 16, 17, 18, 19, 20, 21, 22, 23, 24, 25, 26, 27, 28, 29, 30, 31, 32, 33, 34, 35, 36, 37, 38, 39, 40, 41, 42, 43, 44, 45, 46, 47, 48, 49, 50, 51, 52, 53, 54, 55, 56, 57, 58, 59, 60, 61, 62)) == sipHash128Reference(char(0, 1, 2, 3, 4, 5, 6, 7, 8, 9, 10, 11, 12, 13, 14, 15, 16, 17, 18, 19, 20, 21, 22, 23, 24, 25, 26, 27, 28, 29, 30, 31, 32, 33, 34, 35, 36, 37, 38, 39, 40, 41, 42, 43, 44, 45, 46, 47, 48, 49, 50, 51, 52, 53, 54, 55, 56, 57, 58, 59, 60, 61, 62));",
            "name": "02552_siphash128_reference.sql"
        },
        {
            "query": "\nselect sipHash128ReferenceKeyed((toUInt64(0),toUInt64(0)),char(0, 1, 2, 3, 4, 5, 6, 7, 8, 9, 10, 11, 12, 13, 14, 15, 16, 17, 18, 19, 20, 21, 22, 23, 24, 25, 26, 27, 28, 29, 30, 31, 32, 33, 34, 35, 36, 37, 38, 39, 40, 41, 42, 43, 44, 45, 46, 47, 48, 49, 50, 51, 52, 53, 54, 55, 56, 57, 58, 59, 60, 61, 62, 63)) == sipHash128Reference(char(0, 1, 2, 3, 4, 5, 6, 7, 8, 9, 10, 11, 12, 13, 14, 15, 16, 17, 18, 19, 20, 21, 22, 23, 24, 25, 26, 27, 28, 29, 30, 31, 32, 33, 34, 35, 36, 37, 38, 39, 40, 41, 42, 43, 44, 45, 46, 47, 48, 49, 50, 51, 52, 53, 54, 55, 56, 57, 58, 59, 60, 61, 62, 63));",
            "name": "02552_siphash128_reference.sql"
        },
        {
            "query": "\n\nselect sipHash128ReferenceKeyed((0, 0), '1');",
            "name": "02552_siphash128_reference.sql"
        },
        {
            "query": " -- { serverError NOT_IMPLEMENTED }\nselect sipHash128ReferenceKeyed(toUInt64(0), '1');",
            "name": "02552_siphash128_reference.sql"
        },
        {
            "query": " -- { serverError NOT_IMPLEMENTED }\n\nSELECT hex(sipHash128Reference()) = hex(reverse(unhex('1CE422FEE7BD8DE20000000000000000'))) or hex(sipHash128()) = '1CE422FEE7BD8DE20000000000000000';",
            "name": "02552_siphash128_reference.sql"
        },
        {
            "query": "\nSELECT hex(sipHash128ReferenceKeyed()) = hex(reverse(unhex('1CE422FEE7BD8DE20000000000000000'))) or hex(sipHash128Keyed()) = '1CE422FEE7BD8DE20000000000000000';",
            "name": "02552_siphash128_reference.sql"
        },
        {
            "query": "\n\nSELECT 'Check bug with hashing of const integer values';",
            "name": "02552_siphash128_reference.sql"
        },
        {
            "query": "\nDROP TABLE IF EXISTS tab;",
            "name": "02552_siphash128_reference.sql"
        },
        {
            "query": "\nCREATE TABLE tab (key Tuple(UInt64, UInt64), val UInt64) ENGINE=Memory;",
            "name": "02552_siphash128_reference.sql"
        },
        {
            "query": "\nINSERT INTO tab VALUES ((2, 2), 4);",
            "name": "02552_siphash128_reference.sql"
        },
        {
            "query": "\n-- these two statements must produce the same result\nSELECT hex(sipHash128ReferenceKeyed(key, val)) FROM tab;",
            "name": "02552_siphash128_reference.sql"
        },
        {
            "query": "\nSELECT hex(sipHash128ReferenceKeyed(key, 4::UInt64)) FROM tab;",
            "name": "02552_siphash128_reference.sql"
        },
        {
            "query": "\nDROP TABLE tab;",
            "name": "02552_siphash128_reference.sql"
        },
        {
            "query": "\n\nSELECT 'Check memsan bug';",
            "name": "02552_siphash128_reference.sql"
        },
        {
            "query": "\nSELECT hex(sipHash128ReferenceKeyed((toUInt64(2), toUInt64(-9223372036854775807)))) GROUP BY (toUInt64(506097522914230528), toUInt64(now64(2, NULL + NULL), 1084818905618843912)), toUInt64(2), NULL + NULL, char(-2147483649, 1);",
            "name": "02552_siphash128_reference.sql"
        },
        {
            "query": "\n\nSELECT 'Check const columns';",
            "name": "02552_siphash128_reference.sql"
        },
        {
            "query": "\nDROP TABLE IF EXISTS sipHashKeyed_test;",
            "name": "02552_siphash128_reference.sql"
        },
        {
            "query": "\nCREATE TABLE sipHashKeyed_test ENGINE = Memory() AS SELECT 1 a, 'test' b;",
            "name": "02552_siphash128_reference.sql"
        },
        {
            "query": "\nSELECT hex(sipHash128ReferenceKeyed((toUInt64(0), toUInt64(0)), 1, 'test'));",
            "name": "02552_siphash128_reference.sql"
        },
        {
            "query": "\nSELECT hex(sipHash128Reference(tuple(*))) FROM sipHashKeyed_test;",
            "name": "02552_siphash128_reference.sql"
        },
        {
            "query": "\nSELECT hex(sipHash128ReferenceKeyed((toUInt64(0), toUInt64(0)), tuple(*))) FROM sipHashKeyed_test;",
            "name": "02552_siphash128_reference.sql"
        },
        {
            "query": "\nSELECT hex(sipHash128ReferenceKeyed((toUInt64(0), toUInt64(0)), a, b)) FROM sipHashKeyed_test;",
            "name": "02552_siphash128_reference.sql"
        },
        {
            "query": "\nDROP TABLE sipHashKeyed_test;",
            "name": "02552_siphash128_reference.sql"
        },
        {
            "query": "\n\nSELECT 'Check multiple keys as tuple from a table';",
            "name": "02552_siphash128_reference.sql"
        },
        {
            "query": "\nDROP TABLE IF EXISTS sipHashKeyed_keys;",
            "name": "02552_siphash128_reference.sql"
        },
        {
            "query": "\nCREATE TABLE sipHashKeyed_keys (key Tuple(UInt64, UInt64), val UInt64) ENGINE=Memory;",
            "name": "02552_siphash128_reference.sql"
        },
        {
            "query": "\nINSERT INTO sipHashKeyed_keys VALUES ((2, 2), 4);",
            "name": "02552_siphash128_reference.sql"
        },
        {
            "query": "\nINSERT INTO sipHashKeyed_keys VALUES ((4, 4), 4);",
            "name": "02552_siphash128_reference.sql"
        },
        {
            "query": "\nSELECT hex(sipHash128ReferenceKeyed(key, val)) FROM sipHashKeyed_keys ORDER by key;",
            "name": "02552_siphash128_reference.sql"
        },
        {
            "query": "\nDROP TABLE sipHashKeyed_keys;",
            "name": "02552_siphash128_reference.sql"
        },
        {
            "query": "\n\nSELECT 'Check multiple keys as separate ints from a table';",
            "name": "02552_siphash128_reference.sql"
        },
        {
            "query": "\nDROP TABLE IF EXISTS sipHashKeyed_keys;",
            "name": "02552_siphash128_reference.sql"
        },
        {
            "query": "\nCREATE TABLE sipHashKeyed_keys (key0 UInt64, key1 UInt64, val UInt64) ENGINE=Memory;",
            "name": "02552_siphash128_reference.sql"
        },
        {
            "query": "\nINSERT INTO sipHashKeyed_keys VALUES (2, 2, 4);",
            "name": "02552_siphash128_reference.sql"
        },
        {
            "query": "\nINSERT INTO sipHashKeyed_keys VALUES (4, 4, 4);",
            "name": "02552_siphash128_reference.sql"
        },
        {
            "query": "\nSELECT hex(sipHash128ReferenceKeyed((key0, key1), val)) FROM sipHashKeyed_keys ORDER by key0;",
            "name": "02552_siphash128_reference.sql"
        },
        {
            "query": "\nSELECT 'Check constant key and data from a table';",
            "name": "02552_siphash128_reference.sql"
        },
        {
            "query": "\nSELECT hex(sipHash128ReferenceKeyed((2::UInt64, 2::UInt64), val)) FROM sipHashKeyed_keys ORDER by val;",
            "name": "02552_siphash128_reference.sql"
        },
        {
            "query": "\nDROP TABLE sipHashKeyed_keys;",
            "name": "02552_siphash128_reference.sql"
        },
        {
            "query": "\n\nSELECT 'Check multiple keys as separate ints from a table with constant data';",
            "name": "02552_siphash128_reference.sql"
        },
        {
            "query": "\nDROP TABLE IF EXISTS sipHashKeyed_keys;",
            "name": "02552_siphash128_reference.sql"
        },
        {
            "query": "\nCREATE TABLE sipHashKeyed_keys (key0 UInt64, key1 UInt64) ENGINE=Memory;",
            "name": "02552_siphash128_reference.sql"
        },
        {
            "query": "\nINSERT INTO sipHashKeyed_keys VALUES (2, 2);",
            "name": "02552_siphash128_reference.sql"
        },
        {
            "query": "\nINSERT INTO sipHashKeyed_keys VALUES (4, 4);",
            "name": "02552_siphash128_reference.sql"
        },
        {
            "query": "\nSELECT hex(sipHash128ReferenceKeyed((key0, key1), 4::UInt64)) FROM sipHashKeyed_keys ORDER by key0;",
            "name": "02552_siphash128_reference.sql"
        },
        {
            "query": "\nDROP TABLE sipHashKeyed_keys;",
            "name": "02552_siphash128_reference.sql"
        }
    ]
}