{
    "name": "00048_b_stored_aggregates_merge.sql",
    "tests": [
        {
            "query": "DROP TABLE IF EXISTS stored_aggregates;",
            "name": "00048_b_stored_aggregates_merge.sql"
        },
        {
            "query": "\n\nset allow_deprecated_syntax_for_merge_tree=1;",
            "name": "00048_b_stored_aggregates_merge.sql"
        },
        {
            "query": "\nCREATE TABLE stored_aggregates\n(\n\td\tDate,\n\tUniq \t\tAggregateFunction(uniq, UInt64)\n)\nENGINE = AggregatingMergeTree(d, d, 8192);",
            "name": "00048_b_stored_aggregates_merge.sql"
        },
        {
            "query": "\n\nINSERT INTO stored_aggregates\nSELECT\n\ttoDate(toUInt16(toDate('2014-06-01')) + intDiv(number, 100)) AS d,\n\tuniqState(intDiv(number, 10)) AS Uniq\nFROM\n(\n\tSELECT * FROM system.numbers LIMIT 1000\n)\nGROUP BY d;",
            "name": "00048_b_stored_aggregates_merge.sql"
        },
        {
            "query": "\n\nSELECT uniqMerge(Uniq) FROM stored_aggregates;",
            "name": "00048_b_stored_aggregates_merge.sql"
        },
        {
            "query": "\n\nSELECT d, uniqMerge(Uniq) FROM stored_aggregates GROUP BY d ORDER BY d;",
            "name": "00048_b_stored_aggregates_merge.sql"
        },
        {
            "query": "\n\nINSERT INTO stored_aggregates\nSELECT\n\ttoDate(toUInt16(toDate('2014-06-01')) + intDiv(number, 100)) AS d,\n\tuniqState(intDiv(number + 50, 10)) AS Uniq\nFROM\n(\n\tSELECT * FROM system.numbers LIMIT 500, 1000\n)\nGROUP BY d;",
            "name": "00048_b_stored_aggregates_merge.sql"
        },
        {
            "query": "\n\nSELECT uniqMerge(Uniq) FROM stored_aggregates;",
            "name": "00048_b_stored_aggregates_merge.sql"
        },
        {
            "query": "\n\nSELECT d, uniqMerge(Uniq) FROM stored_aggregates GROUP BY d ORDER BY d;",
            "name": "00048_b_stored_aggregates_merge.sql"
        },
        {
            "query": "\n\nOPTIMIZE TABLE stored_aggregates;",
            "name": "00048_b_stored_aggregates_merge.sql"
        },
        {
            "query": "\n\nSELECT uniqMerge(Uniq) FROM stored_aggregates;",
            "name": "00048_b_stored_aggregates_merge.sql"
        },
        {
            "query": "\n\nSELECT d, uniqMerge(Uniq) FROM stored_aggregates GROUP BY d ORDER BY d;",
            "name": "00048_b_stored_aggregates_merge.sql"
        },
        {
            "query": "\n\nDROP TABLE stored_aggregates;",
            "name": "00048_b_stored_aggregates_merge.sql"
        }
    ]
}