{
    "name": "00685_output_format_json_escape_forward_slashes.sql",
    "tests": [
        {
            "query": "-- Tags: no-fasttest\n\nSET output_format_json_escape_forward_slashes = 1;",
            "name": "00685_output_format_json_escape_forward_slashes.sql"
        },
        {
            "query": "\nselect '/some/cool/url' as url format JSONEachRow;",
            "name": "00685_output_format_json_escape_forward_slashes.sql"
        },
        {
            "query": "\nSET output_format_json_escape_forward_slashes = 0;",
            "name": "00685_output_format_json_escape_forward_slashes.sql"
        },
        {
            "query": "\nselect '/some/cool/url' as url format JSONEachRow;",
            "name": "00685_output_format_json_escape_forward_slashes.sql"
        }
    ]
}