{
    "name": "02752_forbidden_headers.sql",
    "tests": [
        {
            "query": "-- Tags: no-fasttest\n-- Tag no-fasttest: Depends on AWS\n\nSELECT * FROM url('http://localhost:8123/', LineAsString, headers('exact_header' = 'value'));",
            "name": "02752_forbidden_headers.sql"
        },
        {
            "query": " -- { serverError BAD_ARGUMENTS }\nSELECT * FROM url('http://localhost:8123/', LineAsString, headers('cAsE_INSENSITIVE_header' = 'value'));",
            "name": "02752_forbidden_headers.sql"
        },
        {
            "query": " -- { serverError BAD_ARGUMENTS }\nSELECT * FROM url('http://localhost:8123/', LineAsString, headers('bad_header_name: test\\nexact_header' = 'value'));",
            "name": "02752_forbidden_headers.sql"
        },
        {
            "query": " -- { serverError BAD_ARGUMENTS }\nSELECT * FROM url('http://localhost:8123/', LineAsString, headers('bad_header_value' = 'test\\nexact_header: value'));",
            "name": "02752_forbidden_headers.sql"
        },
        {
            "query": " -- { serverError BAD_ARGUMENTS }\nSELECT * FROM url('http://localhost:8123/', LineAsString, headers('random_header' = 'value')) FORMAT Null;",
            "name": "02752_forbidden_headers.sql"
        },
        {
            "query": "\n\nSELECT * FROM urlCluster('test_cluster_two_shards_localhost', 'http://localhost:8123/', LineAsString, headers('exact_header' = 'value'));",
            "name": "02752_forbidden_headers.sql"
        },
        {
            "query": " -- { serverError BAD_ARGUMENTS }\nSELECT * FROM urlCluster('test_cluster_two_shards_localhost', 'http://localhost:8123/', LineAsString, headers('cAsE_INSENSITIVE_header' = 'value'));",
            "name": "02752_forbidden_headers.sql"
        },
        {
            "query": " -- { serverError BAD_ARGUMENTS }\nSELECT * FROM urlCluster('test_cluster_two_shards_localhost', 'http://localhost:8123/', LineAsString, headers('bad_header_name: test\\nexact_header' = 'value'));",
            "name": "02752_forbidden_headers.sql"
        },
        {
            "query": " -- { serverError BAD_ARGUMENTS }\nSELECT * FROM urlCluster('test_cluster_two_shards_localhost', 'http://localhost:8123/', LineAsString, headers('bad_header_value' = 'test\\nexact_header: value'));",
            "name": "02752_forbidden_headers.sql"
        },
        {
            "query": " -- { serverError BAD_ARGUMENTS }\nSELECT * FROM urlCluster('test_cluster_two_shards_localhost', 'http://localhost:8123/', LineAsString, headers('random_header' = 'value')) FORMAT Null;",
            "name": "02752_forbidden_headers.sql"
        },
        {
            "query": "\n\nSELECT * FROM s3('http://localhost:8123/123/4', LineAsString, headers('exact_header' = 'value'));",
            "name": "02752_forbidden_headers.sql"
        },
        {
            "query": " -- { serverError BAD_ARGUMENTS }\nSELECT * FROM s3('http://localhost:8123/123/4', LineAsString, headers('cAsE_INSENSITIVE_header' = 'value'));",
            "name": "02752_forbidden_headers.sql"
        },
        {
            "query": " -- { serverError BAD_ARGUMENTS }\nSELECT * FROM s3('http://localhost:8123/123/4', LineAsString, headers('bad_header_name: test\\nexact_header' = 'value'));",
            "name": "02752_forbidden_headers.sql"
        },
        {
            "query": " -- { serverError BAD_ARGUMENTS }\nSELECT * FROM s3('http://localhost:8123/123/4', LineAsString, headers('bad_header_value' = 'test\\nexact_header: value'));",
            "name": "02752_forbidden_headers.sql"
        },
        {
            "query": " -- { serverError BAD_ARGUMENTS }\nSELECT * FROM s3('http://localhost:8123/123/4', LineAsString, headers('random_header' = 'value'));",
            "name": "02752_forbidden_headers.sql"
        },
        {
            "query": " -- { serverError S3_ERROR }\n\nSELECT * FROM s3Cluster('test_cluster_two_shards_localhost', 'http://localhost:8123/123/4', LineAsString, headers('exact_header' = 'value'));",
            "name": "02752_forbidden_headers.sql"
        },
        {
            "query": " -- { serverError BAD_ARGUMENTS }\nSELECT * FROM s3Cluster('test_cluster_two_shards_localhost', 'http://localhost:8123/123/4', LineAsString, headers('cAsE_INSENSITIVE_header' = 'value'));",
            "name": "02752_forbidden_headers.sql"
        },
        {
            "query": " -- { serverError BAD_ARGUMENTS }\nSELECT * FROM s3Cluster('test_cluster_two_shards_localhost', 'http://localhost:8123/123/4', LineAsString, headers('bad_header_name: test\\nexact_header' = 'value'));",
            "name": "02752_forbidden_headers.sql"
        },
        {
            "query": " -- { serverError BAD_ARGUMENTS }\nSELECT * FROM s3Cluster('test_cluster_two_shards_localhost', 'http://localhost:8123/123/4', LineAsString, headers('bad_header_value' = 'test\\nexact_header: value'));",
            "name": "02752_forbidden_headers.sql"
        },
        {
            "query": " -- { serverError BAD_ARGUMENTS }\nSELECT * FROM s3Cluster('test_cluster_two_shards_localhost', 'http://localhost:8123/123/4', LineAsString, headers('random_header' = 'value'));",
            "name": "02752_forbidden_headers.sql"
        },
        {
            "query": " -- { serverError S3_ERROR }\n;",
            "name": "02752_forbidden_headers.sql"
        }
    ]
}