{
    "name": "02703_row_policy_for_database.sql",
    "tests": [
        {
            "query": "-- Tags: no-parallel\n\nDROP DATABASE IF EXISTS db1_02703;",
            "name": "02703_row_policy_for_database.sql"
        },
        {
            "query": "\nDROP USER IF EXISTS u1_02703;",
            "name": "02703_row_policy_for_database.sql"
        },
        {
            "query": "\nCREATE USER u1_02703;",
            "name": "02703_row_policy_for_database.sql"
        },
        {
            "query": "\n\nCREATE DATABASE db1_02703;",
            "name": "02703_row_policy_for_database.sql"
        },
        {
            "query": "\n\nCREATE TABLE db1_02703.02703_rqtable (x UInt8) ENGINE = MergeTree ORDER BY x;",
            "name": "02703_row_policy_for_database.sql"
        },
        {
            "query": "\nINSERT INTO db1_02703.02703_rqtable VALUES (1), (2), (3), (4);",
            "name": "02703_row_policy_for_database.sql"
        },
        {
            "query": "\n\n\nSELECT '-- row policies for database';",
            "name": "02703_row_policy_for_database.sql"
        },
        {
            "query": "\nCREATE ROW POLICY db1_02703 ON db1_02703.* USING 1 AS PERMISSIVE TO ALL;",
            "name": "02703_row_policy_for_database.sql"
        },
        {
            "query": "\nCREATE ROW POLICY tbl1_02703 ON db1_02703.table USING 1 AS PERMISSIVE TO ALL;",
            "name": "02703_row_policy_for_database.sql"
        },
        {
            "query": "\nSELECT '  -- SHOW CREATE POLICY db1_02703 ON db1_02703.*';",
            "name": "02703_row_policy_for_database.sql"
        },
        {
            "query": "\nSHOW CREATE POLICY db1_02703 ON db1_02703.*;",
            "name": "02703_row_policy_for_database.sql"
        },
        {
            "query": "\nSELECT '  -- SHOW CREATE POLICY ON db1_02703.*';",
            "name": "02703_row_policy_for_database.sql"
        },
        {
            "query": "\nSHOW CREATE POLICY ON db1_02703.*;",
            "name": "02703_row_policy_for_database.sql"
        },
        {
            "query": "\nSELECT '  -- SHOW CREATE POLICY ON db1_02703.`*`';",
            "name": "02703_row_policy_for_database.sql"
        },
        {
            "query": "\nSHOW CREATE POLICY ON db1_02703.`*`;",
            "name": "02703_row_policy_for_database.sql"
        },
        {
            "query": "\nDROP POLICY db1_02703 ON db1_02703.*;",
            "name": "02703_row_policy_for_database.sql"
        },
        {
            "query": "\nDROP POLICY tbl1_02703 ON db1_02703.table;",
            "name": "02703_row_policy_for_database.sql"
        },
        {
            "query": "\n\nCREATE ROW POLICY any_02703 ON *.some_table USING 1 AS PERMISSIVE TO ALL;",
            "name": "02703_row_policy_for_database.sql"
        },
        {
            "query": " -- { clientError 62 }\n\nCREATE TABLE 02703_rqtable_default (x UInt8) ENGINE = MergeTree ORDER BY x;",
            "name": "02703_row_policy_for_database.sql"
        },
        {
            "query": "\n\nCREATE ROW POLICY 02703_filter_11_db ON * USING x=1 AS permissive TO ALL;",
            "name": "02703_row_policy_for_database.sql"
        },
        {
            "query": "\nCREATE ROW POLICY 02703_filter_11 ON 02703_rqtable_default USING x=2 AS permissive TO ALL;",
            "name": "02703_row_policy_for_database.sql"
        },
        {
            "query": "\n\nINSERT INTO 02703_rqtable_default VALUES (1), (2), (3), (4);",
            "name": "02703_row_policy_for_database.sql"
        },
        {
            "query": "\n\nSELECT 'R1, R2: (x == 1) OR (x == 2)';",
            "name": "02703_row_policy_for_database.sql"
        },
        {
            "query": "\nSELECT * FROM 02703_rqtable_default;",
            "name": "02703_row_policy_for_database.sql"
        },
        {
            "query": "\n\nDROP TABLE 02703_rqtable_default;",
            "name": "02703_row_policy_for_database.sql"
        },
        {
            "query": "\n\nSELECT 'Check system.query_log';",
            "name": "02703_row_policy_for_database.sql"
        },
        {
            "query": "\nSYSTEM FLUSH LOGS;",
            "name": "02703_row_policy_for_database.sql"
        },
        {
            "query": "\nSELECT query, used_row_policies FROM system.query_log WHERE current_database == currentDatabase() AND type == 'QueryStart' AND query_kind == 'Select' ORDER BY event_time_microseconds;",
            "name": "02703_row_policy_for_database.sql"
        },
        {
            "query": "\n\nDROP ROW POLICY 02703_filter_11_db ON *;",
            "name": "02703_row_policy_for_database.sql"
        },
        {
            "query": "\nDROP ROW POLICY 02703_filter_11 ON 02703_rqtable_default;",
            "name": "02703_row_policy_for_database.sql"
        },
        {
            "query": "\n\nUSE db1_02703;",
            "name": "02703_row_policy_for_database.sql"
        },
        {
            "query": "\nSELECT '  -- CREATE DATABASE-LEVEL POLICY IN CURRENT DATABASE';",
            "name": "02703_row_policy_for_database.sql"
        },
        {
            "query": "\nCREATE ROW POLICY db2_02703 ON * TO u1_02703;",
            "name": "02703_row_policy_for_database.sql"
        },
        {
            "query": "\nSHOW CREATE POLICY db2_02703 ON *;",
            "name": "02703_row_policy_for_database.sql"
        },
        {
            "query": "\n\nDROP ROW POLICY db2_02703 ON *;",
            "name": "02703_row_policy_for_database.sql"
        },
        {
            "query": "\n\nDROP USER u1_02703;",
            "name": "02703_row_policy_for_database.sql"
        }
    ]
}