{
    "name": "01319_optimize_skip_unused_shards_nesting.sql",
    "tests": [
        {
            "query": "-- Tags: shard\n\ndrop table if exists data_01319;",
            "name": "01319_optimize_skip_unused_shards_nesting.sql"
        },
        {
            "query": "\ndrop table if exists dist_01319;",
            "name": "01319_optimize_skip_unused_shards_nesting.sql"
        },
        {
            "query": "\ndrop table if exists dist_layer_01319;",
            "name": "01319_optimize_skip_unused_shards_nesting.sql"
        },
        {
            "query": "\n\ncreate table data_01319 (key Int, sub_key Int) Engine=Null();",
            "name": "01319_optimize_skip_unused_shards_nesting.sql"
        },
        {
            "query": "\n\ncreate table dist_layer_01319 as data_01319 Engine=Distributed(test_cluster_two_shards, currentDatabase(), data_01319, sub_key);",
            "name": "01319_optimize_skip_unused_shards_nesting.sql"
        },
        {
            "query": "\n-- test_unavailable_shard here to check that optimize_skip_unused_shards always\n-- remove some nodes from the cluster for the first nesting level\ncreate table dist_01319 as data_01319 Engine=Distributed(test_unavailable_shard, currentDatabase(), dist_layer_01319, key+1);",
            "name": "01319_optimize_skip_unused_shards_nesting.sql"
        },
        {
            "query": "\n\nset optimize_skip_unused_shards=1;",
            "name": "01319_optimize_skip_unused_shards_nesting.sql"
        },
        {
            "query": "\nset force_optimize_skip_unused_shards=1;",
            "name": "01319_optimize_skip_unused_shards_nesting.sql"
        },
        {
            "query": "\n\nset force_optimize_skip_unused_shards_nesting=2;",
            "name": "01319_optimize_skip_unused_shards_nesting.sql"
        },
        {
            "query": "\nset optimize_skip_unused_shards_nesting=2;",
            "name": "01319_optimize_skip_unused_shards_nesting.sql"
        },
        {
            "query": "\nselect * from dist_01319 where key = 1;",
            "name": "01319_optimize_skip_unused_shards_nesting.sql"
        },
        {
            "query": " -- { serverError 507 }\nset force_optimize_skip_unused_shards_nesting=1;",
            "name": "01319_optimize_skip_unused_shards_nesting.sql"
        },
        {
            "query": "\nselect * from dist_01319 where key = 1;",
            "name": "01319_optimize_skip_unused_shards_nesting.sql"
        },
        {
            "query": "\nset force_optimize_skip_unused_shards_nesting=2;",
            "name": "01319_optimize_skip_unused_shards_nesting.sql"
        },
        {
            "query": "\nset optimize_skip_unused_shards_nesting=1;",
            "name": "01319_optimize_skip_unused_shards_nesting.sql"
        },
        {
            "query": "\nselect * from dist_01319 where key = 1;",
            "name": "01319_optimize_skip_unused_shards_nesting.sql"
        },
        {
            "query": "\n\ndrop table data_01319;",
            "name": "01319_optimize_skip_unused_shards_nesting.sql"
        },
        {
            "query": "\ndrop table dist_01319;",
            "name": "01319_optimize_skip_unused_shards_nesting.sql"
        },
        {
            "query": "\ndrop table dist_layer_01319;",
            "name": "01319_optimize_skip_unused_shards_nesting.sql"
        }
    ]
}