{
    "name": "01070_h3_to_children.sql",
    "tests": [
        {
            "query": "-- Tags: no-fasttest\n\nSELECT h3ToChildren(599405990164561919, 16);",
            "name": "01070_h3_to_children.sql"
        },
        {
            "query": " -- { serverError 69 }\n\nDROP TABLE IF EXISTS h3_indexes;",
            "name": "01070_h3_to_children.sql"
        },
        {
            "query": "\n\nCREATE TABLE h3_indexes (h3_index UInt64, res UInt8) ENGINE = Memory;",
            "name": "01070_h3_to_children.sql"
        },
        {
            "query": "\n\nINSERT INTO h3_indexes VALUES (599405990164561919, 3);",
            "name": "01070_h3_to_children.sql"
        },
        {
            "query": "\nINSERT INTO h3_indexes VALUES (599405990164561919, 6);",
            "name": "01070_h3_to_children.sql"
        },
        {
            "query": "\nINSERT INTO h3_indexes VALUES (599405990164561919, 8);",
            "name": "01070_h3_to_children.sql"
        },
        {
            "query": "\n\n\nSELECT arraySort(h3ToChildren(h3_index,res)) FROM h3_indexes ORDER BY res;",
            "name": "01070_h3_to_children.sql"
        },
        {
            "query": "\n\nDROP TABLE h3_indexes;",
            "name": "01070_h3_to_children.sql"
        }
    ]
}