{
    "name": "02457_tuple_of_intervals.sql",
    "tests": [
        {
            "query": "EXPLAIN SYNTAX SELECT INTERVAL '-1 SECOND 2 MINUTE -3 MONTH 1 YEAR';",
            "name": "02457_tuple_of_intervals.sql"
        },
        {
            "query": "\n\nSELECT '---';",
            "name": "02457_tuple_of_intervals.sql"
        },
        {
            "query": "\n\nSELECT negate(INTERVAL 1 SECOND);",
            "name": "02457_tuple_of_intervals.sql"
        },
        {
            "query": "\nSELECT addTupleOfIntervals('2022-10-11'::Date, tuple(INTERVAL 1 DAY));",
            "name": "02457_tuple_of_intervals.sql"
        },
        {
            "query": "\nSELECT subtractTupleOfIntervals('2022-10-11'::Date, tuple(INTERVAL 1 DAY));",
            "name": "02457_tuple_of_intervals.sql"
        },
        {
            "query": "\nSELECT addInterval(tuple(INTERVAL 1 SECOND), INTERVAL 1 SECOND);",
            "name": "02457_tuple_of_intervals.sql"
        },
        {
            "query": "\nSELECT subtractInterval(tuple(INTERVAL 1 SECOND), INTERVAL 1 SECOND);",
            "name": "02457_tuple_of_intervals.sql"
        },
        {
            "query": "\n\nSELECT addTupleOfIntervals('2022-10-11'::Date, (INTERVAL 1 DAY, INTERVAL 1 MONTH));",
            "name": "02457_tuple_of_intervals.sql"
        },
        {
            "query": "\nSELECT subtractTupleOfIntervals('2022-10-11'::Date, (INTERVAL 1 DAY, INTERVAL 1 MONTH));",
            "name": "02457_tuple_of_intervals.sql"
        },
        {
            "query": "\nSELECT addInterval((INTERVAL 1 DAY, INTERVAL 1 SECOND), INTERVAL 1 SECOND);",
            "name": "02457_tuple_of_intervals.sql"
        },
        {
            "query": "\nSELECT subtractInterval(tuple(INTERVAL 1 DAY, INTERVAL 1 SECOND), INTERVAL 1 SECOND);",
            "name": "02457_tuple_of_intervals.sql"
        },
        {
            "query": "\n\nSELECT '---';",
            "name": "02457_tuple_of_intervals.sql"
        },
        {
            "query": "\n\nSELECT '2022-10-11'::Date + tuple(INTERVAL 1 DAY);",
            "name": "02457_tuple_of_intervals.sql"
        },
        {
            "query": "\nSELECT '2022-10-11'::Date - tuple(INTERVAL 1 DAY);",
            "name": "02457_tuple_of_intervals.sql"
        },
        {
            "query": "\nSELECT tuple(INTERVAL 1 DAY) + '2022-10-11'::Date;",
            "name": "02457_tuple_of_intervals.sql"
        },
        {
            "query": "\nSELECT tuple(INTERVAL 1 DAY) - '2022-10-11'::Date;",
            "name": "02457_tuple_of_intervals.sql"
        },
        {
            "query": " -- { serverError 43 }\n\nWITH tuple(INTERVAL 1 SECOND) + INTERVAL 1 SECOND as expr SELECT expr, toTypeName(expr);",
            "name": "02457_tuple_of_intervals.sql"
        },
        {
            "query": "\nWITH tuple(INTERVAL 1 SECOND) - INTERVAL 1 SECOND as expr SELECT expr, toTypeName(expr);",
            "name": "02457_tuple_of_intervals.sql"
        },
        {
            "query": "\nWITH INTERVAL 1 SECOND + tuple(INTERVAL 1 SECOND) as expr SELECT expr, toTypeName(expr);",
            "name": "02457_tuple_of_intervals.sql"
        },
        {
            "query": " -- { serverError 43 }\nWITH INTERVAL 1 SECOND - tuple(INTERVAL 1 SECOND) as expr SELECT expr, toTypeName(expr);",
            "name": "02457_tuple_of_intervals.sql"
        },
        {
            "query": " -- { serverError 43 }\n\nSELECT '---';",
            "name": "02457_tuple_of_intervals.sql"
        },
        {
            "query": "\n\nWITH INTERVAL 1 SECOND + INTERVAL 1 SECOND + INTERVAL 1 SECOND as expr SELECT expr, toTypeName(expr);",
            "name": "02457_tuple_of_intervals.sql"
        },
        {
            "query": "\nWITH INTERVAL 1 HOUR + INTERVAL 1 SECOND + INTERVAL 1 SECOND as expr SELECT expr, toTypeName(expr);",
            "name": "02457_tuple_of_intervals.sql"
        },
        {
            "query": "\nWITH INTERVAL 1 SECOND + INTERVAL 1 HOUR + INTERVAL 1 SECOND as expr SELECT expr, toTypeName(expr);",
            "name": "02457_tuple_of_intervals.sql"
        },
        {
            "query": "\nWITH INTERVAL 1 SECOND + INTERVAL 1 SECOND + INTERVAL 1 HOUR as expr SELECT expr, toTypeName(expr);",
            "name": "02457_tuple_of_intervals.sql"
        },
        {
            "query": "\n\nWITH - INTERVAL 1 SECOND - INTERVAL 1 SECOND - INTERVAL 1 SECOND as expr SELECT expr, toTypeName(expr);",
            "name": "02457_tuple_of_intervals.sql"
        },
        {
            "query": "\nWITH - INTERVAL 1 HOUR - INTERVAL 1 SECOND - INTERVAL 1 SECOND as expr SELECT expr, toTypeName(expr);",
            "name": "02457_tuple_of_intervals.sql"
        },
        {
            "query": "\nWITH - INTERVAL 1 SECOND - INTERVAL 1 HOUR - INTERVAL 1 SECOND as expr SELECT expr, toTypeName(expr);",
            "name": "02457_tuple_of_intervals.sql"
        },
        {
            "query": "\nWITH - INTERVAL 1 SECOND - INTERVAL 1 SECOND - INTERVAL 1 HOUR as expr SELECT expr, toTypeName(expr);",
            "name": "02457_tuple_of_intervals.sql"
        },
        {
            "query": "\n\nSELECT '---';",
            "name": "02457_tuple_of_intervals.sql"
        },
        {
            "query": "\n\nWITH '2022-01-30'::Date + INTERVAL 1 MONTH + INTERVAL 1 DAY AS e1,\n     '2022-01-30'::Date + (INTERVAL 1 MONTH + INTERVAL 1 DAY) AS e2,\n     '2022-01-30'::Date + (INTERVAL 1 MONTH, INTERVAL 1 DAY) AS e3,\n     '2022-01-30'::Date + INTERVAL '1 MONTH 1 DAY' AS e4\nSELECT e1 == e2 AND e2 == e3 AND e3 == e4, e1;",
            "name": "02457_tuple_of_intervals.sql"
        },
        {
            "query": "\n\nWITH '2022-01-30'::Date + INTERVAL 1 DAY + INTERVAL 1 MONTH AS e1,\n     '2022-01-30'::Date + (INTERVAL 1 DAY + INTERVAL 1 MONTH) AS e2,\n     '2022-01-30'::Date + (INTERVAL 1 DAY, INTERVAL 1 MONTH) AS e3,\n     '2022-01-30'::Date + INTERVAL '1 DAY 1 MONTH' AS e4\nSELECT e1 == e2 AND e2 == e3 AND e3 == e4, e1;",
            "name": "02457_tuple_of_intervals.sql"
        },
        {
            "query": "\n\nWITH '2022-10-11'::Date + INTERVAL -1 SECOND + INTERVAL 2 MINUTE + INTERVAL -3 MONTH + INTERVAL 1 YEAR AS e1,\n     '2022-10-11'::Date + (INTERVAL -1 SECOND + INTERVAL 2 MINUTE + INTERVAL -3 MONTH + INTERVAL 1 YEAR) AS e2,\n     '2022-10-11'::Date + (INTERVAL -1 SECOND, INTERVAL 2 MINUTE, INTERVAL -3 MONTH, INTERVAL 1 YEAR) AS e3,\n     '2022-10-11'::Date + INTERVAL '-1 SECOND 2 MINUTE -3 MONTH 1 YEAR' AS e4\nSELECT e1 == e2 AND e2 == e3 AND e3 == e4, e1;",
            "name": "02457_tuple_of_intervals.sql"
        },
        {
            "query": "\n\nWITH '2022-10-11'::DateTime - INTERVAL 1 QUARTER - INTERVAL -3 WEEK - INTERVAL 1 YEAR - INTERVAL 1 HOUR AS e1,\n     '2022-10-11'::DateTime + (- INTERVAL 1 QUARTER - INTERVAL -3 WEEK - INTERVAL 1 YEAR - INTERVAL 1 HOUR) AS e2,\n     '2022-10-11'::DateTime - (INTERVAL 1 QUARTER, INTERVAL -3 WEEK, INTERVAL 1 YEAR, INTERVAL 1 HOUR) AS e3,\n     '2022-10-11'::DateTime - INTERVAL '1 QUARTER -3 WEEK 1 YEAR 1 HOUR' AS e4\nSELECT e1 == e2 AND e2 == e3 AND e3 == e4, e1;",
            "name": "02457_tuple_of_intervals.sql"
        },
        {
            "query": "\n\n\nWITH '2022-10-11'::DateTime64 - INTERVAL 1 YEAR - INTERVAL 4 MONTH - INTERVAL 1 SECOND AS e1,\n     '2022-10-11'::DateTime64 + (- INTERVAL 1 YEAR - INTERVAL 4 MONTH - INTERVAL 1 SECOND) AS e2,\n     '2022-10-11'::DateTime64 - (INTERVAL 1 YEAR, INTERVAL 4 MONTH, INTERVAL 1 SECOND) AS e3,\n     '2022-10-11'::DateTime64 - INTERVAL '1 YEAR 4 MONTH 1 SECOND' AS e4\nSELECT e1 == e2 AND e2 == e3 AND e3 == e4, e1;",
            "name": "02457_tuple_of_intervals.sql"
        }
    ]
}