{
    "name": "01552_dict_fixedstring.sql",
    "tests": [
        {
            "query": "DROP TABLE IF EXISTS src;",
            "name": "01552_dict_fixedstring.sql"
        },
        {
            "query": "\n\nCREATE TABLE src (k UInt64, s FixedString(11)) ENGINE = Memory;",
            "name": "01552_dict_fixedstring.sql"
        },
        {
            "query": "\nINSERT INTO src VALUES (1, 'Hello\\0World');",
            "name": "01552_dict_fixedstring.sql"
        },
        {
            "query": "\n\nDROP DICTIONARY IF EXISTS dict;",
            "name": "01552_dict_fixedstring.sql"
        },
        {
            "query": "\nCREATE DICTIONARY dict\n(\n    k UInt64,\n    s String\n)\nPRIMARY KEY k\nSOURCE(CLICKHOUSE(HOST 'localhost' PORT tcpPort() USER default TABLE 'src'))\nLAYOUT(FLAT)\nLIFETIME(MIN 10 MAX 10);",
            "name": "01552_dict_fixedstring.sql"
        },
        {
            "query": "\n\nSELECT dictGet(currentDatabase() || '.dict', 's', number) FROM numbers(2);",
            "name": "01552_dict_fixedstring.sql"
        },
        {
            "query": "\n\nDROP TABLE src;",
            "name": "01552_dict_fixedstring.sql"
        },
        {
            "query": "\nDROP DICTIONARY dict;",
            "name": "01552_dict_fixedstring.sql"
        }
    ]
}