{
    "name": "02427_mutate_and_zero_copy_replication_zookeeper.sql",
    "tests": [
        {
            "query": "DROP TABLE IF EXISTS mutate_and_zero_copy_replication1;",
            "name": "02427_mutate_and_zero_copy_replication_zookeeper.sql"
        },
        {
            "query": "\nDROP TABLE IF EXISTS mutate_and_zero_copy_replication2;",
            "name": "02427_mutate_and_zero_copy_replication_zookeeper.sql"
        },
        {
            "query": "\n\nCREATE TABLE mutate_and_zero_copy_replication1\n(\n    a UInt64,\n    b String,\n    c Float64\n)\nENGINE ReplicatedMergeTree('/clickhouse/tables/{database}/test_02427_mutate_and_zero_copy_replication/alter', '1')\nORDER BY tuple()\nSETTINGS old_parts_lifetime=0, cleanup_delay_period=300, max_cleanup_delay_period=300, cleanup_delay_period_random_add=300, min_bytes_for_wide_part = 0;",
            "name": "02427_mutate_and_zero_copy_replication_zookeeper.sql"
        },
        {
            "query": "\n\nCREATE TABLE mutate_and_zero_copy_replication2\n(\n    a UInt64,\n    b String,\n    c Float64\n)\nENGINE ReplicatedMergeTree('/clickhouse/tables/{database}/test_02427_mutate_and_zero_copy_replication/alter', '2')\nORDER BY tuple()\nSETTINGS old_parts_lifetime=0, cleanup_delay_period=300,  max_cleanup_delay_period=300, cleanup_delay_period_random_add=300;",
            "name": "02427_mutate_and_zero_copy_replication_zookeeper.sql"
        },
        {
            "query": "\n\n\nINSERT INTO mutate_and_zero_copy_replication1 VALUES (1, '1', 1.0);",
            "name": "02427_mutate_and_zero_copy_replication_zookeeper.sql"
        },
        {
            "query": "\nSYSTEM SYNC REPLICA mutate_and_zero_copy_replication2;",
            "name": "02427_mutate_and_zero_copy_replication_zookeeper.sql"
        },
        {
            "query": "\n\nSET mutations_sync=2;",
            "name": "02427_mutate_and_zero_copy_replication_zookeeper.sql"
        },
        {
            "query": "\n\nALTER TABLE mutate_and_zero_copy_replication1 UPDATE a = 2 WHERE 1;",
            "name": "02427_mutate_and_zero_copy_replication_zookeeper.sql"
        },
        {
            "query": "\n\nDROP TABLE mutate_and_zero_copy_replication1 SYNC;",
            "name": "02427_mutate_and_zero_copy_replication_zookeeper.sql"
        },
        {
            "query": "\n\nDETACH TABLE mutate_and_zero_copy_replication2;",
            "name": "02427_mutate_and_zero_copy_replication_zookeeper.sql"
        },
        {
            "query": "\nATTACH TABLE mutate_and_zero_copy_replication2;",
            "name": "02427_mutate_and_zero_copy_replication_zookeeper.sql"
        },
        {
            "query": "\n\nSELECT * FROM mutate_and_zero_copy_replication2 WHERE NOT ignore(*);",
            "name": "02427_mutate_and_zero_copy_replication_zookeeper.sql"
        },
        {
            "query": "\n\nDROP TABLE IF EXISTS mutate_and_zero_copy_replication1;",
            "name": "02427_mutate_and_zero_copy_replication_zookeeper.sql"
        },
        {
            "query": "\nDROP TABLE IF EXISTS mutate_and_zero_copy_replication2;",
            "name": "02427_mutate_and_zero_copy_replication_zookeeper.sql"
        }
    ]
}