{
    "name": "02004_max_hyperscan_regex_length.sql",
    "tests": [
        {
            "query": "-- Tags: no-debug, no-fasttest, use-vectorscan\n\nset max_hyperscan_regexp_length = 1;",
            "name": "02004_max_hyperscan_regex_length.sql"
        },
        {
            "query": "\nset max_hyperscan_regexp_total_length = 1;",
            "name": "02004_max_hyperscan_regex_length.sql"
        },
        {
            "query": "\n\nSELECT '- const pattern';",
            "name": "02004_max_hyperscan_regex_length.sql"
        },
        {
            "query": "\n\nselect multiMatchAny('123', ['1']);",
            "name": "02004_max_hyperscan_regex_length.sql"
        },
        {
            "query": "\nselect multiMatchAny('123', ['12']);",
            "name": "02004_max_hyperscan_regex_length.sql"
        },
        {
            "query": " -- { serverError 36 }\nselect multiMatchAny('123', ['1', '2']);",
            "name": "02004_max_hyperscan_regex_length.sql"
        },
        {
            "query": " -- { serverError 36 }\n\nselect multiMatchAnyIndex('123', ['1']);",
            "name": "02004_max_hyperscan_regex_length.sql"
        },
        {
            "query": "\nselect multiMatchAnyIndex('123', ['12']);",
            "name": "02004_max_hyperscan_regex_length.sql"
        },
        {
            "query": " -- { serverError 36 }\nselect multiMatchAnyIndex('123', ['1', '2']);",
            "name": "02004_max_hyperscan_regex_length.sql"
        },
        {
            "query": " -- { serverError 36 }\n\nselect multiMatchAllIndices('123', ['1']);",
            "name": "02004_max_hyperscan_regex_length.sql"
        },
        {
            "query": "\nselect multiMatchAllIndices('123', ['12']);",
            "name": "02004_max_hyperscan_regex_length.sql"
        },
        {
            "query": " -- { serverError 36 }\nselect multiMatchAllIndices('123', ['1', '2']);",
            "name": "02004_max_hyperscan_regex_length.sql"
        },
        {
            "query": " -- { serverError 36 }\n\nselect multiFuzzyMatchAny('123', 0, ['1']);",
            "name": "02004_max_hyperscan_regex_length.sql"
        },
        {
            "query": "\nselect multiFuzzyMatchAny('123', 0, ['12']);",
            "name": "02004_max_hyperscan_regex_length.sql"
        },
        {
            "query": " -- { serverError 36 }\nselect multiFuzzyMatchAny('123', 0, ['1', '2']);",
            "name": "02004_max_hyperscan_regex_length.sql"
        },
        {
            "query": " -- { serverError 36 }\n\nselect multiFuzzyMatchAnyIndex('123', 0, ['1']);",
            "name": "02004_max_hyperscan_regex_length.sql"
        },
        {
            "query": "\nselect multiFuzzyMatchAnyIndex('123', 0, ['12']);",
            "name": "02004_max_hyperscan_regex_length.sql"
        },
        {
            "query": " -- { serverError 36 }\nselect multiFuzzyMatchAnyIndex('123', 0, ['1', '2']);",
            "name": "02004_max_hyperscan_regex_length.sql"
        },
        {
            "query": " -- { serverError 36 }\n\nselect multiFuzzyMatchAllIndices('123', 0, ['1']);",
            "name": "02004_max_hyperscan_regex_length.sql"
        },
        {
            "query": "\nselect multiFuzzyMatchAllIndices('123', 0, ['12']);",
            "name": "02004_max_hyperscan_regex_length.sql"
        },
        {
            "query": " -- { serverError 36 }\nselect multiFuzzyMatchAllIndices('123', 0, ['1', '2']);",
            "name": "02004_max_hyperscan_regex_length.sql"
        },
        {
            "query": " -- { serverError 36 }\n\nSELECT '- non-const pattern';",
            "name": "02004_max_hyperscan_regex_length.sql"
        },
        {
            "query": "\n\nselect multiMatchAny(materialize('123'), materialize(['1']));",
            "name": "02004_max_hyperscan_regex_length.sql"
        },
        {
            "query": "\nselect multiMatchAny(materialize('123'), materialize(['12']));",
            "name": "02004_max_hyperscan_regex_length.sql"
        },
        {
            "query": " -- { serverError 36 }\nselect multiMatchAny(materialize('123'), materialize(['1', '2']));",
            "name": "02004_max_hyperscan_regex_length.sql"
        },
        {
            "query": " -- { serverError 36 }\n\nselect multiMatchAnyIndex(materialize('123'), materialize(['1']));",
            "name": "02004_max_hyperscan_regex_length.sql"
        },
        {
            "query": "\nselect multiMatchAnyIndex(materialize('123'), materialize(['12']));",
            "name": "02004_max_hyperscan_regex_length.sql"
        },
        {
            "query": " -- { serverError 36 }\nselect multiMatchAnyIndex(materialize('123'), materialize(['1', '2']));",
            "name": "02004_max_hyperscan_regex_length.sql"
        },
        {
            "query": " -- { serverError 36 }\n\nselect multiMatchAllIndices(materialize('123'), materialize(['1']));",
            "name": "02004_max_hyperscan_regex_length.sql"
        },
        {
            "query": "\nselect multiMatchAllIndices(materialize('123'), materialize(['12']));",
            "name": "02004_max_hyperscan_regex_length.sql"
        },
        {
            "query": " -- { serverError 36 }\nselect multiMatchAllIndices(materialize('123'), materialize(['1', '2']));",
            "name": "02004_max_hyperscan_regex_length.sql"
        },
        {
            "query": " -- { serverError 36 }\n\nselect multiFuzzyMatchAny(materialize('123'), 0, materialize(['1']));",
            "name": "02004_max_hyperscan_regex_length.sql"
        },
        {
            "query": "\nselect multiFuzzyMatchAny(materialize('123'), 0, materialize(['12']));",
            "name": "02004_max_hyperscan_regex_length.sql"
        },
        {
            "query": " -- { serverError 36 }\nselect multiFuzzyMatchAny(materialize('123'), 0, materialize(['1', '2']));",
            "name": "02004_max_hyperscan_regex_length.sql"
        },
        {
            "query": " -- { serverError 36 }\n\nselect multiFuzzyMatchAnyIndex(materialize('123'), 0, materialize(['1']));",
            "name": "02004_max_hyperscan_regex_length.sql"
        },
        {
            "query": "\nselect multiFuzzyMatchAnyIndex(materialize('123'), 0, materialize(['12']));",
            "name": "02004_max_hyperscan_regex_length.sql"
        },
        {
            "query": " -- { serverError 36 }\nselect multiFuzzyMatchAnyIndex(materialize('123'), 0, materialize(['1', '2']));",
            "name": "02004_max_hyperscan_regex_length.sql"
        },
        {
            "query": " -- { serverError 36 }\n\nselect multiFuzzyMatchAllIndices(materialize('123'), 0, materialize(['1']));",
            "name": "02004_max_hyperscan_regex_length.sql"
        },
        {
            "query": "\nselect multiFuzzyMatchAllIndices(materialize('123'), 0, materialize(['12']));",
            "name": "02004_max_hyperscan_regex_length.sql"
        },
        {
            "query": " -- { serverError 36 }\nselect multiFuzzyMatchAllIndices(materialize('123'), 0, materialize(['1', '2']));",
            "name": "02004_max_hyperscan_regex_length.sql"
        },
        {
            "query": " -- { serverError 36 }\n;",
            "name": "02004_max_hyperscan_regex_length.sql"
        }
    ]
}