{
    "name": "00753_alter_destination_for_storage_buffer.sql",
    "tests": [
        {
            "query": "DROP TABLE IF EXISTS dst_00753;",
            "name": "00753_alter_destination_for_storage_buffer.sql"
        },
        {
            "query": "\nDROP TABLE IF EXISTS buffer_00753;",
            "name": "00753_alter_destination_for_storage_buffer.sql"
        },
        {
            "query": "\nSET send_logs_level = 'error';",
            "name": "00753_alter_destination_for_storage_buffer.sql"
        },
        {
            "query": "\n\nCREATE TABLE dst_00753 (x UInt64, y UInt64) ENGINE = MergeTree ORDER BY tuple();",
            "name": "00753_alter_destination_for_storage_buffer.sql"
        },
        {
            "query": "\nCREATE TABLE buffer_00753 (x UInt64, y UInt64) ENGINE = Buffer(currentDatabase(), dst_00753, 1, 99999, 99999, 1, 1, 99999, 99999);",
            "name": "00753_alter_destination_for_storage_buffer.sql"
        },
        {
            "query": "\n\nINSERT INTO buffer_00753 VALUES (1, 100);",
            "name": "00753_alter_destination_for_storage_buffer.sql"
        },
        {
            "query": "\nINSERT INTO buffer_00753 VALUES (2, 200);",
            "name": "00753_alter_destination_for_storage_buffer.sql"
        },
        {
            "query": "\nINSERT INTO buffer_00753 VALUES (3, 300);",
            "name": "00753_alter_destination_for_storage_buffer.sql"
        },
        {
            "query": "\nSELECT 'init';",
            "name": "00753_alter_destination_for_storage_buffer.sql"
        },
        {
            "query": "\nSELECT * FROM dst_00753 ORDER BY x;",
            "name": "00753_alter_destination_for_storage_buffer.sql"
        },
        {
            "query": "\nSELECT '-';",
            "name": "00753_alter_destination_for_storage_buffer.sql"
        },
        {
            "query": "\nSELECT * FROM buffer_00753 ORDER BY x;",
            "name": "00753_alter_destination_for_storage_buffer.sql"
        },
        {
            "query": "\n\nALTER TABLE dst_00753 DROP COLUMN x, MODIFY COLUMN y String, ADD COLUMN z String DEFAULT 'DEFZ';",
            "name": "00753_alter_destination_for_storage_buffer.sql"
        },
        {
            "query": "\n\nINSERT INTO buffer_00753 VALUES (4, 400);",
            "name": "00753_alter_destination_for_storage_buffer.sql"
        },
        {
            "query": "\nSELECT 'alt';",
            "name": "00753_alter_destination_for_storage_buffer.sql"
        },
        {
            "query": "\nSELECT * FROM dst_00753 ORDER BY y;",
            "name": "00753_alter_destination_for_storage_buffer.sql"
        },
        {
            "query": "\nSELECT '-';",
            "name": "00753_alter_destination_for_storage_buffer.sql"
        },
        {
            "query": "\nSELECT * FROM buffer_00753 ORDER BY y;",
            "name": "00753_alter_destination_for_storage_buffer.sql"
        },
        {
            "query": "\n\nOPTIMIZE TABLE buffer_00753;",
            "name": "00753_alter_destination_for_storage_buffer.sql"
        },
        {
            "query": "\nSELECT 'opt';",
            "name": "00753_alter_destination_for_storage_buffer.sql"
        },
        {
            "query": "\nSELECT * FROM dst_00753 ORDER BY y;",
            "name": "00753_alter_destination_for_storage_buffer.sql"
        },
        {
            "query": "\nSELECT '-';",
            "name": "00753_alter_destination_for_storage_buffer.sql"
        },
        {
            "query": "\nSELECT * FROM buffer_00753 ORDER BY y;",
            "name": "00753_alter_destination_for_storage_buffer.sql"
        },
        {
            "query": "\n\nSET send_logs_level = 'warning';",
            "name": "00753_alter_destination_for_storage_buffer.sql"
        },
        {
            "query": "\nDROP TABLE IF EXISTS dst_00753;",
            "name": "00753_alter_destination_for_storage_buffer.sql"
        },
        {
            "query": "\nDROP TABLE IF EXISTS buffer_00753;",
            "name": "00753_alter_destination_for_storage_buffer.sql"
        }
    ]
}