{
    "name": "01031_pmj_new_any_semi_join.sql",
    "tests": [
        {
            "query": "DROP TABLE IF EXISTS t1;",
            "name": "01031_pmj_new_any_semi_join.sql"
        },
        {
            "query": "\nDROP TABLE IF EXISTS t2;",
            "name": "01031_pmj_new_any_semi_join.sql"
        },
        {
            "query": "\n\nCREATE TABLE t1 (x UInt32, s String) engine = Memory;",
            "name": "01031_pmj_new_any_semi_join.sql"
        },
        {
            "query": "\nCREATE TABLE t2 (x UInt32, s String) engine = Memory;",
            "name": "01031_pmj_new_any_semi_join.sql"
        },
        {
            "query": "\n\nINSERT INTO t1 (x, s) VALUES (0, 'a1'), (1, 'a2'), (2, 'a3'), (3, 'a4'), (4, 'a5');",
            "name": "01031_pmj_new_any_semi_join.sql"
        },
        {
            "query": "\nINSERT INTO t2 (x, s) VALUES (2, 'b1'), (4, 'b2'), (5, 'b4');",
            "name": "01031_pmj_new_any_semi_join.sql"
        },
        {
            "query": "\n\nSET join_algorithm = 'prefer_partial_merge';",
            "name": "01031_pmj_new_any_semi_join.sql"
        },
        {
            "query": "\nSET join_use_nulls = 0;",
            "name": "01031_pmj_new_any_semi_join.sql"
        },
        {
            "query": "\nSET any_join_distinct_right_table_keys = 0;",
            "name": "01031_pmj_new_any_semi_join.sql"
        },
        {
            "query": "\n\nSELECT 'any left';",
            "name": "01031_pmj_new_any_semi_join.sql"
        },
        {
            "query": "\nSELECT t1.*, t2.* FROM t1 ANY LEFT JOIN t2 USING(x) ORDER BY t1.x, t2.x;",
            "name": "01031_pmj_new_any_semi_join.sql"
        },
        {
            "query": "\n\nSELECT 'any left (rev)';",
            "name": "01031_pmj_new_any_semi_join.sql"
        },
        {
            "query": "\nSELECT t1.*, t2.* FROM t2 ANY LEFT JOIN t1 USING(x) ORDER BY t1.x, t2.x;",
            "name": "01031_pmj_new_any_semi_join.sql"
        },
        {
            "query": "\n\nSELECT 'any inner';",
            "name": "01031_pmj_new_any_semi_join.sql"
        },
        {
            "query": "\nSELECT t1.*, t2.* FROM t1 ANY INNER JOIN t2 USING(x) ORDER BY t1.x, t2.x;",
            "name": "01031_pmj_new_any_semi_join.sql"
        },
        {
            "query": "\n\nSELECT 'any inner (rev)';",
            "name": "01031_pmj_new_any_semi_join.sql"
        },
        {
            "query": "\nSELECT t1.*, t2.* FROM t2 ANY INNER JOIN t1 USING(x) ORDER BY t1.x, t2.x;",
            "name": "01031_pmj_new_any_semi_join.sql"
        },
        {
            "query": "\n\nSELECT 'any right';",
            "name": "01031_pmj_new_any_semi_join.sql"
        },
        {
            "query": "\nSELECT t1.*, t2.* FROM t1 ANY RIGHT JOIN t2 USING(x) ORDER BY t1.x, t2.x;",
            "name": "01031_pmj_new_any_semi_join.sql"
        },
        {
            "query": "\n\nSELECT 'any right (rev)';",
            "name": "01031_pmj_new_any_semi_join.sql"
        },
        {
            "query": "\nSELECT t1.*, t2.* FROM t2 ANY RIGHT JOIN t1 USING(x) ORDER BY t1.x, t2.x;",
            "name": "01031_pmj_new_any_semi_join.sql"
        },
        {
            "query": "\n\nSELECT 'semi left';",
            "name": "01031_pmj_new_any_semi_join.sql"
        },
        {
            "query": "\nSELECT t1.*, t2.* FROM t1 SEMI LEFT JOIN t2 USING(x) ORDER BY t1.x, t2.x;",
            "name": "01031_pmj_new_any_semi_join.sql"
        },
        {
            "query": "\n\nSELECT 'semi right';",
            "name": "01031_pmj_new_any_semi_join.sql"
        },
        {
            "query": "\nSELECT t1.*, t2.* FROM t1 SEMI RIGHT JOIN t2 USING(x) ORDER BY t1.x, t2.x;",
            "name": "01031_pmj_new_any_semi_join.sql"
        },
        {
            "query": "\n\nSELECT 'anti left';",
            "name": "01031_pmj_new_any_semi_join.sql"
        },
        {
            "query": "\nSELECT t1.*, t2.* FROM t1 ANTI LEFT JOIN t2 USING(x) ORDER BY t1.x, t2.x;",
            "name": "01031_pmj_new_any_semi_join.sql"
        },
        {
            "query": "\n\nSELECT 'anti right';",
            "name": "01031_pmj_new_any_semi_join.sql"
        },
        {
            "query": "\nSELECT t1.*, t2.* FROM t1 ANTI RIGHT JOIN t2 USING(x) ORDER BY t1.x, t2.x;",
            "name": "01031_pmj_new_any_semi_join.sql"
        },
        {
            "query": "\n\nDROP TABLE t1;",
            "name": "01031_pmj_new_any_semi_join.sql"
        },
        {
            "query": "\nDROP TABLE t2;",
            "name": "01031_pmj_new_any_semi_join.sql"
        }
    ]
}