{
    "name": "00735_long_conditional.sql",
    "tests": [
        {
            "query": "-- Tags: long\n\nSET send_logs_level = 'fatal';",
            "name": "00735_long_conditional.sql"
        },
        {
            "query": "\n\nSELECT 'value vs value';",
            "name": "00735_long_conditional.sql"
        },
        {
            "query": "\n\nSELECT toInt8(0) AS x, toInt8(1) AS y, ((x > y) ? x : y) AS z, toTypeName(x), toTypeName(y), toTypeName(z);",
            "name": "00735_long_conditional.sql"
        },
        {
            "query": "\nSELECT toInt8(0) AS x, toInt16(1) AS y, ((x > y) ? x : y) AS z, toTypeName(x), toTypeName(y), toTypeName(z);",
            "name": "00735_long_conditional.sql"
        },
        {
            "query": "\nSELECT toInt8(0) AS x, toInt32(1) AS y, ((x > y) ? x : y) AS z, toTypeName(x), toTypeName(y), toTypeName(z);",
            "name": "00735_long_conditional.sql"
        },
        {
            "query": "\nSELECT toInt8(0) AS x, toInt64(1) AS y, ((x > y) ? x : y) AS z, toTypeName(x), toTypeName(y), toTypeName(z);",
            "name": "00735_long_conditional.sql"
        },
        {
            "query": "\nSELECT toInt8(0) AS x, toUInt8(1) AS y, ((x > y) ? x : y) AS z, toTypeName(x), toTypeName(y), toTypeName(z);",
            "name": "00735_long_conditional.sql"
        },
        {
            "query": "\nSELECT toInt8(0) AS x, toUInt16(1) AS y, ((x > y) ? x : y) AS z, toTypeName(x), toTypeName(y), toTypeName(z);",
            "name": "00735_long_conditional.sql"
        },
        {
            "query": "\nSELECT toInt8(0) AS x, toUInt32(1) AS y, ((x > y) ? x : y) AS z, toTypeName(x), toTypeName(y), toTypeName(z);",
            "name": "00735_long_conditional.sql"
        },
        {
            "query": "\nSELECT toInt8(0) AS x, toUInt64(1) AS y, ((x > y) ? x : y) AS z, toTypeName(x), toTypeName(y), toTypeName(z);",
            "name": "00735_long_conditional.sql"
        },
        {
            "query": " -- { serverError 386 }\nSELECT toInt8(0) AS x, toFloat32(1) AS y, ((x > y) ? x : y) AS z, toTypeName(x), toTypeName(y), toTypeName(z);",
            "name": "00735_long_conditional.sql"
        },
        {
            "query": "\nSELECT toInt8(0) AS x, toFloat64(1) AS y, ((x > y) ? x : y) AS z, toTypeName(x), toTypeName(y), toTypeName(z);",
            "name": "00735_long_conditional.sql"
        },
        {
            "query": "\nSELECT toInt8(0) AS x, toDate(1) AS y, ((x > y) ? x : y) AS z, toTypeName(x), toTypeName(y), toTypeName(z);",
            "name": "00735_long_conditional.sql"
        },
        {
            "query": " -- { serverError 43 }\nSELECT toInt8(0) AS x, toDateTime(1, 'Asia/Istanbul') AS y, ((x > y) ? x : y) AS z, toTypeName(x), toTypeName(y), toTypeName(z);",
            "name": "00735_long_conditional.sql"
        },
        {
            "query": " -- { serverError 386 }\nSELECT toInt8(0) AS x, toDecimal32(1, 0) AS y, ((x > y) ? x : y) AS z, toTypeName(x), toTypeName(y), toTypeName(z);",
            "name": "00735_long_conditional.sql"
        },
        {
            "query": "\nSELECT toInt8(0) AS x, toDecimal64(1, 0) AS y, ((x > y) ? x : y) AS z, toTypeName(x), toTypeName(y), toTypeName(z);",
            "name": "00735_long_conditional.sql"
        },
        {
            "query": "\nSELECT toInt8(0) AS x, toDecimal128(1, 0) AS y, ((x > y) ? x : y) AS z, toTypeName(x), toTypeName(y), toTypeName(z);",
            "name": "00735_long_conditional.sql"
        },
        {
            "query": "\n\nSELECT toInt16(0) AS x, toInt8(1) AS y, ((x > y) ? x : y) AS z, toTypeName(x), toTypeName(y), toTypeName(z);",
            "name": "00735_long_conditional.sql"
        },
        {
            "query": "\nSELECT toInt16(0) AS x, toInt16(1) AS y, ((x > y) ? x : y) AS z, toTypeName(x), toTypeName(y), toTypeName(z);",
            "name": "00735_long_conditional.sql"
        },
        {
            "query": "\nSELECT toInt16(0) AS x, toInt32(1) AS y, ((x > y) ? x : y) AS z, toTypeName(x), toTypeName(y), toTypeName(z);",
            "name": "00735_long_conditional.sql"
        },
        {
            "query": "\nSELECT toInt16(0) AS x, toInt64(1) AS y, ((x > y) ? x : y) AS z, toTypeName(x), toTypeName(y), toTypeName(z);",
            "name": "00735_long_conditional.sql"
        },
        {
            "query": "\nSELECT toInt16(0) AS x, toUInt8(1) AS y, ((x > y) ? x : y) AS z, toTypeName(x), toTypeName(y), toTypeName(z);",
            "name": "00735_long_conditional.sql"
        },
        {
            "query": "\nSELECT toInt16(0) AS x, toUInt16(1) AS y, ((x > y) ? x : y) AS z, toTypeName(x), toTypeName(y), toTypeName(z);",
            "name": "00735_long_conditional.sql"
        },
        {
            "query": "\nSELECT toInt16(0) AS x, toUInt32(1) AS y, ((x > y) ? x : y) AS z, toTypeName(x), toTypeName(y), toTypeName(z);",
            "name": "00735_long_conditional.sql"
        },
        {
            "query": "\nSELECT toInt16(0) AS x, toUInt64(1) AS y, ((x > y) ? x : y) AS z, toTypeName(x), toTypeName(y), toTypeName(z);",
            "name": "00735_long_conditional.sql"
        },
        {
            "query": " -- { serverError 386 }\nSELECT toInt16(0) AS x, toFloat32(1) AS y, ((x > y) ? x : y) AS z, toTypeName(x), toTypeName(y), toTypeName(z);",
            "name": "00735_long_conditional.sql"
        },
        {
            "query": "\nSELECT toInt16(0) AS x, toFloat64(1) AS y, ((x > y) ? x : y) AS z, toTypeName(x), toTypeName(y), toTypeName(z);",
            "name": "00735_long_conditional.sql"
        },
        {
            "query": "\nSELECT toInt16(0) AS x, toDate(1) AS y, ((x > y) ? x : y) AS z, toTypeName(x), toTypeName(y), toTypeName(z);",
            "name": "00735_long_conditional.sql"
        },
        {
            "query": " -- { serverError 43 }\nSELECT toInt16(0) AS x, toDateTime(1, 'Asia/Istanbul') AS y, ((x > y) ? x : y) AS z, toTypeName(x), toTypeName(y), toTypeName(z);",
            "name": "00735_long_conditional.sql"
        },
        {
            "query": " -- { serverError 386 }\nSELECT toInt16(0) AS x, toDecimal32(1, 0) AS y, ((x > y) ? x : y) AS z, toTypeName(x), toTypeName(y), toTypeName(z);",
            "name": "00735_long_conditional.sql"
        },
        {
            "query": "\nSELECT toInt16(0) AS x, toDecimal64(1, 0) AS y, ((x > y) ? x : y) AS z, toTypeName(x), toTypeName(y), toTypeName(z);",
            "name": "00735_long_conditional.sql"
        },
        {
            "query": "\nSELECT toInt16(0) AS x, toDecimal128(1, 0) AS y, ((x > y) ? x : y) AS z, toTypeName(x), toTypeName(y), toTypeName(z);",
            "name": "00735_long_conditional.sql"
        },
        {
            "query": "\n\nSELECT toInt32(0) AS x, toInt8(1) AS y, ((x > y) ? x : y) AS z, toTypeName(x), toTypeName(y), toTypeName(z);",
            "name": "00735_long_conditional.sql"
        },
        {
            "query": "\nSELECT toInt32(0) AS x, toInt16(1) AS y, ((x > y) ? x : y) AS z, toTypeName(x), toTypeName(y), toTypeName(z);",
            "name": "00735_long_conditional.sql"
        },
        {
            "query": "\nSELECT toInt32(0) AS x, toInt32(1) AS y, ((x > y) ? x : y) AS z, toTypeName(x), toTypeName(y), toTypeName(z);",
            "name": "00735_long_conditional.sql"
        },
        {
            "query": "\nSELECT toInt32(0) AS x, toInt64(1) AS y, ((x > y) ? x : y) AS z, toTypeName(x), toTypeName(y), toTypeName(z);",
            "name": "00735_long_conditional.sql"
        },
        {
            "query": "\nSELECT toInt32(0) AS x, toUInt8(1) AS y, ((x > y) ? x : y) AS z, toTypeName(x), toTypeName(y), toTypeName(z);",
            "name": "00735_long_conditional.sql"
        },
        {
            "query": "\nSELECT toInt32(0) AS x, toUInt16(1) AS y, ((x > y) ? x : y) AS z, toTypeName(x), toTypeName(y), toTypeName(z);",
            "name": "00735_long_conditional.sql"
        },
        {
            "query": "\nSELECT toInt32(0) AS x, toUInt32(1) AS y, ((x > y) ? x : y) AS z, toTypeName(x), toTypeName(y), toTypeName(z);",
            "name": "00735_long_conditional.sql"
        },
        {
            "query": "\nSELECT toInt32(0) AS x, toUInt64(1) AS y, ((x > y) ? x : y) AS z, toTypeName(x), toTypeName(y), toTypeName(z);",
            "name": "00735_long_conditional.sql"
        },
        {
            "query": " -- { serverError 386 }\nSELECT toInt32(0) AS x, toFloat32(1) AS y, ((x > y) ? x : y) AS z, toTypeName(x), toTypeName(y), toTypeName(z);",
            "name": "00735_long_conditional.sql"
        },
        {
            "query": "\nSELECT toInt32(0) AS x, toFloat64(1) AS y, ((x > y) ? x : y) AS z, toTypeName(x), toTypeName(y), toTypeName(z);",
            "name": "00735_long_conditional.sql"
        },
        {
            "query": "\nSELECT toInt32(0) AS x, toDate(1) AS y, ((x > y) ? x : y) AS z, toTypeName(x), toTypeName(y), toTypeName(z);",
            "name": "00735_long_conditional.sql"
        },
        {
            "query": " -- { serverError 43 }\nSELECT toInt32(0) AS x, toDateTime(1, 'Asia/Istanbul') AS y, ((x > y) ? x : y) AS z, toTypeName(x), toTypeName(y), toTypeName(z);",
            "name": "00735_long_conditional.sql"
        },
        {
            "query": " -- { serverError 386 }\nSELECT toInt32(0) AS x, toDecimal32(1, 0) AS y, ((x > y) ? x : y) AS z, toTypeName(x), toTypeName(y), toTypeName(z);",
            "name": "00735_long_conditional.sql"
        },
        {
            "query": "\nSELECT toInt32(0) AS x, toDecimal64(1, 0) AS y, ((x > y) ? x : y) AS z, toTypeName(x), toTypeName(y), toTypeName(z);",
            "name": "00735_long_conditional.sql"
        },
        {
            "query": "\nSELECT toInt32(0) AS x, toDecimal128(1, 0) AS y, ((x > y) ? x : y) AS z, toTypeName(x), toTypeName(y), toTypeName(z);",
            "name": "00735_long_conditional.sql"
        },
        {
            "query": "\n\nSELECT toInt64(0) AS x, toInt8(1) AS y, ((x > y) ? x : y) AS z, toTypeName(x), toTypeName(y), toTypeName(z);",
            "name": "00735_long_conditional.sql"
        },
        {
            "query": "\nSELECT toInt64(0) AS x, toInt16(1) AS y, ((x > y) ? x : y) AS z, toTypeName(x), toTypeName(y), toTypeName(z);",
            "name": "00735_long_conditional.sql"
        },
        {
            "query": "\nSELECT toInt64(0) AS x, toInt32(1) AS y, ((x > y) ? x : y) AS z, toTypeName(x), toTypeName(y), toTypeName(z);",
            "name": "00735_long_conditional.sql"
        },
        {
            "query": "\nSELECT toInt64(0) AS x, toInt64(1) AS y, ((x > y) ? x : y) AS z, toTypeName(x), toTypeName(y), toTypeName(z);",
            "name": "00735_long_conditional.sql"
        },
        {
            "query": "\nSELECT toInt64(0) AS x, toUInt8(1) AS y, ((x > y) ? x : y) AS z, toTypeName(x), toTypeName(y), toTypeName(z);",
            "name": "00735_long_conditional.sql"
        },
        {
            "query": "\nSELECT toInt64(0) AS x, toUInt16(1) AS y, ((x > y) ? x : y) AS z, toTypeName(x), toTypeName(y), toTypeName(z);",
            "name": "00735_long_conditional.sql"
        },
        {
            "query": "\nSELECT toInt64(0) AS x, toUInt32(1) AS y, ((x > y) ? x : y) AS z, toTypeName(x), toTypeName(y), toTypeName(z);",
            "name": "00735_long_conditional.sql"
        },
        {
            "query": "\nSELECT toInt64(0) AS x, toUInt64(1) AS y, ((x > y) ? x : y) AS z, toTypeName(x), toTypeName(y), toTypeName(z);",
            "name": "00735_long_conditional.sql"
        },
        {
            "query": " -- { serverError 386 }\nSELECT toInt64(0) AS x, toFloat32(1) AS y, ((x > y) ? x : y) AS z, toTypeName(x), toTypeName(y), toTypeName(z);",
            "name": "00735_long_conditional.sql"
        },
        {
            "query": " -- { serverError 386 }\nSELECT toInt64(0) AS x, toFloat64(1) AS y, ((x > y) ? x : y) AS z, toTypeName(x), toTypeName(y), toTypeName(z);",
            "name": "00735_long_conditional.sql"
        },
        {
            "query": " -- { serverError 386 }\nSELECT toInt64(0) AS x, toDate(1) AS y, ((x > y) ? x : y) AS z, toTypeName(x), toTypeName(y), toTypeName(z);",
            "name": "00735_long_conditional.sql"
        },
        {
            "query": " -- { serverError 43 }\nSELECT toInt64(0) AS x, toDateTime(1, 'Asia/Istanbul') AS y, ((x > y) ? x : y) AS z, toTypeName(x), toTypeName(y), toTypeName(z);",
            "name": "00735_long_conditional.sql"
        },
        {
            "query": " -- { serverError 386 }\nSELECT toInt64(0) AS x, toDecimal32(1, 0) AS y, ((x > y) ? x : y) AS z, toTypeName(x), toTypeName(y), toTypeName(z);",
            "name": "00735_long_conditional.sql"
        },
        {
            "query": "\nSELECT toInt64(0) AS x, toDecimal64(1, 0) AS y, ((x > y) ? x : y) AS z, toTypeName(x), toTypeName(y), toTypeName(z);",
            "name": "00735_long_conditional.sql"
        },
        {
            "query": "\nSELECT toInt64(0) AS x, toDecimal128(1, 0) AS y, ((x > y) ? x : y) AS z, toTypeName(x), toTypeName(y), toTypeName(z);",
            "name": "00735_long_conditional.sql"
        },
        {
            "query": "\n\nSELECT toUInt8(0) AS x, toInt8(1) AS y, ((x > y) ? x : y) AS z, toTypeName(x), toTypeName(y), toTypeName(z);",
            "name": "00735_long_conditional.sql"
        },
        {
            "query": "\nSELECT toUInt8(0) AS x, toInt16(1) AS y, ((x > y) ? x : y) AS z, toTypeName(x), toTypeName(y), toTypeName(z);",
            "name": "00735_long_conditional.sql"
        },
        {
            "query": "\nSELECT toUInt8(0) AS x, toInt32(1) AS y, ((x > y) ? x : y) AS z, toTypeName(x), toTypeName(y), toTypeName(z);",
            "name": "00735_long_conditional.sql"
        },
        {
            "query": "\nSELECT toUInt8(0) AS x, toInt64(1) AS y, ((x > y) ? x : y) AS z, toTypeName(x), toTypeName(y), toTypeName(z);",
            "name": "00735_long_conditional.sql"
        },
        {
            "query": "\nSELECT toUInt8(0) AS x, toUInt8(1) AS y, ((x > y) ? x : y) AS z, toTypeName(x), toTypeName(y), toTypeName(z);",
            "name": "00735_long_conditional.sql"
        },
        {
            "query": "\nSELECT toUInt8(0) AS x, toUInt16(1) AS y, ((x > y) ? x : y) AS z, toTypeName(x), toTypeName(y), toTypeName(z);",
            "name": "00735_long_conditional.sql"
        },
        {
            "query": "\nSELECT toUInt8(0) AS x, toUInt32(1) AS y, ((x > y) ? x : y) AS z, toTypeName(x), toTypeName(y), toTypeName(z);",
            "name": "00735_long_conditional.sql"
        },
        {
            "query": "\nSELECT toUInt8(0) AS x, toUInt64(1) AS y, ((x > y) ? x : y) AS z, toTypeName(x), toTypeName(y), toTypeName(z);",
            "name": "00735_long_conditional.sql"
        },
        {
            "query": "\nSELECT toUInt8(0) AS x, toFloat32(1) AS y, ((x > y) ? x : y) AS z, toTypeName(x), toTypeName(y), toTypeName(z);",
            "name": "00735_long_conditional.sql"
        },
        {
            "query": "\nSELECT toUInt8(0) AS x, toFloat64(1) AS y, ((x > y) ? x : y) AS z, toTypeName(x), toTypeName(y), toTypeName(z);",
            "name": "00735_long_conditional.sql"
        },
        {
            "query": "\nSELECT toUInt8(0) AS x, toDate(1) AS y, ((x > y) ? x : y) AS z, toTypeName(x), toTypeName(y), toTypeName(z);",
            "name": "00735_long_conditional.sql"
        },
        {
            "query": " -- { serverError 43 }\nSELECT toUInt8(0) AS x, toDateTime(1, 'Asia/Istanbul') AS y, ((x > y) ? x : y) AS z, toTypeName(x), toTypeName(y), toTypeName(z);",
            "name": "00735_long_conditional.sql"
        },
        {
            "query": " -- { serverError 386 }\nSELECT toUInt8(0) AS x, toDecimal32(1, 0) AS y, ((x > y) ? x : y) AS z, toTypeName(x), toTypeName(y), toTypeName(z);",
            "name": "00735_long_conditional.sql"
        },
        {
            "query": "\nSELECT toUInt8(0) AS x, toDecimal64(1, 0) AS y, ((x > y) ? x : y) AS z, toTypeName(x), toTypeName(y), toTypeName(z);",
            "name": "00735_long_conditional.sql"
        },
        {
            "query": "\nSELECT toUInt8(0) AS x, toDecimal128(1, 0) AS y, ((x > y) ? x : y) AS z, toTypeName(x), toTypeName(y), toTypeName(z);",
            "name": "00735_long_conditional.sql"
        },
        {
            "query": "\n\nSELECT toUInt16(0) AS x, toInt8(1) AS y, ((x > y) ? x : y) AS z, toTypeName(x), toTypeName(y), toTypeName(z);",
            "name": "00735_long_conditional.sql"
        },
        {
            "query": "\nSELECT toUInt16(0) AS x, toInt16(1) AS y, ((x > y) ? x : y) AS z, toTypeName(x), toTypeName(y), toTypeName(z);",
            "name": "00735_long_conditional.sql"
        },
        {
            "query": "\nSELECT toUInt16(0) AS x, toInt32(1) AS y, ((x > y) ? x : y) AS z, toTypeName(x), toTypeName(y), toTypeName(z);",
            "name": "00735_long_conditional.sql"
        },
        {
            "query": "\nSELECT toUInt16(0) AS x, toInt64(1) AS y, ((x > y) ? x : y) AS z, toTypeName(x), toTypeName(y), toTypeName(z);",
            "name": "00735_long_conditional.sql"
        },
        {
            "query": "\nSELECT toUInt16(0) AS x, toUInt8(1) AS y, ((x > y) ? x : y) AS z, toTypeName(x), toTypeName(y), toTypeName(z);",
            "name": "00735_long_conditional.sql"
        },
        {
            "query": "\nSELECT toUInt16(0) AS x, toUInt16(1) AS y, ((x > y) ? x : y) AS z, toTypeName(x), toTypeName(y), toTypeName(z);",
            "name": "00735_long_conditional.sql"
        },
        {
            "query": "\nSELECT toUInt16(0) AS x, toUInt32(1) AS y, ((x > y) ? x : y) AS z, toTypeName(x), toTypeName(y), toTypeName(z);",
            "name": "00735_long_conditional.sql"
        },
        {
            "query": "\nSELECT toUInt16(0) AS x, toUInt64(1) AS y, ((x > y) ? x : y) AS z, toTypeName(x), toTypeName(y), toTypeName(z);",
            "name": "00735_long_conditional.sql"
        },
        {
            "query": "\nSELECT toUInt16(0) AS x, toFloat32(1) AS y, ((x > y) ? x : y) AS z, toTypeName(x), toTypeName(y), toTypeName(z);",
            "name": "00735_long_conditional.sql"
        },
        {
            "query": "\nSELECT toUInt16(0) AS x, toFloat64(1) AS y, ((x > y) ? x : y) AS z, toTypeName(x), toTypeName(y), toTypeName(z);",
            "name": "00735_long_conditional.sql"
        },
        {
            "query": "\nSELECT toUInt16(0) AS x, toDate(1) AS y, ((x > y) ? x : y) AS z, toTypeName(x), toTypeName(y), toTypeName(z);",
            "name": "00735_long_conditional.sql"
        },
        {
            "query": " -- { serverError 43 }\nSELECT toUInt16(0) AS x, toDateTime(1, 'Asia/Istanbul') AS y, ((x > y) ? x : y) AS z, toTypeName(x), toTypeName(y), toTypeName(z);",
            "name": "00735_long_conditional.sql"
        },
        {
            "query": " -- { serverError 386 }\nSELECT toUInt16(0) AS x, toDecimal32(1, 0) AS y, ((x > y) ? x : y) AS z, toTypeName(x), toTypeName(y), toTypeName(z);",
            "name": "00735_long_conditional.sql"
        },
        {
            "query": "\nSELECT toUInt16(0) AS x, toDecimal64(1, 0) AS y, ((x > y) ? x : y) AS z, toTypeName(x), toTypeName(y), toTypeName(z);",
            "name": "00735_long_conditional.sql"
        },
        {
            "query": "\nSELECT toUInt16(0) AS x, toDecimal128(1, 0) AS y, ((x > y) ? x : y) AS z, toTypeName(x), toTypeName(y), toTypeName(z);",
            "name": "00735_long_conditional.sql"
        },
        {
            "query": "\n\nSELECT toUInt32(0) AS x, toInt8(1) AS y, ((x > y) ? x : y) AS z, toTypeName(x), toTypeName(y), toTypeName(z);",
            "name": "00735_long_conditional.sql"
        },
        {
            "query": "\nSELECT toUInt32(0) AS x, toInt16(1) AS y, ((x > y) ? x : y) AS z, toTypeName(x), toTypeName(y), toTypeName(z);",
            "name": "00735_long_conditional.sql"
        },
        {
            "query": "\nSELECT toUInt32(0) AS x, toInt32(1) AS y, ((x > y) ? x : y) AS z, toTypeName(x), toTypeName(y), toTypeName(z);",
            "name": "00735_long_conditional.sql"
        },
        {
            "query": "\nSELECT toUInt32(0) AS x, toInt64(1) AS y, ((x > y) ? x : y) AS z, toTypeName(x), toTypeName(y), toTypeName(z);",
            "name": "00735_long_conditional.sql"
        },
        {
            "query": "\nSELECT toUInt32(0) AS x, toUInt8(1) AS y, ((x > y) ? x : y) AS z, toTypeName(x), toTypeName(y), toTypeName(z);",
            "name": "00735_long_conditional.sql"
        },
        {
            "query": "\nSELECT toUInt32(0) AS x, toUInt16(1) AS y, ((x > y) ? x : y) AS z, toTypeName(x), toTypeName(y), toTypeName(z);",
            "name": "00735_long_conditional.sql"
        },
        {
            "query": "\nSELECT toUInt32(0) AS x, toUInt32(1) AS y, ((x > y) ? x : y) AS z, toTypeName(x), toTypeName(y), toTypeName(z);",
            "name": "00735_long_conditional.sql"
        },
        {
            "query": "\nSELECT toUInt32(0) AS x, toUInt64(1) AS y, ((x > y) ? x : y) AS z, toTypeName(x), toTypeName(y), toTypeName(z);",
            "name": "00735_long_conditional.sql"
        },
        {
            "query": "\nSELECT toUInt32(0) AS x, toFloat32(1) AS y, ((x > y) ? x : y) AS z, toTypeName(x), toTypeName(y), toTypeName(z);",
            "name": "00735_long_conditional.sql"
        },
        {
            "query": "\nSELECT toUInt32(0) AS x, toFloat64(1) AS y, ((x > y) ? x : y) AS z, toTypeName(x), toTypeName(y), toTypeName(z);",
            "name": "00735_long_conditional.sql"
        },
        {
            "query": "\nSELECT toUInt32(0) AS x, toDate(1) AS y, ((x > y) ? x : y) AS z, toTypeName(x), toTypeName(y), toTypeName(z);",
            "name": "00735_long_conditional.sql"
        },
        {
            "query": " -- { serverError 43 }\nSELECT toUInt32(0) AS x, toDateTime(1, 'Asia/Istanbul') AS y, ((x > y) ? x : y) AS z, toTypeName(x), toTypeName(y), toTypeName(z);",
            "name": "00735_long_conditional.sql"
        },
        {
            "query": " -- { serverError 386 }\nSELECT toUInt32(0) AS x, toDecimal32(1, 0) AS y, ((x > y) ? x : y) AS z, toTypeName(x), toTypeName(y), toTypeName(z);",
            "name": "00735_long_conditional.sql"
        },
        {
            "query": "\nSELECT toUInt32(0) AS x, toDecimal64(1, 0) AS y, ((x > y) ? x : y) AS z, toTypeName(x), toTypeName(y), toTypeName(z);",
            "name": "00735_long_conditional.sql"
        },
        {
            "query": "\nSELECT toUInt32(0) AS x, toDecimal128(1, 0) AS y, ((x > y) ? x : y) AS z, toTypeName(x), toTypeName(y), toTypeName(z);",
            "name": "00735_long_conditional.sql"
        },
        {
            "query": "\n\nSELECT toUInt64(0) AS x, toInt8(1) AS y, ((x > y) ? x : y) AS z, toTypeName(x), toTypeName(y), toTypeName(z);",
            "name": "00735_long_conditional.sql"
        },
        {
            "query": " -- { serverError 386 }\nSELECT toUInt64(0) AS x, toInt16(1) AS y, ((x > y) ? x : y) AS z, toTypeName(x), toTypeName(y), toTypeName(z);",
            "name": "00735_long_conditional.sql"
        },
        {
            "query": " -- { serverError 386 }\nSELECT toUInt64(0) AS x, toInt32(1) AS y, ((x > y) ? x : y) AS z, toTypeName(x), toTypeName(y), toTypeName(z);",
            "name": "00735_long_conditional.sql"
        },
        {
            "query": " -- { serverError 386 }\nSELECT toUInt64(0) AS x, toInt64(1) AS y, ((x > y) ? x : y) AS z, toTypeName(x), toTypeName(y), toTypeName(z);",
            "name": "00735_long_conditional.sql"
        },
        {
            "query": " -- { serverError 386 }\nSELECT toUInt64(0) AS x, toUInt8(1) AS y, ((x > y) ? x : y) AS z, toTypeName(x), toTypeName(y), toTypeName(z);",
            "name": "00735_long_conditional.sql"
        },
        {
            "query": "\nSELECT toUInt64(0) AS x, toUInt16(1) AS y, ((x > y) ? x : y) AS z, toTypeName(x), toTypeName(y), toTypeName(z);",
            "name": "00735_long_conditional.sql"
        },
        {
            "query": "\nSELECT toUInt64(0) AS x, toUInt32(1) AS y, ((x > y) ? x : y) AS z, toTypeName(x), toTypeName(y), toTypeName(z);",
            "name": "00735_long_conditional.sql"
        },
        {
            "query": "\nSELECT toUInt64(0) AS x, toUInt64(1) AS y, ((x > y) ? x : y) AS z, toTypeName(x), toTypeName(y), toTypeName(z);",
            "name": "00735_long_conditional.sql"
        },
        {
            "query": "\nSELECT toUInt64(0) AS x, toFloat32(1) AS y, ((x > y) ? x : y) AS z, toTypeName(x), toTypeName(y), toTypeName(z);",
            "name": "00735_long_conditional.sql"
        },
        {
            "query": " -- { serverError 386 }\nSELECT toUInt64(0) AS x, toFloat64(1) AS y, ((x > y) ? x : y) AS z, toTypeName(x), toTypeName(y), toTypeName(z);",
            "name": "00735_long_conditional.sql"
        },
        {
            "query": " -- { serverError 386 }\nSELECT toUInt64(0) AS x, toDate(1) AS y, ((x > y) ? x : y) AS z, toTypeName(x), toTypeName(y), toTypeName(z);",
            "name": "00735_long_conditional.sql"
        },
        {
            "query": " -- { serverError 43 }\nSELECT toUInt64(0) AS x, toDateTime(1, 'Asia/Istanbul') AS y, ((x > y) ? x : y) AS z, toTypeName(x), toTypeName(y), toTypeName(z);",
            "name": "00735_long_conditional.sql"
        },
        {
            "query": " -- { serverError 386 }\nSELECT toUInt64(0) AS x, toDecimal32(1, 0) AS y, ((x > y) ? x : y) AS z, toTypeName(x), toTypeName(y), toTypeName(z);",
            "name": "00735_long_conditional.sql"
        },
        {
            "query": "\nSELECT toUInt64(0) AS x, toDecimal64(1, 0) AS y, ((x > y) ? x : y) AS z, toTypeName(x), toTypeName(y), toTypeName(z);",
            "name": "00735_long_conditional.sql"
        },
        {
            "query": "\nSELECT toUInt64(0) AS x, toDecimal128(1, 0) AS y, ((x > y) ? x : y) AS z, toTypeName(x), toTypeName(y), toTypeName(z);",
            "name": "00735_long_conditional.sql"
        },
        {
            "query": "\n\nSELECT toDate(0) AS x, toInt8(1) AS y, ((x > y) ? x : y) AS z, toTypeName(x), toTypeName(y), toTypeName(z);",
            "name": "00735_long_conditional.sql"
        },
        {
            "query": " -- { serverError 43 }\nSELECT toDate(0) AS x, toInt16(1) AS y, ((x > y) ? x : y) AS z, toTypeName(x), toTypeName(y), toTypeName(z);",
            "name": "00735_long_conditional.sql"
        },
        {
            "query": " -- { serverError 43 }\nSELECT toDate(0) AS x, toInt32(1) AS y, ((x > y) ? x : y) AS z, toTypeName(x), toTypeName(y), toTypeName(z);",
            "name": "00735_long_conditional.sql"
        },
        {
            "query": " -- { serverError 43 }\nSELECT toDate(0) AS x, toInt64(1) AS y, ((x > y) ? x : y) AS z, toTypeName(x), toTypeName(y), toTypeName(z);",
            "name": "00735_long_conditional.sql"
        },
        {
            "query": " -- { serverError 43 }\nSELECT toDate(0) AS x, toUInt8(1) AS y, ((x > y) ? x : y) AS z, toTypeName(x), toTypeName(y), toTypeName(z);",
            "name": "00735_long_conditional.sql"
        },
        {
            "query": " -- { serverError 43 }\nSELECT toDate(0) AS x, toUInt16(1) AS y, ((x > y) ? x : y) AS z, toTypeName(x), toTypeName(y), toTypeName(z);",
            "name": "00735_long_conditional.sql"
        },
        {
            "query": " -- { serverError 43 }\nSELECT toDate(0) AS x, toUInt32(1) AS y, ((x > y) ? x : y) AS z, toTypeName(x), toTypeName(y), toTypeName(z);",
            "name": "00735_long_conditional.sql"
        },
        {
            "query": " -- { serverError 43 }\nSELECT toDate(0) AS x, toUInt64(1) AS y, ((x > y) ? x : y) AS z, toTypeName(x), toTypeName(y), toTypeName(z);",
            "name": "00735_long_conditional.sql"
        },
        {
            "query": " -- { serverError 43 }\nSELECT toDate(0) AS x, toFloat32(1) AS y, ((x > y) ? x : y) AS z, toTypeName(x), toTypeName(y), toTypeName(z);",
            "name": "00735_long_conditional.sql"
        },
        {
            "query": " -- { serverError 43 }\nSELECT toDate(0) AS x, toFloat64(1) AS y, ((x > y) ? x : y) AS z, toTypeName(x), toTypeName(y), toTypeName(z);",
            "name": "00735_long_conditional.sql"
        },
        {
            "query": " -- { serverError 43 }\nSELECT toDate(0) AS x, toDate(1) AS y, ((x > y) ? x : y) AS z, toTypeName(x), toTypeName(y), toTypeName(z);",
            "name": "00735_long_conditional.sql"
        },
        {
            "query": "\nSELECT toDate('2000-01-01') AS x, toDateTime('2000-01-01 00:00:01', 'Asia/Istanbul') AS y, ((x > y) ? x : y) AS z, toTypeName(x), toTypeName(y), toTypeName(z);",
            "name": "00735_long_conditional.sql"
        },
        {
            "query": "\nSELECT toDate(0) AS x, toDecimal32(1, 0) AS y, ((x = 0) ? x : y) AS z, toTypeName(x), toTypeName(y), toTypeName(z);",
            "name": "00735_long_conditional.sql"
        },
        {
            "query": " -- { serverError 43 }\nSELECT toDate(0) AS x, toDecimal64(1, 0) AS y, ((x = 0) ? x : y) AS z, toTypeName(x), toTypeName(y), toTypeName(z);",
            "name": "00735_long_conditional.sql"
        },
        {
            "query": " -- { serverError 43 }\nSELECT toDate(0) AS x, toDecimal128(1, 0) AS y, ((x = 0) ? x : y) AS z, toTypeName(x), toTypeName(y), toTypeName(z);",
            "name": "00735_long_conditional.sql"
        },
        {
            "query": " -- { serverError 43 }\n\nSELECT toDateTime(0, 'Asia/Istanbul') AS x, toInt8(1) AS y, ((x > y) ? x : y) AS z, toTypeName(x), toTypeName(y), toTypeName(z);",
            "name": "00735_long_conditional.sql"
        },
        {
            "query": " -- { serverError 386 }\nSELECT toDateTime(0, 'Asia/Istanbul') AS x, toInt16(1) AS y, ((x > y) ? x : y) AS z, toTypeName(x), toTypeName(y), toTypeName(z);",
            "name": "00735_long_conditional.sql"
        },
        {
            "query": " -- { serverError 386 }\nSELECT toDateTime(0, 'Asia/Istanbul') AS x, toInt32(1) AS y, ((x > y) ? x : y) AS z, toTypeName(x), toTypeName(y), toTypeName(z);",
            "name": "00735_long_conditional.sql"
        },
        {
            "query": " -- { serverError 386 }\nSELECT toDateTime(0, 'Asia/Istanbul') AS x, toInt64(1) AS y, ((x > y) ? x : y) AS z, toTypeName(x), toTypeName(y), toTypeName(z);",
            "name": "00735_long_conditional.sql"
        },
        {
            "query": " -- { serverError 386 }\nSELECT toDateTime(0, 'Asia/Istanbul') AS x, toUInt8(1) AS y, ((x > y) ? x : y) AS z, toTypeName(x), toTypeName(y), toTypeName(z);",
            "name": "00735_long_conditional.sql"
        },
        {
            "query": " -- { serverError 386 }\nSELECT toDateTime(0, 'Asia/Istanbul') AS x, toUInt16(1) AS y, ((x > y) ? x : y) AS z, toTypeName(x), toTypeName(y), toTypeName(z);",
            "name": "00735_long_conditional.sql"
        },
        {
            "query": " -- { serverError 386 }\nSELECT toDateTime(0, 'Asia/Istanbul') AS x, toUInt32(1) AS y, ((x > y) ? x : y) AS z, toTypeName(x), toTypeName(y), toTypeName(z);",
            "name": "00735_long_conditional.sql"
        },
        {
            "query": " -- { serverError 386 }\nSELECT toDateTime(0, 'Asia/Istanbul') AS x, toUInt64(1) AS y, ((x > y) ? x : y) AS z, toTypeName(x), toTypeName(y), toTypeName(z);",
            "name": "00735_long_conditional.sql"
        },
        {
            "query": " -- { serverError 386 }\nSELECT toDateTime(0, 'Asia/Istanbul') AS x, toFloat32(1) AS y, ((x > y) ? x : y) AS z, toTypeName(x), toTypeName(y), toTypeName(z);",
            "name": "00735_long_conditional.sql"
        },
        {
            "query": " -- { serverError 386 }\nSELECT toDateTime(0, 'Asia/Istanbul') AS x, toFloat64(1) AS y, ((x > y) ? x : y) AS z, toTypeName(x), toTypeName(y), toTypeName(z);",
            "name": "00735_long_conditional.sql"
        },
        {
            "query": " -- { serverError 386 }\nSELECT toDateTime('2000-01-01 00:00:00', 'Asia/Istanbul') AS x, toDate('2000-01-02') AS y, ((x > y) ? x : y) AS z, toTypeName(x), toTypeName(y), toTypeName(z);",
            "name": "00735_long_conditional.sql"
        },
        {
            "query": "\nSELECT toDateTime(0, 'Asia/Istanbul') AS x, toDateTime(1, 'Asia/Istanbul') AS y, ((x > y) ? x : y) AS z, toTypeName(x), toTypeName(y), toTypeName(z);",
            "name": "00735_long_conditional.sql"
        },
        {
            "query": "\nSELECT toDateTime(0, 'Asia/Istanbul') AS x, toDecimal32(1, 0) AS y, ((x = 0) ? x : y) AS z, toTypeName(x), toTypeName(y), toTypeName(z);",
            "name": "00735_long_conditional.sql"
        },
        {
            "query": " -- { serverError 386 }\nSELECT toDateTime(0, 'Asia/Istanbul') AS x, toDecimal64(1, 0) AS y, ((x = 0) ? x : y) AS z, toTypeName(x), toTypeName(y), toTypeName(z);",
            "name": "00735_long_conditional.sql"
        },
        {
            "query": " -- { serverError 386 }\nSELECT toDateTime(0, 'Asia/Istanbul') AS x, toDecimal128(1, 0) AS y, ((x = 0) ? x : y) AS z, toTypeName(x), toTypeName(y), toTypeName(z);",
            "name": "00735_long_conditional.sql"
        },
        {
            "query": " -- { serverError 386 }\n\nSELECT 'column vs value';",
            "name": "00735_long_conditional.sql"
        },
        {
            "query": "\n\nSELECT materialize(toInt8(0)) AS x, toInt8(1) AS y, ((x > y) ? x : y) AS z, toTypeName(x), toTypeName(y), toTypeName(z);",
            "name": "00735_long_conditional.sql"
        },
        {
            "query": "\nSELECT materialize(toInt8(0)) AS x, toInt16(1) AS y, ((x > y) ? x : y) AS z, toTypeName(x), toTypeName(y), toTypeName(z);",
            "name": "00735_long_conditional.sql"
        },
        {
            "query": "\nSELECT materialize(toInt8(0)) AS x, toInt32(1) AS y, ((x > y) ? x : y) AS z, toTypeName(x), toTypeName(y), toTypeName(z);",
            "name": "00735_long_conditional.sql"
        },
        {
            "query": "\nSELECT materialize(toInt8(0)) AS x, toInt64(1) AS y, ((x > y) ? x : y) AS z, toTypeName(x), toTypeName(y), toTypeName(z);",
            "name": "00735_long_conditional.sql"
        },
        {
            "query": "\nSELECT materialize(toInt8(0)) AS x, toUInt8(1) AS y, ((x > y) ? x : y) AS z, toTypeName(x), toTypeName(y), toTypeName(z);",
            "name": "00735_long_conditional.sql"
        },
        {
            "query": "\nSELECT materialize(toInt8(0)) AS x, toUInt16(1) AS y, ((x > y) ? x : y) AS z, toTypeName(x), toTypeName(y), toTypeName(z);",
            "name": "00735_long_conditional.sql"
        },
        {
            "query": "\nSELECT materialize(toInt8(0)) AS x, toUInt32(1) AS y, ((x > y) ? x : y) AS z, toTypeName(x), toTypeName(y), toTypeName(z);",
            "name": "00735_long_conditional.sql"
        },
        {
            "query": "\nSELECT materialize(toInt8(0)) AS x, toUInt64(1) AS y, ((x > y) ? x : y) AS z, toTypeName(x), toTypeName(y), toTypeName(z);",
            "name": "00735_long_conditional.sql"
        },
        {
            "query": " -- { serverError 386 }\nSELECT materialize(toInt8(0)) AS x, toFloat32(1) AS y, ((x > y) ? x : y) AS z, toTypeName(x), toTypeName(y), toTypeName(z);",
            "name": "00735_long_conditional.sql"
        },
        {
            "query": "\nSELECT materialize(toInt8(0)) AS x, toFloat64(1) AS y, ((x > y) ? x : y) AS z, toTypeName(x), toTypeName(y), toTypeName(z);",
            "name": "00735_long_conditional.sql"
        },
        {
            "query": "\nSELECT materialize(toInt8(0)) AS x, toDate(1) AS y, ((x > y) ? x : y) AS z, toTypeName(x), toTypeName(y), toTypeName(z);",
            "name": "00735_long_conditional.sql"
        },
        {
            "query": " -- { serverError 43 }\nSELECT materialize(toInt8(0)) AS x, toDateTime(1, 'Asia/Istanbul') AS y, ((x > y) ? x : y) AS z, toTypeName(x), toTypeName(y), toTypeName(z);",
            "name": "00735_long_conditional.sql"
        },
        {
            "query": " -- { serverError 386 }\nSELECT materialize(toInt8(0)) AS x, toDecimal32(1, 0) AS y, ((x > y) ? x : y) AS z, toTypeName(x), toTypeName(y), toTypeName(z);",
            "name": "00735_long_conditional.sql"
        },
        {
            "query": "\nSELECT materialize(toInt8(0)) AS x, toDecimal64(1, 0) AS y, ((x > y) ? x : y) AS z, toTypeName(x), toTypeName(y), toTypeName(z);",
            "name": "00735_long_conditional.sql"
        },
        {
            "query": "\nSELECT materialize(toInt8(0)) AS x, toDecimal128(1, 0) AS y, ((x > y) ? x : y) AS z, toTypeName(x), toTypeName(y), toTypeName(z);",
            "name": "00735_long_conditional.sql"
        },
        {
            "query": "\n\nSELECT materialize(toInt16(0)) AS x, toInt8(1) AS y, ((x > y) ? x : y) AS z, toTypeName(x), toTypeName(y), toTypeName(z);",
            "name": "00735_long_conditional.sql"
        },
        {
            "query": "\nSELECT materialize(toInt16(0)) AS x, toInt16(1) AS y, ((x > y) ? x : y) AS z, toTypeName(x), toTypeName(y), toTypeName(z);",
            "name": "00735_long_conditional.sql"
        },
        {
            "query": "\nSELECT materialize(toInt16(0)) AS x, toInt32(1) AS y, ((x > y) ? x : y) AS z, toTypeName(x), toTypeName(y), toTypeName(z);",
            "name": "00735_long_conditional.sql"
        },
        {
            "query": "\nSELECT materialize(toInt16(0)) AS x, toInt64(1) AS y, ((x > y) ? x : y) AS z, toTypeName(x), toTypeName(y), toTypeName(z);",
            "name": "00735_long_conditional.sql"
        },
        {
            "query": "\nSELECT materialize(toInt16(0)) AS x, toUInt8(1) AS y, ((x > y) ? x : y) AS z, toTypeName(x), toTypeName(y), toTypeName(z);",
            "name": "00735_long_conditional.sql"
        },
        {
            "query": "\nSELECT materialize(toInt16(0)) AS x, toUInt16(1) AS y, ((x > y) ? x : y) AS z, toTypeName(x), toTypeName(y), toTypeName(z);",
            "name": "00735_long_conditional.sql"
        },
        {
            "query": "\nSELECT materialize(toInt16(0)) AS x, toUInt32(1) AS y, ((x > y) ? x : y) AS z, toTypeName(x), toTypeName(y), toTypeName(z);",
            "name": "00735_long_conditional.sql"
        },
        {
            "query": "\nSELECT materialize(toInt16(0)) AS x, toUInt64(1) AS y, ((x > y) ? x : y) AS z, toTypeName(x), toTypeName(y), toTypeName(z);",
            "name": "00735_long_conditional.sql"
        },
        {
            "query": " -- { serverError 386 }\nSELECT materialize(toInt16(0)) AS x, toFloat32(1) AS y, ((x > y) ? x : y) AS z, toTypeName(x), toTypeName(y), toTypeName(z);",
            "name": "00735_long_conditional.sql"
        },
        {
            "query": "\nSELECT materialize(toInt16(0)) AS x, toFloat64(1) AS y, ((x > y) ? x : y) AS z, toTypeName(x), toTypeName(y), toTypeName(z);",
            "name": "00735_long_conditional.sql"
        },
        {
            "query": "\nSELECT materialize(toInt16(0)) AS x, toDate(1) AS y, ((x > y) ? x : y) AS z, toTypeName(x), toTypeName(y), toTypeName(z);",
            "name": "00735_long_conditional.sql"
        },
        {
            "query": " -- { serverError 43 }\nSELECT materialize(toInt16(0)) AS x, toDateTime(1, 'Asia/Istanbul') AS y, ((x > y) ? x : y) AS z, toTypeName(x), toTypeName(y), toTypeName(z);",
            "name": "00735_long_conditional.sql"
        },
        {
            "query": " -- { serverError 386 }\nSELECT materialize(toInt16(0)) AS x, toDecimal32(1, 0) AS y, ((x > y) ? x : y) AS z, toTypeName(x), toTypeName(y), toTypeName(z);",
            "name": "00735_long_conditional.sql"
        },
        {
            "query": "\nSELECT materialize(toInt16(0)) AS x, toDecimal64(1, 0) AS y, ((x > y) ? x : y) AS z, toTypeName(x), toTypeName(y), toTypeName(z);",
            "name": "00735_long_conditional.sql"
        },
        {
            "query": "\nSELECT materialize(toInt16(0)) AS x, toDecimal128(1, 0) AS y, ((x > y) ? x : y) AS z, toTypeName(x), toTypeName(y), toTypeName(z);",
            "name": "00735_long_conditional.sql"
        },
        {
            "query": "\n\nSELECT materialize(toInt32(0)) AS x, toInt8(1) AS y, ((x > y) ? x : y) AS z, toTypeName(x), toTypeName(y), toTypeName(z);",
            "name": "00735_long_conditional.sql"
        },
        {
            "query": "\nSELECT materialize(toInt32(0)) AS x, toInt16(1) AS y, ((x > y) ? x : y) AS z, toTypeName(x), toTypeName(y), toTypeName(z);",
            "name": "00735_long_conditional.sql"
        },
        {
            "query": "\nSELECT materialize(toInt32(0)) AS x, toInt32(1) AS y, ((x > y) ? x : y) AS z, toTypeName(x), toTypeName(y), toTypeName(z);",
            "name": "00735_long_conditional.sql"
        },
        {
            "query": "\nSELECT materialize(toInt32(0)) AS x, toInt64(1) AS y, ((x > y) ? x : y) AS z, toTypeName(x), toTypeName(y), toTypeName(z);",
            "name": "00735_long_conditional.sql"
        },
        {
            "query": "\nSELECT materialize(toInt32(0)) AS x, toUInt8(1) AS y, ((x > y) ? x : y) AS z, toTypeName(x), toTypeName(y), toTypeName(z);",
            "name": "00735_long_conditional.sql"
        },
        {
            "query": "\nSELECT materialize(toInt32(0)) AS x, toUInt16(1) AS y, ((x > y) ? x : y) AS z, toTypeName(x), toTypeName(y), toTypeName(z);",
            "name": "00735_long_conditional.sql"
        },
        {
            "query": "\nSELECT materialize(toInt32(0)) AS x, toUInt32(1) AS y, ((x > y) ? x : y) AS z, toTypeName(x), toTypeName(y), toTypeName(z);",
            "name": "00735_long_conditional.sql"
        },
        {
            "query": "\nSELECT materialize(toInt32(0)) AS x, toUInt64(1) AS y, ((x > y) ? x : y) AS z, toTypeName(x), toTypeName(y), toTypeName(z);",
            "name": "00735_long_conditional.sql"
        },
        {
            "query": " -- { serverError 386 }\nSELECT materialize(toInt32(0)) AS x, toFloat32(1) AS y, ((x > y) ? x : y) AS z, toTypeName(x), toTypeName(y), toTypeName(z);",
            "name": "00735_long_conditional.sql"
        },
        {
            "query": "\nSELECT materialize(toInt32(0)) AS x, toFloat64(1) AS y, ((x > y) ? x : y) AS z, toTypeName(x), toTypeName(y), toTypeName(z);",
            "name": "00735_long_conditional.sql"
        },
        {
            "query": "\nSELECT materialize(toInt32(0)) AS x, toDate(1) AS y, ((x > y) ? x : y) AS z, toTypeName(x), toTypeName(y), toTypeName(z);",
            "name": "00735_long_conditional.sql"
        },
        {
            "query": " -- { serverError 43 }\nSELECT materialize(toInt32(0)) AS x, toDateTime(1, 'Asia/Istanbul') AS y, ((x > y) ? x : y) AS z, toTypeName(x), toTypeName(y), toTypeName(z);",
            "name": "00735_long_conditional.sql"
        },
        {
            "query": " -- { serverError 386 }\nSELECT materialize(toInt32(0)) AS x, toDecimal32(1, 0) AS y, ((x > y) ? x : y) AS z, toTypeName(x), toTypeName(y), toTypeName(z);",
            "name": "00735_long_conditional.sql"
        },
        {
            "query": "\nSELECT materialize(toInt32(0)) AS x, toDecimal64(1, 0) AS y, ((x > y) ? x : y) AS z, toTypeName(x), toTypeName(y), toTypeName(z);",
            "name": "00735_long_conditional.sql"
        },
        {
            "query": "\nSELECT materialize(toInt32(0)) AS x, toDecimal128(1, 0) AS y, ((x > y) ? x : y) AS z, toTypeName(x), toTypeName(y), toTypeName(z);",
            "name": "00735_long_conditional.sql"
        },
        {
            "query": "\n\nSELECT materialize(toInt64(0)) AS x, toInt8(1) AS y, ((x > y) ? x : y) AS z, toTypeName(x), toTypeName(y), toTypeName(z);",
            "name": "00735_long_conditional.sql"
        },
        {
            "query": "\nSELECT materialize(toInt64(0)) AS x, toInt16(1) AS y, ((x > y) ? x : y) AS z, toTypeName(x), toTypeName(y), toTypeName(z);",
            "name": "00735_long_conditional.sql"
        },
        {
            "query": "\nSELECT materialize(toInt64(0)) AS x, toInt32(1) AS y, ((x > y) ? x : y) AS z, toTypeName(x), toTypeName(y), toTypeName(z);",
            "name": "00735_long_conditional.sql"
        },
        {
            "query": "\nSELECT materialize(toInt64(0)) AS x, toInt64(1) AS y, ((x > y) ? x : y) AS z, toTypeName(x), toTypeName(y), toTypeName(z);",
            "name": "00735_long_conditional.sql"
        },
        {
            "query": "\nSELECT materialize(toInt64(0)) AS x, toUInt8(1) AS y, ((x > y) ? x : y) AS z, toTypeName(x), toTypeName(y), toTypeName(z);",
            "name": "00735_long_conditional.sql"
        },
        {
            "query": "\nSELECT materialize(toInt64(0)) AS x, toUInt16(1) AS y, ((x > y) ? x : y) AS z, toTypeName(x), toTypeName(y), toTypeName(z);",
            "name": "00735_long_conditional.sql"
        },
        {
            "query": "\nSELECT materialize(toInt64(0)) AS x, toUInt32(1) AS y, ((x > y) ? x : y) AS z, toTypeName(x), toTypeName(y), toTypeName(z);",
            "name": "00735_long_conditional.sql"
        },
        {
            "query": "\nSELECT materialize(toInt64(0)) AS x, toUInt64(1) AS y, ((x > y) ? x : y) AS z, toTypeName(x), toTypeName(y), toTypeName(z);",
            "name": "00735_long_conditional.sql"
        },
        {
            "query": " -- { serverError 386 }\nSELECT materialize(toInt64(0)) AS x, toFloat32(1) AS y, ((x > y) ? x : y) AS z, toTypeName(x), toTypeName(y), toTypeName(z);",
            "name": "00735_long_conditional.sql"
        },
        {
            "query": " -- { serverError 386 }\nSELECT materialize(toInt64(0)) AS x, toFloat64(1) AS y, ((x > y) ? x : y) AS z, toTypeName(x), toTypeName(y), toTypeName(z);",
            "name": "00735_long_conditional.sql"
        },
        {
            "query": " -- { serverError 386 }\nSELECT materialize(toInt64(0)) AS x, toDate(1) AS y, ((x > y) ? x : y) AS z, toTypeName(x), toTypeName(y), toTypeName(z);",
            "name": "00735_long_conditional.sql"
        },
        {
            "query": " -- { serverError 43 }\nSELECT materialize(toInt64(0)) AS x, toDateTime(1, 'Asia/Istanbul') AS y, ((x > y) ? x : y) AS z, toTypeName(x), toTypeName(y), toTypeName(z);",
            "name": "00735_long_conditional.sql"
        },
        {
            "query": " -- { serverError 386 }\nSELECT materialize(toInt64(0)) AS x, toDecimal32(1, 0) AS y, ((x > y) ? x : y) AS z, toTypeName(x), toTypeName(y), toTypeName(z);",
            "name": "00735_long_conditional.sql"
        },
        {
            "query": "\nSELECT materialize(toInt64(0)) AS x, toDecimal64(1, 0) AS y, ((x > y) ? x : y) AS z, toTypeName(x), toTypeName(y), toTypeName(z);",
            "name": "00735_long_conditional.sql"
        },
        {
            "query": "\nSELECT materialize(toInt64(0)) AS x, toDecimal128(1, 0) AS y, ((x > y) ? x : y) AS z, toTypeName(x), toTypeName(y), toTypeName(z);",
            "name": "00735_long_conditional.sql"
        },
        {
            "query": "\n\nSELECT materialize(toUInt8(0)) AS x, toInt8(1) AS y, ((x > y) ? x : y) AS z, toTypeName(x), toTypeName(y), toTypeName(z);",
            "name": "00735_long_conditional.sql"
        },
        {
            "query": "\nSELECT materialize(toUInt8(0)) AS x, toInt16(1) AS y, ((x > y) ? x : y) AS z, toTypeName(x), toTypeName(y), toTypeName(z);",
            "name": "00735_long_conditional.sql"
        },
        {
            "query": "\nSELECT materialize(toUInt8(0)) AS x, toInt32(1) AS y, ((x > y) ? x : y) AS z, toTypeName(x), toTypeName(y), toTypeName(z);",
            "name": "00735_long_conditional.sql"
        },
        {
            "query": "\nSELECT materialize(toUInt8(0)) AS x, toInt64(1) AS y, ((x > y) ? x : y) AS z, toTypeName(x), toTypeName(y), toTypeName(z);",
            "name": "00735_long_conditional.sql"
        },
        {
            "query": "\nSELECT materialize(toUInt8(0)) AS x, toUInt8(1) AS y, ((x > y) ? x : y) AS z, toTypeName(x), toTypeName(y), toTypeName(z);",
            "name": "00735_long_conditional.sql"
        },
        {
            "query": "\nSELECT materialize(toUInt8(0)) AS x, toUInt16(1) AS y, ((x > y) ? x : y) AS z, toTypeName(x), toTypeName(y), toTypeName(z);",
            "name": "00735_long_conditional.sql"
        },
        {
            "query": "\nSELECT materialize(toUInt8(0)) AS x, toUInt32(1) AS y, ((x > y) ? x : y) AS z, toTypeName(x), toTypeName(y), toTypeName(z);",
            "name": "00735_long_conditional.sql"
        },
        {
            "query": "\nSELECT materialize(toUInt8(0)) AS x, toUInt64(1) AS y, ((x > y) ? x : y) AS z, toTypeName(x), toTypeName(y), toTypeName(z);",
            "name": "00735_long_conditional.sql"
        },
        {
            "query": "\nSELECT materialize(toUInt8(0)) AS x, toFloat32(1) AS y, ((x > y) ? x : y) AS z, toTypeName(x), toTypeName(y), toTypeName(z);",
            "name": "00735_long_conditional.sql"
        },
        {
            "query": "\nSELECT materialize(toUInt8(0)) AS x, toFloat64(1) AS y, ((x > y) ? x : y) AS z, toTypeName(x), toTypeName(y), toTypeName(z);",
            "name": "00735_long_conditional.sql"
        },
        {
            "query": "\nSELECT materialize(toUInt8(0)) AS x, toDate(1) AS y, ((x > y) ? x : y) AS z, toTypeName(x), toTypeName(y), toTypeName(z);",
            "name": "00735_long_conditional.sql"
        },
        {
            "query": " -- { serverError 43 }\nSELECT materialize(toUInt8(0)) AS x, toDateTime(1, 'Asia/Istanbul') AS y, ((x > y) ? x : y) AS z, toTypeName(x), toTypeName(y), toTypeName(z);",
            "name": "00735_long_conditional.sql"
        },
        {
            "query": " -- { serverError 386 }\nSELECT materialize(toUInt8(0)) AS x, toDecimal32(1, 0) AS y, ((x > y) ? x : y) AS z, toTypeName(x), toTypeName(y), toTypeName(z);",
            "name": "00735_long_conditional.sql"
        },
        {
            "query": "\nSELECT materialize(toUInt8(0)) AS x, toDecimal64(1, 0) AS y, ((x > y) ? x : y) AS z, toTypeName(x), toTypeName(y), toTypeName(z);",
            "name": "00735_long_conditional.sql"
        },
        {
            "query": "\nSELECT materialize(toUInt8(0)) AS x, toDecimal128(1, 0) AS y, ((x > y) ? x : y) AS z, toTypeName(x), toTypeName(y), toTypeName(z);",
            "name": "00735_long_conditional.sql"
        },
        {
            "query": "\n\nSELECT materialize(toUInt16(0)) AS x, toInt8(1) AS y, ((x > y) ? x : y) AS z, toTypeName(x), toTypeName(y), toTypeName(z);",
            "name": "00735_long_conditional.sql"
        },
        {
            "query": "\nSELECT materialize(toUInt16(0)) AS x, toInt16(1) AS y, ((x > y) ? x : y) AS z, toTypeName(x), toTypeName(y), toTypeName(z);",
            "name": "00735_long_conditional.sql"
        },
        {
            "query": "\nSELECT materialize(toUInt16(0)) AS x, toInt32(1) AS y, ((x > y) ? x : y) AS z, toTypeName(x), toTypeName(y), toTypeName(z);",
            "name": "00735_long_conditional.sql"
        },
        {
            "query": "\nSELECT materialize(toUInt16(0)) AS x, toInt64(1) AS y, ((x > y) ? x : y) AS z, toTypeName(x), toTypeName(y), toTypeName(z);",
            "name": "00735_long_conditional.sql"
        },
        {
            "query": "\nSELECT materialize(toUInt16(0)) AS x, toUInt8(1) AS y, ((x > y) ? x : y) AS z, toTypeName(x), toTypeName(y), toTypeName(z);",
            "name": "00735_long_conditional.sql"
        },
        {
            "query": "\nSELECT materialize(toUInt16(0)) AS x, toUInt16(1) AS y, ((x > y) ? x : y) AS z, toTypeName(x), toTypeName(y), toTypeName(z);",
            "name": "00735_long_conditional.sql"
        },
        {
            "query": "\nSELECT materialize(toUInt16(0)) AS x, toUInt32(1) AS y, ((x > y) ? x : y) AS z, toTypeName(x), toTypeName(y), toTypeName(z);",
            "name": "00735_long_conditional.sql"
        },
        {
            "query": "\nSELECT materialize(toUInt16(0)) AS x, toUInt64(1) AS y, ((x > y) ? x : y) AS z, toTypeName(x), toTypeName(y), toTypeName(z);",
            "name": "00735_long_conditional.sql"
        },
        {
            "query": "\nSELECT materialize(toUInt16(0)) AS x, toFloat32(1) AS y, ((x > y) ? x : y) AS z, toTypeName(x), toTypeName(y), toTypeName(z);",
            "name": "00735_long_conditional.sql"
        },
        {
            "query": "\nSELECT materialize(toUInt16(0)) AS x, toFloat64(1) AS y, ((x > y) ? x : y) AS z, toTypeName(x), toTypeName(y), toTypeName(z);",
            "name": "00735_long_conditional.sql"
        },
        {
            "query": "\nSELECT materialize(toUInt16(0)) AS x, toDate(1) AS y, ((x > y) ? x : y) AS z, toTypeName(x), toTypeName(y), toTypeName(z);",
            "name": "00735_long_conditional.sql"
        },
        {
            "query": " -- { serverError 43 }\nSELECT materialize(toUInt16(0)) AS x, toDateTime(1, 'Asia/Istanbul') AS y, ((x > y) ? x : y) AS z, toTypeName(x), toTypeName(y), toTypeName(z);",
            "name": "00735_long_conditional.sql"
        },
        {
            "query": " -- { serverError 386 }\nSELECT materialize(toUInt16(0)) AS x, toDecimal32(1, 0) AS y, ((x > y) ? x : y) AS z, toTypeName(x), toTypeName(y), toTypeName(z);",
            "name": "00735_long_conditional.sql"
        },
        {
            "query": "\nSELECT materialize(toUInt16(0)) AS x, toDecimal64(1, 0) AS y, ((x > y) ? x : y) AS z, toTypeName(x), toTypeName(y), toTypeName(z);",
            "name": "00735_long_conditional.sql"
        },
        {
            "query": "\nSELECT materialize(toUInt16(0)) AS x, toDecimal128(1, 0) AS y, ((x > y) ? x : y) AS z, toTypeName(x), toTypeName(y), toTypeName(z);",
            "name": "00735_long_conditional.sql"
        },
        {
            "query": "\n\nSELECT materialize(toUInt32(0)) AS x, toInt8(1) AS y, ((x > y) ? x : y) AS z, toTypeName(x), toTypeName(y), toTypeName(z);",
            "name": "00735_long_conditional.sql"
        },
        {
            "query": "\nSELECT materialize(toUInt32(0)) AS x, toInt16(1) AS y, ((x > y) ? x : y) AS z, toTypeName(x), toTypeName(y), toTypeName(z);",
            "name": "00735_long_conditional.sql"
        },
        {
            "query": "\nSELECT materialize(toUInt32(0)) AS x, toInt32(1) AS y, ((x > y) ? x : y) AS z, toTypeName(x), toTypeName(y), toTypeName(z);",
            "name": "00735_long_conditional.sql"
        },
        {
            "query": "\nSELECT materialize(toUInt32(0)) AS x, toInt64(1) AS y, ((x > y) ? x : y) AS z, toTypeName(x), toTypeName(y), toTypeName(z);",
            "name": "00735_long_conditional.sql"
        },
        {
            "query": "\nSELECT materialize(toUInt32(0)) AS x, toUInt8(1) AS y, ((x > y) ? x : y) AS z, toTypeName(x), toTypeName(y), toTypeName(z);",
            "name": "00735_long_conditional.sql"
        },
        {
            "query": "\nSELECT materialize(toUInt32(0)) AS x, toUInt16(1) AS y, ((x > y) ? x : y) AS z, toTypeName(x), toTypeName(y), toTypeName(z);",
            "name": "00735_long_conditional.sql"
        },
        {
            "query": "\nSELECT materialize(toUInt32(0)) AS x, toUInt32(1) AS y, ((x > y) ? x : y) AS z, toTypeName(x), toTypeName(y), toTypeName(z);",
            "name": "00735_long_conditional.sql"
        },
        {
            "query": "\nSELECT materialize(toUInt32(0)) AS x, toUInt64(1) AS y, ((x > y) ? x : y) AS z, toTypeName(x), toTypeName(y), toTypeName(z);",
            "name": "00735_long_conditional.sql"
        },
        {
            "query": "\nSELECT materialize(toUInt32(0)) AS x, toFloat32(1) AS y, ((x > y) ? x : y) AS z, toTypeName(x), toTypeName(y), toTypeName(z);",
            "name": "00735_long_conditional.sql"
        },
        {
            "query": "\nSELECT materialize(toUInt32(0)) AS x, toFloat64(1) AS y, ((x > y) ? x : y) AS z, toTypeName(x), toTypeName(y), toTypeName(z);",
            "name": "00735_long_conditional.sql"
        },
        {
            "query": "\nSELECT materialize(toUInt32(0)) AS x, toDate(1) AS y, ((x > y) ? x : y) AS z, toTypeName(x), toTypeName(y), toTypeName(z);",
            "name": "00735_long_conditional.sql"
        },
        {
            "query": " -- { serverError 43 }\nSELECT materialize(toUInt32(0)) AS x, toDateTime(1, 'Asia/Istanbul') AS y, ((x > y) ? x : y) AS z, toTypeName(x), toTypeName(y), toTypeName(z);",
            "name": "00735_long_conditional.sql"
        },
        {
            "query": " -- { serverError 386 }\nSELECT materialize(toUInt32(0)) AS x, toDecimal32(1, 0) AS y, ((x > y) ? x : y) AS z, toTypeName(x), toTypeName(y), toTypeName(z);",
            "name": "00735_long_conditional.sql"
        },
        {
            "query": "\nSELECT materialize(toUInt32(0)) AS x, toDecimal64(1, 0) AS y, ((x > y) ? x : y) AS z, toTypeName(x), toTypeName(y), toTypeName(z);",
            "name": "00735_long_conditional.sql"
        },
        {
            "query": "\nSELECT materialize(toUInt32(0)) AS x, toDecimal128(1, 0) AS y, ((x > y) ? x : y) AS z, toTypeName(x), toTypeName(y), toTypeName(z);",
            "name": "00735_long_conditional.sql"
        },
        {
            "query": "\n\nSELECT materialize(toUInt64(0)) AS x, toInt8(1) AS y, ((x > y) ? x : y) AS z, toTypeName(x), toTypeName(y), toTypeName(z);",
            "name": "00735_long_conditional.sql"
        },
        {
            "query": " -- { serverError 386 }\nSELECT materialize(toUInt64(0)) AS x, toInt16(1) AS y, ((x > y) ? x : y) AS z, toTypeName(x), toTypeName(y), toTypeName(z);",
            "name": "00735_long_conditional.sql"
        },
        {
            "query": " -- { serverError 386 }\nSELECT materialize(toUInt64(0)) AS x, toInt32(1) AS y, ((x > y) ? x : y) AS z, toTypeName(x), toTypeName(y), toTypeName(z);",
            "name": "00735_long_conditional.sql"
        },
        {
            "query": " -- { serverError 386 }\nSELECT materialize(toUInt64(0)) AS x, toInt64(1) AS y, ((x > y) ? x : y) AS z, toTypeName(x), toTypeName(y), toTypeName(z);",
            "name": "00735_long_conditional.sql"
        },
        {
            "query": " -- { serverError 386 }\nSELECT materialize(toUInt64(0)) AS x, toUInt8(1) AS y, ((x > y) ? x : y) AS z, toTypeName(x), toTypeName(y), toTypeName(z);",
            "name": "00735_long_conditional.sql"
        },
        {
            "query": "\nSELECT materialize(toUInt64(0)) AS x, toUInt16(1) AS y, ((x > y) ? x : y) AS z, toTypeName(x), toTypeName(y), toTypeName(z);",
            "name": "00735_long_conditional.sql"
        },
        {
            "query": "\nSELECT materialize(toUInt64(0)) AS x, toUInt32(1) AS y, ((x > y) ? x : y) AS z, toTypeName(x), toTypeName(y), toTypeName(z);",
            "name": "00735_long_conditional.sql"
        },
        {
            "query": "\nSELECT materialize(toUInt64(0)) AS x, toUInt64(1) AS y, ((x > y) ? x : y) AS z, toTypeName(x), toTypeName(y), toTypeName(z);",
            "name": "00735_long_conditional.sql"
        },
        {
            "query": "\nSELECT materialize(toUInt64(0)) AS x, toFloat32(1) AS y, ((x > y) ? x : y) AS z, toTypeName(x), toTypeName(y), toTypeName(z);",
            "name": "00735_long_conditional.sql"
        },
        {
            "query": " -- { serverError 386 }\nSELECT materialize(toUInt64(0)) AS x, toFloat64(1) AS y, ((x > y) ? x : y) AS z, toTypeName(x), toTypeName(y), toTypeName(z);",
            "name": "00735_long_conditional.sql"
        },
        {
            "query": " -- { serverError 386 }\nSELECT materialize(toUInt64(0)) AS x, toDate(1) AS y, ((x > y) ? x : y) AS z, toTypeName(x), toTypeName(y), toTypeName(z);",
            "name": "00735_long_conditional.sql"
        },
        {
            "query": " -- { serverError 43 }\nSELECT materialize(toUInt64(0)) AS x, toDateTime(1, 'Asia/Istanbul') AS y, ((x > y) ? x : y) AS z, toTypeName(x), toTypeName(y), toTypeName(z);",
            "name": "00735_long_conditional.sql"
        },
        {
            "query": " -- { serverError 386 }\nSELECT materialize(toUInt64(0)) AS x, toDecimal32(1, 0) AS y, ((x > y) ? x : y) AS z, toTypeName(x), toTypeName(y), toTypeName(z);",
            "name": "00735_long_conditional.sql"
        },
        {
            "query": "\nSELECT materialize(toUInt64(0)) AS x, toDecimal64(1, 0) AS y, ((x > y) ? x : y) AS z, toTypeName(x), toTypeName(y), toTypeName(z);",
            "name": "00735_long_conditional.sql"
        },
        {
            "query": "\nSELECT materialize(toUInt64(0)) AS x, toDecimal128(1, 0) AS y, ((x > y) ? x : y) AS z, toTypeName(x), toTypeName(y), toTypeName(z);",
            "name": "00735_long_conditional.sql"
        },
        {
            "query": "\n\nSELECT materialize(toDate(0)) AS x, toInt8(1) AS y, ((x > y) ? x : y) AS z, toTypeName(x), toTypeName(y), toTypeName(z);",
            "name": "00735_long_conditional.sql"
        },
        {
            "query": " -- { serverError 43 }\nSELECT materialize(toDate(0)) AS x, toInt16(1) AS y, ((x > y) ? x : y) AS z, toTypeName(x), toTypeName(y), toTypeName(z);",
            "name": "00735_long_conditional.sql"
        },
        {
            "query": " -- { serverError 43 }\nSELECT materialize(toDate(0)) AS x, toInt32(1) AS y, ((x > y) ? x : y) AS z, toTypeName(x), toTypeName(y), toTypeName(z);",
            "name": "00735_long_conditional.sql"
        },
        {
            "query": " -- { serverError 43 }\nSELECT materialize(toDate(0)) AS x, toInt64(1) AS y, ((x > y) ? x : y) AS z, toTypeName(x), toTypeName(y), toTypeName(z);",
            "name": "00735_long_conditional.sql"
        },
        {
            "query": " -- { serverError 43 }\nSELECT materialize(toDate(0)) AS x, toUInt8(1) AS y, ((x > y) ? x : y) AS z, toTypeName(x), toTypeName(y), toTypeName(z);",
            "name": "00735_long_conditional.sql"
        },
        {
            "query": " -- { serverError 43 }\nSELECT materialize(toDate(0)) AS x, toUInt16(1) AS y, ((x > y) ? x : y) AS z, toTypeName(x), toTypeName(y), toTypeName(z);",
            "name": "00735_long_conditional.sql"
        },
        {
            "query": " -- { serverError 43 }\nSELECT materialize(toDate(0)) AS x, toUInt32(1) AS y, ((x > y) ? x : y) AS z, toTypeName(x), toTypeName(y), toTypeName(z);",
            "name": "00735_long_conditional.sql"
        },
        {
            "query": " -- { serverError 43 }\nSELECT materialize(toDate(0)) AS x, toUInt64(1) AS y, ((x > y) ? x : y) AS z, toTypeName(x), toTypeName(y), toTypeName(z);",
            "name": "00735_long_conditional.sql"
        },
        {
            "query": " -- { serverError 43 }\nSELECT materialize(toDate(0)) AS x, toFloat32(1) AS y, ((x > y) ? x : y) AS z, toTypeName(x), toTypeName(y), toTypeName(z);",
            "name": "00735_long_conditional.sql"
        },
        {
            "query": " -- { serverError 43 }\nSELECT materialize(toDate(0)) AS x, toFloat64(1) AS y, ((x > y) ? x : y) AS z, toTypeName(x), toTypeName(y), toTypeName(z);",
            "name": "00735_long_conditional.sql"
        },
        {
            "query": " -- { serverError 43 }\nSELECT materialize(toDate(0)) AS x, toDate(1) AS y, ((x > y) ? x : y) AS z, toTypeName(x), toTypeName(y), toTypeName(z);",
            "name": "00735_long_conditional.sql"
        },
        {
            "query": "\nSELECT materialize(toDate('2000-01-01')) AS x, toDateTime('2000-01-01 00:00:01', 'Asia/Istanbul') AS y, ((x > y) ? x : y) AS z, toTypeName(x), toTypeName(y), toTypeName(z);",
            "name": "00735_long_conditional.sql"
        },
        {
            "query": "\nSELECT materialize(toDate(0)) AS x, toDecimal32(1, 0) AS y, ((x = 0) ? x : y) AS z, toTypeName(x), toTypeName(y), toTypeName(z);",
            "name": "00735_long_conditional.sql"
        },
        {
            "query": " -- { serverError 43 }\nSELECT materialize(toDate(0)) AS x, toDecimal64(1, 0) AS y, ((x = 0) ? x : y) AS z, toTypeName(x), toTypeName(y), toTypeName(z);",
            "name": "00735_long_conditional.sql"
        },
        {
            "query": " -- { serverError 43 }\nSELECT materialize(toDate(0)) AS x, toDecimal128(1, 0) AS y, ((x = 0) ? x : y) AS z, toTypeName(x), toTypeName(y), toTypeName(z);",
            "name": "00735_long_conditional.sql"
        },
        {
            "query": " -- { serverError 43 }\n\nSELECT materialize(toDateTime(0, 'Asia/Istanbul')) AS x, toInt8(1) AS y, ((x > y) ? x : y) AS z, toTypeName(x), toTypeName(y), toTypeName(z);",
            "name": "00735_long_conditional.sql"
        },
        {
            "query": " -- { serverError 386 }\nSELECT materialize(toDateTime(0, 'Asia/Istanbul')) AS x, toInt16(1) AS y, ((x > y) ? x : y) AS z, toTypeName(x), toTypeName(y), toTypeName(z);",
            "name": "00735_long_conditional.sql"
        },
        {
            "query": " -- { serverError 386 }\nSELECT materialize(toDateTime(0, 'Asia/Istanbul')) AS x, toInt32(1) AS y, ((x > y) ? x : y) AS z, toTypeName(x), toTypeName(y), toTypeName(z);",
            "name": "00735_long_conditional.sql"
        },
        {
            "query": " -- { serverError 386 }\nSELECT materialize(toDateTime(0, 'Asia/Istanbul')) AS x, toInt64(1) AS y, ((x > y) ? x : y) AS z, toTypeName(x), toTypeName(y), toTypeName(z);",
            "name": "00735_long_conditional.sql"
        },
        {
            "query": " -- { serverError 386 }\nSELECT materialize(toDateTime(0, 'Asia/Istanbul')) AS x, toUInt8(1) AS y, ((x > y) ? x : y) AS z, toTypeName(x), toTypeName(y), toTypeName(z);",
            "name": "00735_long_conditional.sql"
        },
        {
            "query": " -- { serverError 386 }\nSELECT materialize(toDateTime(0, 'Asia/Istanbul')) AS x, toUInt16(1) AS y, ((x > y) ? x : y) AS z, toTypeName(x), toTypeName(y), toTypeName(z);",
            "name": "00735_long_conditional.sql"
        },
        {
            "query": " -- { serverError 386 }\nSELECT materialize(toDateTime(0, 'Asia/Istanbul')) AS x, toUInt32(1) AS y, ((x > y) ? x : y) AS z, toTypeName(x), toTypeName(y), toTypeName(z);",
            "name": "00735_long_conditional.sql"
        },
        {
            "query": " -- { serverError 386 }\nSELECT materialize(toDateTime(0, 'Asia/Istanbul')) AS x, toUInt64(1) AS y, ((x > y) ? x : y) AS z, toTypeName(x), toTypeName(y), toTypeName(z);",
            "name": "00735_long_conditional.sql"
        },
        {
            "query": " -- { serverError 386 }\nSELECT materialize(toDateTime(0, 'Asia/Istanbul')) AS x, toFloat32(1) AS y, ((x > y) ? x : y) AS z, toTypeName(x), toTypeName(y), toTypeName(z);",
            "name": "00735_long_conditional.sql"
        },
        {
            "query": " -- { serverError 386 }\nSELECT materialize(toDateTime(0, 'Asia/Istanbul')) AS x, toFloat64(1) AS y, ((x > y) ? x : y) AS z, toTypeName(x), toTypeName(y), toTypeName(z);",
            "name": "00735_long_conditional.sql"
        },
        {
            "query": " -- { serverError 386 }\nSELECT materialize(toDateTime('2000-01-01 00:00:00', 'Asia/Istanbul')) AS x, toDate('2000-01-02') AS y, ((x > y) ? x : y) AS z, toTypeName(x), toTypeName(y), toTypeName(z);",
            "name": "00735_long_conditional.sql"
        },
        {
            "query": "\nSELECT materialize(toDateTime(0, 'Asia/Istanbul')) AS x, toDateTime(1, 'Asia/Istanbul') AS y, ((x > y) ? x : y) AS z, toTypeName(x), toTypeName(y), toTypeName(z);",
            "name": "00735_long_conditional.sql"
        },
        {
            "query": "\nSELECT materialize(toDateTime(0, 'Asia/Istanbul')) AS x, toDecimal32(1, 0) AS y, ((x = 0) ? x : y) AS z, toTypeName(x), toTypeName(y), toTypeName(z);",
            "name": "00735_long_conditional.sql"
        },
        {
            "query": " -- { serverError 386 }\nSELECT materialize(toDateTime(0, 'Asia/Istanbul')) AS x, toDecimal64(1, 0) AS y, ((x = 0) ? x : y) AS z, toTypeName(x), toTypeName(y), toTypeName(z);",
            "name": "00735_long_conditional.sql"
        },
        {
            "query": " -- { serverError 386 }\nSELECT materialize(toDateTime(0, 'Asia/Istanbul')) AS x, toDecimal128(1, 0) AS y, ((x = 0) ? x : y) AS z, toTypeName(x), toTypeName(y), toTypeName(z);",
            "name": "00735_long_conditional.sql"
        },
        {
            "query": " -- { serverError 386 }\n;",
            "name": "00735_long_conditional.sql"
        }
    ]
}