{
    "name": "02388_analyzer_recursive_lambda.sql",
    "tests": [
        {
            "query": "SET allow_experimental_analyzer = 1;",
            "name": "02388_analyzer_recursive_lambda.sql"
        },
        {
            "query": "\n\nWITH x -> plus(lambda(1), x) AS lambda SELECT lambda(1048576);",
            "name": "02388_analyzer_recursive_lambda.sql"
        },
        {
            "query": " -- { serverError 1 };",
            "name": "02388_analyzer_recursive_lambda.sql"
        },
        {
            "query": "\n\nWITH lambda(lambda(plus(x, x, -1)), tuple(x), x + 2147483646) AS lambda, x -> plus(lambda(1), x, 2) AS lambda SELECT 1048576, lambda(1048576);",
            "name": "02388_analyzer_recursive_lambda.sql"
        },
        {
            "query": " -- { serverError 1 };",
            "name": "02388_analyzer_recursive_lambda.sql"
        }
    ]
}