{
    "name": "01307_bloom_filter_index_string_multi_granulas.sql",
    "tests": [
        {
            "query": "DROP TABLE IF EXISTS test_01307;",
            "name": "01307_bloom_filter_index_string_multi_granulas.sql"
        },
        {
            "query": "\n\nCREATE TABLE test_01307 (id UInt64, val String, INDEX ind val TYPE bloom_filter() GRANULARITY 1) ENGINE = MergeTree() ORDER BY id SETTINGS index_granularity = 2, index_granularity_bytes = '10Mi';",
            "name": "01307_bloom_filter_index_string_multi_granulas.sql"
        },
        {
            "query": "\nINSERT INTO test_01307 (id, val) select number as id, toString(number) as val from numbers(4);",
            "name": "01307_bloom_filter_index_string_multi_granulas.sql"
        },
        {
            "query": "\nSELECT count() FROM test_01307 WHERE identity(val) = '2';",
            "name": "01307_bloom_filter_index_string_multi_granulas.sql"
        },
        {
            "query": "\nSELECT count() FROM test_01307 WHERE val = '2';",
            "name": "01307_bloom_filter_index_string_multi_granulas.sql"
        },
        {
            "query": "\nOPTIMIZE TABLE test_01307 FINAL;",
            "name": "01307_bloom_filter_index_string_multi_granulas.sql"
        },
        {
            "query": "\nSELECT count() FROM test_01307 WHERE identity(val) = '2';",
            "name": "01307_bloom_filter_index_string_multi_granulas.sql"
        },
        {
            "query": "\nSELECT count() FROM test_01307 WHERE val = '2';",
            "name": "01307_bloom_filter_index_string_multi_granulas.sql"
        },
        {
            "query": "\n\nDROP TABLE test_01307;",
            "name": "01307_bloom_filter_index_string_multi_granulas.sql"
        }
    ]
}