{
    "name": "02126_identity_user_defined_function.sql",
    "tests": [
        {
            "query": "-- Tags: no-parallel\n\nDROP FUNCTION IF EXISTS 02126_function;",
            "name": "02126_identity_user_defined_function.sql"
        },
        {
            "query": "\nCREATE FUNCTION 02126_function AS x -> x;",
            "name": "02126_identity_user_defined_function.sql"
        },
        {
            "query": "\nSELECT 02126_function(1);",
            "name": "02126_identity_user_defined_function.sql"
        },
        {
            "query": "\nDROP FUNCTION 02126_function;",
            "name": "02126_identity_user_defined_function.sql"
        },
        {
            "query": "\n\nCREATE FUNCTION 02126_function AS () -> x;",
            "name": "02126_identity_user_defined_function.sql"
        },
        {
            "query": "\nSELECT 02126_function();",
            "name": "02126_identity_user_defined_function.sql"
        },
        {
            "query": " --{ serverError 47 }\nDROP FUNCTION 02126_function;",
            "name": "02126_identity_user_defined_function.sql"
        },
        {
            "query": "\n\nCREATE FUNCTION 02126_function AS () -> 5;",
            "name": "02126_identity_user_defined_function.sql"
        },
        {
            "query": "\nSELECT 02126_function();",
            "name": "02126_identity_user_defined_function.sql"
        },
        {
            "query": "\nDROP FUNCTION 02126_function;",
            "name": "02126_identity_user_defined_function.sql"
        }
    ]
}