{
    "name": "02967_analyzer_fuzz.sql",
    "tests": [
        {
            "query": "-- https://github.com/ClickHouse/ClickHouse/issues/57193\nSELECT\n    2147483647,\n    count(pow(NULL, 1.0001))\nFROM remote(test_cluster_two_shards, system, one)\nGROUP BY\n    makeDateTime64(NULL, NULL, pow(NULL, '257') - '-1', '0.2147483647', 257),\n    makeDateTime64(pow(pow(NULL, '21474836.46') - '0.0000065535', 1048577), '922337203685477580.6', NULL, NULL, pow(NULL, 1.0001) - 65536, NULL)\nWITH CUBE\n    SETTINGS allow_experimental_analyzer = 1;",
            "name": "02967_analyzer_fuzz.sql"
        },
        {
            "query": "\n\n\nCREATE TABLE data_01223 (`key` Int) ENGINE = Memory;",
            "name": "02967_analyzer_fuzz.sql"
        },
        {
            "query": "\nCREATE TABLE dist_layer_01223 AS data_01223 ENGINE = Distributed(test_cluster_two_shards, currentDatabase(), data_01223);",
            "name": "02967_analyzer_fuzz.sql"
        },
        {
            "query": "\nCREATE TABLE dist_01223 AS data_01223 ENGINE = Distributed(test_cluster_two_shards, currentDatabase(), dist_layer_01223);",
            "name": "02967_analyzer_fuzz.sql"
        },
        {
            "query": "\nSELECT count(round('92233720368547758.07', '-0.01', NULL, nan, '25.7', '-92233720368547758.07', NULL))\nFROM dist_01223\nWHERE round(NULL, 1025, 1.1754943508222875e-38, NULL)\nWITH TOTALS\n    SETTINGS allow_experimental_analyzer = 1;",
            "name": "02967_analyzer_fuzz.sql"
        }
    ]
}