{
    "name": "00143_number_classification_functions.sql",
    "tests": [
        {
            "query": "select isFinite(0) = 1;",
            "name": "00143_number_classification_functions.sql"
        },
        {
            "query": "\nselect isFinite(1) = 1;",
            "name": "00143_number_classification_functions.sql"
        },
        {
            "query": "\nselect isFinite(materialize(0)) = 1;",
            "name": "00143_number_classification_functions.sql"
        },
        {
            "query": "\nselect isFinite(materialize(1)) = 1;",
            "name": "00143_number_classification_functions.sql"
        },
        {
            "query": "\nselect isFinite(1/0) = 0;",
            "name": "00143_number_classification_functions.sql"
        },
        {
            "query": "\nselect isFinite(-1/0) = 0;",
            "name": "00143_number_classification_functions.sql"
        },
        {
            "query": "\nselect isFinite(0/0) = 0;",
            "name": "00143_number_classification_functions.sql"
        },
        {
            "query": "\nselect isFinite(inf) = 0;",
            "name": "00143_number_classification_functions.sql"
        },
        {
            "query": "\nselect isFinite(-inf) = 0;",
            "name": "00143_number_classification_functions.sql"
        },
        {
            "query": "\nselect isFinite(nan) = 0;",
            "name": "00143_number_classification_functions.sql"
        },
        {
            "query": "\n\nselect isInfinite(0) = 0;",
            "name": "00143_number_classification_functions.sql"
        },
        {
            "query": "\nselect isInfinite(1) = 0;",
            "name": "00143_number_classification_functions.sql"
        },
        {
            "query": "\nselect isInfinite(materialize(0)) = 0;",
            "name": "00143_number_classification_functions.sql"
        },
        {
            "query": "\nselect isInfinite(materialize(1)) = 0;",
            "name": "00143_number_classification_functions.sql"
        },
        {
            "query": "\nselect isInfinite(1/0) = 1;",
            "name": "00143_number_classification_functions.sql"
        },
        {
            "query": "\nselect isInfinite(-1/0) = 1;",
            "name": "00143_number_classification_functions.sql"
        },
        {
            "query": "\nselect isInfinite(0/0) = 0;",
            "name": "00143_number_classification_functions.sql"
        },
        {
            "query": "\nselect isInfinite(inf) = 1;",
            "name": "00143_number_classification_functions.sql"
        },
        {
            "query": "\nselect isInfinite(-inf) = 1;",
            "name": "00143_number_classification_functions.sql"
        },
        {
            "query": "\nselect isInfinite(nan) = 0;",
            "name": "00143_number_classification_functions.sql"
        },
        {
            "query": "\n\n\nselect isNaN(0) = 0;",
            "name": "00143_number_classification_functions.sql"
        },
        {
            "query": "\nselect isNaN(1) = 0;",
            "name": "00143_number_classification_functions.sql"
        },
        {
            "query": "\nselect isNaN(materialize(0)) = 0;",
            "name": "00143_number_classification_functions.sql"
        },
        {
            "query": "\nselect isNaN(materialize(1)) = 0;",
            "name": "00143_number_classification_functions.sql"
        },
        {
            "query": "\nselect isNaN(1/0) = 0;",
            "name": "00143_number_classification_functions.sql"
        },
        {
            "query": "\nselect isNaN(-1/0) = 0;",
            "name": "00143_number_classification_functions.sql"
        },
        {
            "query": "\nselect isNaN(0/0) = 1;",
            "name": "00143_number_classification_functions.sql"
        },
        {
            "query": "\nselect isNaN(inf) = 0;",
            "name": "00143_number_classification_functions.sql"
        },
        {
            "query": "\nselect isNaN(-inf) = 0;",
            "name": "00143_number_classification_functions.sql"
        },
        {
            "query": "\nselect isNaN(nan) = 1;",
            "name": "00143_number_classification_functions.sql"
        }
    ]
}