{
    "name": "02734_optimize_group_by.sql",
    "tests": [
        {
            "query": "SELECT 'a' AS key, 'b' as value GROUP BY key WITH CUBE SETTINGS allow_experimental_analyzer = 0;",
            "name": "02734_optimize_group_by.sql"
        },
        {
            "query": "\nSELECT 'a' AS key, 'b' as value GROUP BY key WITH CUBE SETTINGS allow_experimental_analyzer = 1;",
            "name": "02734_optimize_group_by.sql"
        },
        {
            "query": "\n\nSELECT 'a' AS key, 'b' as value GROUP BY ignore(1) WITH CUBE;",
            "name": "02734_optimize_group_by.sql"
        },
        {
            "query": "\n\nSELECT 'a' AS key, 'b' as value GROUP BY ignore(1);",
            "name": "02734_optimize_group_by.sql"
        },
        {
            "query": "\nSELECT 'a' AS key, 'b' as value GROUP BY key;",
            "name": "02734_optimize_group_by.sql"
        }
    ]
}