{
    "name": "00725_ipv4_ipv6_domains.sql",
    "tests": [
        {
            "query": "DROP TABLE IF EXISTS ipv4_test;",
            "name": "00725_ipv4_ipv6_domains.sql"
        },
        {
            "query": "\n\n-- Only valid values for IPv4\nCREATE TABLE ipv4_test (ipv4_ IPv4) ENGINE = Memory;",
            "name": "00725_ipv4_ipv6_domains.sql"
        },
        {
            "query": "\n\n-- ipv4_ column shoud have type 'IPv4'\nSHOW CREATE TABLE ipv4_test;",
            "name": "00725_ipv4_ipv6_domains.sql"
        },
        {
            "query": "\n\nINSERT INTO ipv4_test (ipv4_) VALUES ('0.0.0.0'), ('255.255.255.255'), ('192.168.0.91'), ('127.0.0.1'), ('8.8.8.8');",
            "name": "00725_ipv4_ipv6_domains.sql"
        },
        {
            "query": "\n\nSELECT ipv4_, hex(ipv4_) FROM ipv4_test ORDER BY ipv4_;",
            "name": "00725_ipv4_ipv6_domains.sql"
        },
        {
            "query": "\n\nSELECT '< 127.0.0.1', ipv4_ FROM ipv4_test\n    WHERE ipv4_ < toIPv4('127.0.0.1')\n    ORDER BY ipv4_;",
            "name": "00725_ipv4_ipv6_domains.sql"
        },
        {
            "query": "\n\nSELECT '> 127.0.0.1', ipv4_ FROM ipv4_test\n    WHERE ipv4_ > toIPv4('127.0.0.1')\n    ORDER BY ipv4_;",
            "name": "00725_ipv4_ipv6_domains.sql"
        },
        {
            "query": "\n\nSELECT '= 127.0.0.1', ipv4_ FROM ipv4_test\n    WHERE ipv4_ = toIPv4('127.0.0.1')\n    ORDER BY ipv4_;",
            "name": "00725_ipv4_ipv6_domains.sql"
        },
        {
            "query": "\n\n-- TODO: Assert that invalid values can't be inserted into IPv4 column.\n\nDROP TABLE IF EXISTS ipv4_test;",
            "name": "00725_ipv4_ipv6_domains.sql"
        },
        {
            "query": "\n\n\nselect 'euqality of IPv4-mapped IPv6 value and IPv4 promoted to IPv6 with function:', toIPv6('::ffff:127.0.0.1') = IPv4ToIPv6(toIPv4('127.0.0.1'));",
            "name": "00725_ipv4_ipv6_domains.sql"
        },
        {
            "query": "\n\n\nDROP TABLE IF EXISTS ipv6_test;",
            "name": "00725_ipv4_ipv6_domains.sql"
        },
        {
            "query": "\n\n-- Only valid values for IPv6\nCREATE TABLE ipv6_test (ipv6_ IPv6) ENGINE = Memory;",
            "name": "00725_ipv4_ipv6_domains.sql"
        },
        {
            "query": "\n\n-- ipv6_ column shoud have type 'IPv6'\nSHOW CREATE TABLE ipv6_test;",
            "name": "00725_ipv4_ipv6_domains.sql"
        },
        {
            "query": "\n\nINSERT INTO ipv6_test VALUES ('::'), ('0:0:0:0:0:0:0:0'), ('FFFF:FFFF:FFFF:FFFF:FFFF:FFFF:FFFF:FFFF'), ('2001:0DB8:AC10:FE01:FEED:BABE:CAFE:F00D'), ('0000:0000:0000:0000:0000:FFFF:C1FC:110A'), ('::ffff:127.0.0.1'), ('::ffff:8.8.8.8');",
            "name": "00725_ipv4_ipv6_domains.sql"
        },
        {
            "query": "\n\nSELECT ipv6_, hex(ipv6_) FROM ipv6_test ORDER BY ipv6_;",
            "name": "00725_ipv4_ipv6_domains.sql"
        },
        {
            "query": "\n\nSELECT '< 127.0.0.1', ipv6_ FROM ipv6_test\n    WHERE ipv6_ < IPv4ToIPv6(toIPv4('127.0.0.1'))\n    ORDER BY ipv6_;",
            "name": "00725_ipv4_ipv6_domains.sql"
        },
        {
            "query": "\n\nSELECT '> 127.0.0.1', ipv6_ FROM ipv6_test\n    WHERE ipv6_ > IPv4ToIPv6(toIPv4('127.0.0.1'))\n    ORDER BY ipv6_;",
            "name": "00725_ipv4_ipv6_domains.sql"
        },
        {
            "query": "\n\nSELECT '= 127.0.0.1', ipv6_ FROM ipv6_test\n    WHERE ipv6_ = IPv4ToIPv6(toIPv4('127.0.0.1'))\n    ORDER BY ipv6_;",
            "name": "00725_ipv4_ipv6_domains.sql"
        },
        {
            "query": "\n\n-- TODO: Assert that invalid values can't be inserted into IPv6 column.\n\nDROP TABLE IF EXISTS ipv6_test;",
            "name": "00725_ipv4_ipv6_domains.sql"
        },
        {
            "query": "\n\nSELECT '0.0.0.0 is ipv4 string:                                 ', isIPv4String('0.0.0.0');",
            "name": "00725_ipv4_ipv6_domains.sql"
        },
        {
            "query": "\nSELECT '255.255.255.255 is ipv4 string:                         ', isIPv4String('255.255.255.255');",
            "name": "00725_ipv4_ipv6_domains.sql"
        },
        {
            "query": "\nSELECT '192.168.0.91 is ipv4 string:                            ', isIPv4String('192.168.0.91');",
            "name": "00725_ipv4_ipv6_domains.sql"
        },
        {
            "query": "\nSELECT '127.0.0.1 is ipv4 string:                               ', isIPv4String('127.0.0.1');",
            "name": "00725_ipv4_ipv6_domains.sql"
        },
        {
            "query": "\nSELECT '8.8.8.8 is ipv4 string:                                 ', isIPv4String('8.8.8.8');",
            "name": "00725_ipv4_ipv6_domains.sql"
        },
        {
            "query": "\nSELECT 'hello is ipv4 string:                                   ', isIPv4String('hello');",
            "name": "00725_ipv4_ipv6_domains.sql"
        },
        {
            "query": "\nSELECT '0:0:0:0:0:0:0:0 is ipv4 string:                         ', isIPv4String('0:0:0:0:0:0:0:0');",
            "name": "00725_ipv4_ipv6_domains.sql"
        },
        {
            "query": "\nSELECT '0000:0000:0000:0000:0000:FFFF:C1FC:110A is ipv4 string: ', isIPv4String('0000:0000:0000:0000:0000:FFFF:C1FC:110A');",
            "name": "00725_ipv4_ipv6_domains.sql"
        },
        {
            "query": "\nSELECT 'FFFF:FFFF:FFFF:FFFF:FFFF:FFFF:FFFF:FFFF is ipv4 string: ', isIPv4String('FFFF:FFFF:FFFF:FFFF:FFFF:FFFF:FFFF:FFFF');",
            "name": "00725_ipv4_ipv6_domains.sql"
        },
        {
            "query": "\nSELECT '::ffff:127.0.0.1 is ipv4 string:                        ', isIPv4String('::ffff:127.0.0.1');",
            "name": "00725_ipv4_ipv6_domains.sql"
        },
        {
            "query": "\nSELECT '::ffff:8.8.8.8 is ipv4 string:                          ', isIPv4String('::ffff:8.8.8.8');",
            "name": "00725_ipv4_ipv6_domains.sql"
        },
        {
            "query": "\nSELECT '2001:0DB8:AC10:FE01:FEED:BABE:CAFE:F00D is ipv4 string: ', isIPv4String('2001:0DB8:AC10:FE01:FEED:BABE:CAFE:F00D');",
            "name": "00725_ipv4_ipv6_domains.sql"
        },
        {
            "query": "\n\nSELECT '0.0.0.0 is ipv6 string:                                 ', isIPv6String('0.0.0.0');",
            "name": "00725_ipv4_ipv6_domains.sql"
        },
        {
            "query": "\nSELECT '255.255.255.255 is ipv6 string:                         ', isIPv6String('255.255.255.255');",
            "name": "00725_ipv4_ipv6_domains.sql"
        },
        {
            "query": "\nSELECT '192.168.0.91 is ipv6 string:                            ', isIPv6String('192.168.0.91');",
            "name": "00725_ipv4_ipv6_domains.sql"
        },
        {
            "query": "\nSELECT '127.0.0.1 is ipv6 string:                               ', isIPv6String('127.0.0.1');",
            "name": "00725_ipv4_ipv6_domains.sql"
        },
        {
            "query": "\nSELECT '8.8.8.8 is ipv6 string:                                 ', isIPv6String('8.8.8.8');",
            "name": "00725_ipv4_ipv6_domains.sql"
        },
        {
            "query": "\nSELECT 'hello is ipv6 string:                                   ', isIPv6String('hello');",
            "name": "00725_ipv4_ipv6_domains.sql"
        },
        {
            "query": "\nSELECT '0:0:0:0:0:0:0:0 is ipv6 string:                         ', isIPv6String('0:0:0:0:0:0:0:0');",
            "name": "00725_ipv4_ipv6_domains.sql"
        },
        {
            "query": "\nSELECT '0000:0000:0000:0000:0000:FFFF:C1FC:110A is ipv6 string: ', isIPv6String('0000:0000:0000:0000:0000:FFFF:C1FC:110A');",
            "name": "00725_ipv4_ipv6_domains.sql"
        },
        {
            "query": "\nSELECT 'FFFF:FFFF:FFFF:FFFF:FFFF:FFFF:FFFF:FFFF is ipv6 string: ', isIPv6String('FFFF:FFFF:FFFF:FFFF:FFFF:FFFF:FFFF:FFFF');",
            "name": "00725_ipv4_ipv6_domains.sql"
        },
        {
            "query": "\nSELECT '::ffff:127.0.0.1 is ipv6 string:                        ', isIPv6String('::ffff:127.0.0.1');",
            "name": "00725_ipv4_ipv6_domains.sql"
        },
        {
            "query": "\nSELECT '::ffff:8.8.8.8 is ipv6 string:                          ', isIPv6String('::ffff:8.8.8.8');",
            "name": "00725_ipv4_ipv6_domains.sql"
        },
        {
            "query": "\nSELECT '2001:0DB8:AC10:FE01:FEED:BABE:CAFE:F00D is ipv6 string: ', isIPv6String('2001:0DB8:AC10:FE01:FEED:BABE:CAFE:F00D');",
            "name": "00725_ipv4_ipv6_domains.sql"
        },
        {
            "query": "\n\n-- IPV6 functions parse IPv4 addresses.\n\nSELECT toIPv6('0.0.0.0');",
            "name": "00725_ipv4_ipv6_domains.sql"
        },
        {
            "query": "\nSELECT toIPv6('127.0.0.1');",
            "name": "00725_ipv4_ipv6_domains.sql"
        },
        {
            "query": "\nSELECT cutIPv6(IPv6StringToNum('127.0.0.1'), 0, 0);",
            "name": "00725_ipv4_ipv6_domains.sql"
        },
        {
            "query": "\nSELECT toIPv6('127.0.0.' || toString(number)) FROM numbers(13);",
            "name": "00725_ipv4_ipv6_domains.sql"
        }
    ]
}