{
    "name": "00397_tsv_format_synonym.sql",
    "tests": [
        {
            "query": "SELECT arrayJoin([1, 2, 3]) AS arr, 'hello' AS s1, 'world' AS s2 FORMAT TabSeparated;",
            "name": "00397_tsv_format_synonym.sql"
        },
        {
            "query": "\nSELECT arrayJoin([1, 2, 3]) AS arr, 'hello' AS s1, 'world' AS s2 FORMAT TSV;",
            "name": "00397_tsv_format_synonym.sql"
        },
        {
            "query": "\n\nSELECT arrayJoin([1, 2, 3]) AS arr, 'hello' AS s1, 'world' AS s2 FORMAT TabSeparatedWithNames;",
            "name": "00397_tsv_format_synonym.sql"
        },
        {
            "query": "\nSELECT arrayJoin([1, 2, 3]) AS arr, 'hello' AS s1, 'world' AS s2 FORMAT TSVWithNames;",
            "name": "00397_tsv_format_synonym.sql"
        },
        {
            "query": "\n\nSELECT arrayJoin([1, 2, 3]) AS arr, 'hello' AS s1, 'world' AS s2 FORMAT TabSeparatedWithNamesAndTypes;",
            "name": "00397_tsv_format_synonym.sql"
        },
        {
            "query": "\nSELECT arrayJoin([1, 2, 3]) AS arr, 'hello' AS s1, 'world' AS s2 FORMAT TSVWithNamesAndTypes;",
            "name": "00397_tsv_format_synonym.sql"
        },
        {
            "query": "\n\nSELECT arrayJoin([1, 2, 3]) AS arr, 'hello' AS s1, 'world' AS s2 FORMAT TabSeparatedRaw;",
            "name": "00397_tsv_format_synonym.sql"
        },
        {
            "query": "\nSELECT arrayJoin([1, 2, 3]) AS arr, 'hello' AS s1, 'world' AS s2 FORMAT TSVRaw;",
            "name": "00397_tsv_format_synonym.sql"
        },
        {
            "query": "\nSELECT arrayJoin([1, 2, 3]) AS arr, 'hello' AS s1, 'world' AS s2 FORMAT Raw;",
            "name": "00397_tsv_format_synonym.sql"
        },
        {
            "query": "\n\nSELECT arrayJoin([1, 2, 3]) AS arr, 'hello' AS s1, 'world' AS s2 FORMAT TabSeparatedRawWithNames;",
            "name": "00397_tsv_format_synonym.sql"
        },
        {
            "query": "\nSELECT arrayJoin([1, 2, 3]) AS arr, 'hello' AS s1, 'world' AS s2 FORMAT TSVRawWithNames;",
            "name": "00397_tsv_format_synonym.sql"
        },
        {
            "query": "\nSELECT arrayJoin([1, 2, 3]) AS arr, 'hello' AS s1, 'world' AS s2 FORMAT RawWithNames;",
            "name": "00397_tsv_format_synonym.sql"
        },
        {
            "query": "\n\nSELECT arrayJoin([1, 2, 3]) AS arr, 'hello' AS s1, 'world' AS s2 FORMAT TabSeparatedRawWithNamesAndTypes;",
            "name": "00397_tsv_format_synonym.sql"
        },
        {
            "query": "\nSELECT arrayJoin([1, 2, 3]) AS arr, 'hello' AS s1, 'world' AS s2 FORMAT TSVRawWithNamesAndTypes;",
            "name": "00397_tsv_format_synonym.sql"
        },
        {
            "query": "\nSELECT arrayJoin([1, 2, 3]) AS arr, 'hello' AS s1, 'world' AS s2 FORMAT RawWithNamesAndTypes;",
            "name": "00397_tsv_format_synonym.sql"
        }
    ]
}