{
    "name": "02338_analyzer_constants_basic.sql",
    "tests": [
        {
            "query": "SET allow_experimental_analyzer = 1;",
            "name": "02338_analyzer_constants_basic.sql"
        },
        {
            "query": "\n\nDESCRIBE (SELECT 1);",
            "name": "02338_analyzer_constants_basic.sql"
        },
        {
            "query": "\nSELECT 1;",
            "name": "02338_analyzer_constants_basic.sql"
        },
        {
            "query": "\n\nSELECT '--';",
            "name": "02338_analyzer_constants_basic.sql"
        },
        {
            "query": "\n\nDESCRIBE (SELECT 'test');",
            "name": "02338_analyzer_constants_basic.sql"
        },
        {
            "query": "\nSELECT 'test';",
            "name": "02338_analyzer_constants_basic.sql"
        },
        {
            "query": "\n\nSELECT '--';",
            "name": "02338_analyzer_constants_basic.sql"
        },
        {
            "query": "\n\nDESCRIBE (SELECT 1, 'test');",
            "name": "02338_analyzer_constants_basic.sql"
        },
        {
            "query": "\nSELECT 1, 'test';",
            "name": "02338_analyzer_constants_basic.sql"
        },
        {
            "query": "\n\nSELECT '--';",
            "name": "02338_analyzer_constants_basic.sql"
        },
        {
            "query": "\n\nDESCRIBE (SELECT 1, 'test', [1, 2, 3]);",
            "name": "02338_analyzer_constants_basic.sql"
        },
        {
            "query": "\nSELECT 1, 'test', [1, 2, 3];",
            "name": "02338_analyzer_constants_basic.sql"
        },
        {
            "query": "\n\nSELECT '--';",
            "name": "02338_analyzer_constants_basic.sql"
        },
        {
            "query": "\n\nDESCRIBE (SELECT 1, 'test', [1, 2, 3], ['1', '2', '3']);",
            "name": "02338_analyzer_constants_basic.sql"
        },
        {
            "query": "\nSELECT 1, 'test', [1, 2, 3], ['1', '2', '3'];",
            "name": "02338_analyzer_constants_basic.sql"
        },
        {
            "query": "\n\nSELECT '--';",
            "name": "02338_analyzer_constants_basic.sql"
        },
        {
            "query": "\n\nDESCRIBE (SELECT NULL);",
            "name": "02338_analyzer_constants_basic.sql"
        },
        {
            "query": "\nSELECT NULL;",
            "name": "02338_analyzer_constants_basic.sql"
        },
        {
            "query": "\n\nSELECT '--';",
            "name": "02338_analyzer_constants_basic.sql"
        },
        {
            "query": "\n\nDESCRIBE (SELECT (1, 1));",
            "name": "02338_analyzer_constants_basic.sql"
        },
        {
            "query": "\nSELECT (1, 1);",
            "name": "02338_analyzer_constants_basic.sql"
        },
        {
            "query": "\n\nSELECT '--';",
            "name": "02338_analyzer_constants_basic.sql"
        },
        {
            "query": "\n\nDESCRIBE (SELECT [(1, 1)]);",
            "name": "02338_analyzer_constants_basic.sql"
        },
        {
            "query": "\nSELECT [(1, 1)];",
            "name": "02338_analyzer_constants_basic.sql"
        },
        {
            "query": "\n\nDESCRIBE (SELECT NULL, 1, 'test', [1, 2, 3], [(1, 1), (1, 1)]);",
            "name": "02338_analyzer_constants_basic.sql"
        },
        {
            "query": "\nSELECT NULL, 1, 'test', [1, 2, 3], [(1, 1), (1, 1)];",
            "name": "02338_analyzer_constants_basic.sql"
        }
    ]
}