{
    "name": "00277_array_filter.sql",
    "tests": [
        {
            "query": "SELECT sum(length(arr)) FROM (SELECT arrayMap(x -> toString(x), range(number % 10)) AS arr FROM (SELECT * FROM system.numbers LIMIT 1000) WHERE length(arr) % 2 = 0);",
            "name": "00277_array_filter.sql"
        },
        {
            "query": "\nSELECT sum(length(arr)) FROM (SELECT range(number % 10) AS arr FROM (SELECT * FROM system.numbers LIMIT 1000) WHERE length(arr) % 2 = 0);",
            "name": "00277_array_filter.sql"
        }
    ]
}