{
    "name": "01107_join_right_table_totals.sql",
    "tests": [
        {
            "query": "DROP TABLE IF EXISTS t;",
            "name": "01107_join_right_table_totals.sql"
        },
        {
            "query": "\nCREATE TABLE t (item_id UInt64, price_sold Float32, date Date) ENGINE MergeTree ORDER BY item_id;",
            "name": "01107_join_right_table_totals.sql"
        },
        {
            "query": "\n\nSELECT item_id\nFROM (SELECT item_id FROM t GROUP BY item_id WITH TOTALS) l\nFULL JOIN (SELECT item_id FROM t GROUP BY item_id WITH TOTALS ORDER BY item_id) r\nUSING (item_id);",
            "name": "01107_join_right_table_totals.sql"
        },
        {
            "query": "\n\nSELECT id\nFROM (SELECT item_id AS id FROM t GROUP BY id WITH TOTALS) l\nFULL JOIN (SELECT item_id AS id FROM t GROUP BY id WITH TOTALS ORDER BY item_id) r\nUSING (id);",
            "name": "01107_join_right_table_totals.sql"
        },
        {
            "query": "\n\nSELECT item_id\nFROM (SELECT item_id FROM t GROUP BY item_id WITH TOTALS) l\nINNER JOIN (SELECT item_id FROM t GROUP BY item_id WITH TOTALS ORDER BY item_id) r\nUSING (item_id);",
            "name": "01107_join_right_table_totals.sql"
        },
        {
            "query": "\n\nSELECT id\nFROM (SELECT item_id AS id FROM t GROUP BY id WITH TOTALS) l\nINNER JOIN (SELECT item_id AS id FROM t GROUP BY id WITH TOTALS) r\nUSING (id);",
            "name": "01107_join_right_table_totals.sql"
        },
        {
            "query": "\n\nSELECT id, yago, recent\nFROM (\n    SELECT item_id AS id, SUM(price_sold) AS recent\n    FROM t WHERE (date BETWEEN '2019-12-16' AND '2020-03-08')\n    GROUP BY id WITH TOTALS\n    ORDER BY id\n) ll\nFULL JOIN\n(\n    SELECT item_id AS id, SUM(price_sold) AS yago\n    FROM t WHERE (date BETWEEN '2018-12-17' AND '2019-03-10')\n    GROUP BY id WITH TOTALS\n    ORDER BY id\n) rr\nUSING (id);",
            "name": "01107_join_right_table_totals.sql"
        },
        {
            "query": "\n\nSELECT id, yago\nFROM ( SELECT item_id AS id FROM t GROUP BY id ) AS ll\nFULL OUTER JOIN ( SELECT item_id AS id, arrayJoin([111, 222, 333, 444]), SUM(price_sold) AS yago FROM t GROUP BY id WITH TOTALS ORDER BY id ) AS rr\nUSING (id);",
            "name": "01107_join_right_table_totals.sql"
        },
        {
            "query": "\n\nSELECT id, yago\nFROM ( SELECT item_id AS id, arrayJoin([111, 222, 333]) FROM t GROUP BY id WITH TOTALS ORDER BY id ) AS ll\nFULL OUTER JOIN ( SELECT item_id AS id, SUM(price_sold) AS yago FROM t GROUP BY id ) AS rr\nUSING (id);",
            "name": "01107_join_right_table_totals.sql"
        },
        {
            "query": "\n\nSELECT id, yago\nFROM ( SELECT item_id AS id, arrayJoin(emptyArrayInt32()) FROM t GROUP BY id WITH TOTALS ORDER BY id ) AS ll\nFULL OUTER JOIN ( SELECT item_id AS id, SUM(price_sold) AS yago FROM t GROUP BY id ) AS rr\nUSING (id);",
            "name": "01107_join_right_table_totals.sql"
        },
        {
            "query": "\n\nSELECT id, yago\nFROM ( SELECT item_id AS id FROM t GROUP BY id ) AS ll\nFULL OUTER JOIN ( SELECT item_id AS id, arrayJoin(emptyArrayInt32()), SUM(price_sold) AS yago FROM t GROUP BY id WITH TOTALS ORDER BY id ) AS rr\nUSING (id);",
            "name": "01107_join_right_table_totals.sql"
        },
        {
            "query": "\n\nSELECT id, yago\nFROM ( SELECT item_id AS id, arrayJoin([111, 222, 333]) FROM t GROUP BY id WITH TOTALS ORDER BY id ) AS ll\nFULL OUTER JOIN ( SELECT item_id AS id, arrayJoin([111, 222, 333, 444]), SUM(price_sold) AS yago FROM t GROUP BY id WITH TOTALS ORDER BY id ) AS rr\nUSING (id);",
            "name": "01107_join_right_table_totals.sql"
        },
        {
            "query": "\n\nINSERT INTO t VALUES (1, 100, '1970-01-01'), (1, 200, '1970-01-02');",
            "name": "01107_join_right_table_totals.sql"
        },
        {
            "query": "\n\nSELECT *\nFROM (SELECT item_id FROM t GROUP BY item_id WITH TOTALS ORDER BY item_id) l\nLEFT JOIN (SELECT item_id FROM t ) r\nON l.item_id = r.item_id;",
            "name": "01107_join_right_table_totals.sql"
        },
        {
            "query": "\n\nSELECT *\nFROM (SELECT item_id FROM t GROUP BY item_id WITH TOTALS ORDER BY item_id) l\nRIGHT JOIN (SELECT item_id FROM t ) r\nON l.item_id = r.item_id;",
            "name": "01107_join_right_table_totals.sql"
        },
        {
            "query": "\n\nSELECT *\nFROM (SELECT item_id FROM t) l\nLEFT JOIN (SELECT item_id FROM t GROUP BY item_id WITH TOTALS ORDER BY item_id ) r\nON l.item_id = r.item_id;",
            "name": "01107_join_right_table_totals.sql"
        },
        {
            "query": "\n\nSELECT *\nFROM (SELECT item_id FROM t) l\nRIGHT JOIN (SELECT item_id FROM t GROUP BY item_id WITH TOTALS ORDER BY item_id ) r\nON l.item_id = r.item_id;",
            "name": "01107_join_right_table_totals.sql"
        },
        {
            "query": "\n\nSELECT *\nFROM (SELECT item_id FROM t GROUP BY item_id WITH TOTALS ORDER BY item_id) l\nLEFT JOIN (SELECT item_id FROM t GROUP BY item_id WITH TOTALS ORDER BY item_id ) r\nON l.item_id = r.item_id;",
            "name": "01107_join_right_table_totals.sql"
        },
        {
            "query": "\n\nSELECT *\nFROM (SELECT item_id, 'foo' AS key, 1 AS val FROM t GROUP BY item_id WITH TOTALS ORDER BY item_id) l\nLEFT JOIN (SELECT item_id, sum(price_sold) AS val FROM t GROUP BY item_id WITH TOTALS ORDER BY item_id ) r\nON l.item_id = r.item_id;",
            "name": "01107_join_right_table_totals.sql"
        },
        {
            "query": "\n\nSELECT *\nFROM (SELECT * FROM t GROUP BY item_id, price_sold, date WITH TOTALS ORDER BY item_id, price_sold, date) l\nLEFT JOIN (SELECT * FROM t GROUP BY item_id, price_sold, date WITH TOTALS ORDER BY item_id, price_sold, date ) r\nON l.item_id = r.item_id;",
            "name": "01107_join_right_table_totals.sql"
        },
        {
            "query": "\n\nDROP TABLE t;",
            "name": "01107_join_right_table_totals.sql"
        }
    ]
}