{
    "name": "01356_initialize_aggregation.sql",
    "tests": [
        {
            "query": "SELECT uniqMerge(state) FROM (SELECT initializeAggregation('uniqState', number % 3) AS state FROM system.numbers LIMIT 10000);",
            "name": "01356_initialize_aggregation.sql"
        },
        {
            "query": "\nSELECT topKWeightedMerge(10)(state) FROM (SELECT initializeAggregation('topKWeightedState(10)', number, number) AS state FROM system.numbers LIMIT 1000);",
            "name": "01356_initialize_aggregation.sql"
        },
        {
            "query": "\nSELECT topKWeightedMerge(10)(state) FROM (SELECT initializeAggregation('topKWeightedState(10)', 1, number) AS state FROM system.numbers LIMIT 1000);",
            "name": "01356_initialize_aggregation.sql"
        },
        {
            "query": "\n-- order in libstdc++ and libc++ may be a little different, that's why we need arraySort()\nSELECT arraySort(topKWeightedMerge(10)(state)) FROM (SELECT initializeAggregation('topKWeightedState(10)', number, 1) AS state FROM system.numbers LIMIT 1000);",
            "name": "01356_initialize_aggregation.sql"
        }
    ]
}