{
    "name": "02884_string_distance_function.sql",
    "tests": [
        {
            "query": "SELECT '-- const arguments';",
            "name": "02884_string_distance_function.sql"
        },
        {
            "query": "\n-- just to see it works\nSELECT 'clickhouse' AS s1, 'mouse' AS s2, byteHammingDistance(s1, s2);",
            "name": "02884_string_distance_function.sql"
        },
        {
            "query": "\nSELECT 'clickhouse' AS s1, 'mouse' AS s2, editDistance(s1, s2);",
            "name": "02884_string_distance_function.sql"
        },
        {
            "query": "\nSELECT 'clickhouse' AS s1, 'mouse' AS s2, damerauLevenshteinDistance(s1, s2);",
            "name": "02884_string_distance_function.sql"
        },
        {
            "query": "\nSELECT 'clickhouse' AS s1, 'mouse' AS s2, stringJaccardIndex(s1, s2);",
            "name": "02884_string_distance_function.sql"
        },
        {
            "query": "\nSELECT 'clickhouse' AS s1, 'mouse' AS s2, stringJaccardIndexUTF8(s1, s2);",
            "name": "02884_string_distance_function.sql"
        },
        {
            "query": "\nSELECT 'clickhouse' AS s1, 'mouse' AS s2, jaroSimilarity(s1, s2);",
            "name": "02884_string_distance_function.sql"
        },
        {
            "query": "\nSELECT 'clickhouse' AS s1, 'mouse' AS s2, jaroWinklerSimilarity(s1, s2);",
            "name": "02884_string_distance_function.sql"
        },
        {
            "query": "\n\nSELECT '-- test aliases';",
            "name": "02884_string_distance_function.sql"
        },
        {
            "query": "\nSELECT 'clickhouse' AS s1, 'mouse' AS s2, mismatches(s1, s2);",
            "name": "02884_string_distance_function.sql"
        },
        {
            "query": "\nSELECT 'clickhouse' AS s1, 'mouse' AS s2, levenshteinDistance(s1, s2);",
            "name": "02884_string_distance_function.sql"
        },
        {
            "query": "\n\nSELECT '-- Deny DoS using too large inputs';",
            "name": "02884_string_distance_function.sql"
        },
        {
            "query": "\nSELECT editDistance(randomString(power(2, 17)), 'abc');",
            "name": "02884_string_distance_function.sql"
        },
        {
            "query": " -- { serverError TOO_LARGE_STRING_SIZE}\nSELECT damerauLevenshteinDistance(randomString(power(2, 17)), 'abc');",
            "name": "02884_string_distance_function.sql"
        },
        {
            "query": " -- { serverError TOO_LARGE_STRING_SIZE}\nSELECT jaroSimilarity(randomString(power(2, 17)), 'abc');",
            "name": "02884_string_distance_function.sql"
        },
        {
            "query": " -- { serverError TOO_LARGE_STRING_SIZE}\nSELECT jaroWinklerSimilarity(randomString(power(2, 17)), 'abc');",
            "name": "02884_string_distance_function.sql"
        },
        {
            "query": " -- { serverError TOO_LARGE_STRING_SIZE}\n\nDROP TABLE IF EXISTS t;",
            "name": "02884_string_distance_function.sql"
        },
        {
            "query": "\nCREATE TABLE t\n(\n    s1 String,\n    s2 String\n) ENGINE = MergeTree ORDER BY s1;",
            "name": "02884_string_distance_function.sql"
        },
        {
            "query": "\n\n-- actual test cases\nINSERT INTO t VALUES ('', '') ('abc', '') ('', 'abc') ('abc', 'abc') ('abc', 'ab') ('abc', 'bc') ('clickhouse', 'mouse');",
            "name": "02884_string_distance_function.sql"
        },
        {
            "query": "\n\nSELECT '-- non-const arguments';",
            "name": "02884_string_distance_function.sql"
        },
        {
            "query": "\nSELECT 'byteHammingDistance', s1, s2, byteHammingDistance(s1, s2) FROM t ORDER BY ALL;",
            "name": "02884_string_distance_function.sql"
        },
        {
            "query": "\nSELECT 'editDistance', s1, s2, editDistance(s1, s2) FROM t ORDER BY ALL;",
            "name": "02884_string_distance_function.sql"
        },
        {
            "query": "\nSELECT 'damerauLevenshteinDistance', s1, s2, damerauLevenshteinDistance(s1, s2) FROM t ORDER BY ALL;",
            "name": "02884_string_distance_function.sql"
        },
        {
            "query": "\nSELECT 'stringJaccardIndex', s1, s2, stringJaccardIndex(s1, s2) FROM t ORDER BY ALL;",
            "name": "02884_string_distance_function.sql"
        },
        {
            "query": "\nSELECT 'stringJaccardIndexUTF8', s1, s2, stringJaccardIndexUTF8(s1, s2) FROM t ORDER BY ALL;",
            "name": "02884_string_distance_function.sql"
        },
        {
            "query": "\nSELECT 'jaroSimilarity', s1, s2, jaroSimilarity(s1, s2) FROM t ORDER BY ALL;",
            "name": "02884_string_distance_function.sql"
        },
        {
            "query": "\nSELECT 'jaroWinklerSimilarity', s1, s2, jaroWinklerSimilarity(s1, s2) FROM t ORDER BY ALL;",
            "name": "02884_string_distance_function.sql"
        },
        {
            "query": "\n\nSELECT '-- Special UTF-8 tests';",
            "name": "02884_string_distance_function.sql"
        },
        {
            "query": "\n-- We do not perform full UTF8 validation, so sometimes it just returns some result\nSELECT stringJaccardIndexUTF8(materialize('hello'), materialize('\\x48\\x65\\x6C'));",
            "name": "02884_string_distance_function.sql"
        },
        {
            "query": "\nSELECT stringJaccardIndexUTF8(materialize('hello'), materialize('\\xFF\\xFF\\xFF\\xFF'));",
            "name": "02884_string_distance_function.sql"
        },
        {
            "query": "\nSELECT stringJaccardIndexUTF8(materialize('hello'), materialize('\\x41\\xE2\\x82\\xAC'));",
            "name": "02884_string_distance_function.sql"
        },
        {
            "query": "\nSELECT stringJaccardIndexUTF8(materialize('hello'), materialize('\\xF0\\x9F\\x99\\x82'));",
            "name": "02884_string_distance_function.sql"
        },
        {
            "query": "\nSELECT stringJaccardIndexUTF8(materialize('hello'), materialize('\\xFF'));",
            "name": "02884_string_distance_function.sql"
        },
        {
            "query": "\nSELECT stringJaccardIndexUTF8(materialize('hello'), materialize('\\xC2\\x01'));",
            "name": "02884_string_distance_function.sql"
        },
        {
            "query": " -- { serverError BAD_ARGUMENTS }\nSELECT stringJaccardIndexUTF8(materialize('hello'), materialize('\\xC1\\x81'));",
            "name": "02884_string_distance_function.sql"
        },
        {
            "query": " -- { serverError BAD_ARGUMENTS }\nSELECT stringJaccardIndexUTF8(materialize('hello'), materialize('\\xF0\\x80\\x80\\x41'));",
            "name": "02884_string_distance_function.sql"
        },
        {
            "query": " -- { serverError BAD_ARGUMENTS }\nSELECT stringJaccardIndexUTF8(materialize('hello'), materialize('\\xC0\\x80'));",
            "name": "02884_string_distance_function.sql"
        },
        {
            "query": " -- { serverError BAD_ARGUMENTS }\nSELECT stringJaccardIndexUTF8(materialize('hello'), materialize('\\xD8\\x00 '));",
            "name": "02884_string_distance_function.sql"
        },
        {
            "query": " -- { serverError BAD_ARGUMENTS }\nSELECT stringJaccardIndexUTF8(materialize('hello'), materialize('\\xDC\\x00'));",
            "name": "02884_string_distance_function.sql"
        },
        {
            "query": " -- { serverError BAD_ARGUMENTS }\nSELECT stringJaccardIndexUTF8('\ud83d\ude03\ud83c\udf0d', '\ud83d\ude43\ud83d\ude03\ud83c\udf11'), stringJaccardIndex('\ud83d\ude03\ud83c\udf0d', '\ud83d\ude43\ud83d\ude03\ud83c\udf11');",
            "name": "02884_string_distance_function.sql"
        },
        {
            "query": "\n\nDROP TABLE t;",
            "name": "02884_string_distance_function.sql"
        }
    ]
}