{
    "name": "03117_analyzer_same_column_name_as_func.sql",
    "tests": [
        {
            "query": "-- https://github.com/ClickHouse/ClickHouse/issues/39855\nSET allow_experimental_analyzer=1;",
            "name": "03117_analyzer_same_column_name_as_func.sql"
        },
        {
            "query": "\n\ncreate table x(\n    a UInt64,\n    `sipHash64(a)` UInt64\n) engine = MergeTree order by a;",
            "name": "03117_analyzer_same_column_name_as_func.sql"
        },
        {
            "query": "\ninsert into x select number, number from VALUES('number UInt64', 1000, 10000, 100000);",
            "name": "03117_analyzer_same_column_name_as_func.sql"
        },
        {
            "query": "\n\nselect a, sipHash64(a) from x order by sipHash64(a);",
            "name": "03117_analyzer_same_column_name_as_func.sql"
        },
        {
            "query": "\n\nselect '';",
            "name": "03117_analyzer_same_column_name_as_func.sql"
        },
        {
            "query": "\n\nselect a, sipHash64(a) from x order by `sipHash64(a)`;",
            "name": "03117_analyzer_same_column_name_as_func.sql"
        }
    ]
}