{
    "name": "01759_dictionary_unique_attribute_names.sql",
    "tests": [
        {
            "query": "-- Tags: no-parallel\n\nDROP DATABASE IF EXISTS 01759_db;",
            "name": "01759_dictionary_unique_attribute_names.sql"
        },
        {
            "query": "\nCREATE DATABASE 01759_db;",
            "name": "01759_dictionary_unique_attribute_names.sql"
        },
        {
            "query": "\n\nCREATE TABLE 01759_db.dictionary_source_table\n(\n   key UInt64,\n   value1 UInt64,\n   value2 UInt64\n)\nENGINE = TinyLog;",
            "name": "01759_dictionary_unique_attribute_names.sql"
        },
        {
            "query": "\n\nINSERT INTO 01759_db.dictionary_source_table VALUES (0, 2, 3), (1, 5, 6), (2, 8, 9);",
            "name": "01759_dictionary_unique_attribute_names.sql"
        },
        {
            "query": "\n\nCREATE DICTIONARY 01759_db.test_dictionary(key UInt64, value1 UInt64, value1 UInt64)\nPRIMARY KEY key\nSOURCE(CLICKHOUSE(HOST 'localhost' PORT tcpPort() USER 'default' TABLE 'dictionary_source_table' DB '01759_db'))\nLAYOUT(COMPLEX_KEY_DIRECT());",
            "name": "01759_dictionary_unique_attribute_names.sql"
        },
        {
            "query": " -- {serverError 36}\n\nCREATE DICTIONARY 01759_db.test_dictionary(key UInt64, value1 UInt64, value2 UInt64)\nPRIMARY KEY key\nSOURCE(CLICKHOUSE(HOST 'localhost' PORT tcpPort() USER 'default' TABLE 'dictionary_source_table' DB '01759_db'))\nLAYOUT(COMPLEX_KEY_DIRECT());",
            "name": "01759_dictionary_unique_attribute_names.sql"
        },
        {
            "query": "\n\nSELECT number, dictGet('01759_db.test_dictionary', 'value1', tuple(number)) as value1,\n   dictGet('01759_db.test_dictionary', 'value2', tuple(number)) as value2 FROM system.numbers LIMIT 3;",
            "name": "01759_dictionary_unique_attribute_names.sql"
        },
        {
            "query": "\n\nDROP DATABASE 01759_db;",
            "name": "01759_dictionary_unique_attribute_names.sql"
        }
    ]
}