{
    "name": "00262_alter_alias.sql",
    "tests": [
        {
            "query": "drop table if exists aliases_test;",
            "name": "00262_alter_alias.sql"
        },
        {
            "query": "\n\nset allow_deprecated_syntax_for_merge_tree=1;",
            "name": "00262_alter_alias.sql"
        },
        {
            "query": "\ncreate table aliases_test (date default today(), id default rand(), array default [0, 1, 2]) engine=MergeTree(date, id, 1);",
            "name": "00262_alter_alias.sql"
        },
        {
            "query": "\n\ninsert into aliases_test (id) values (0);",
            "name": "00262_alter_alias.sql"
        },
        {
            "query": "\nselect array from aliases_test;",
            "name": "00262_alter_alias.sql"
        },
        {
            "query": "\n\nalter table aliases_test modify column array alias [0, 1, 2];",
            "name": "00262_alter_alias.sql"
        },
        {
            "query": "\nselect array from aliases_test;",
            "name": "00262_alter_alias.sql"
        },
        {
            "query": "\n\nalter table aliases_test modify column array default [0, 1, 2];",
            "name": "00262_alter_alias.sql"
        },
        {
            "query": "\nselect array from aliases_test;",
            "name": "00262_alter_alias.sql"
        },
        {
            "query": "\n\nalter table aliases_test add column struct.key Array(UInt8) default [0, 1, 2], add column struct.value Array(UInt8) default array;",
            "name": "00262_alter_alias.sql"
        },
        {
            "query": "\nselect struct.key, struct.value from aliases_test;",
            "name": "00262_alter_alias.sql"
        },
        {
            "query": "\n\nalter table aliases_test modify column struct.value alias array;",
            "name": "00262_alter_alias.sql"
        },
        {
            "query": "\nselect struct.key, struct.value from aliases_test;",
            "name": "00262_alter_alias.sql"
        },
        {
            "query": "\n\nselect struct.key, struct.value from aliases_test array join struct;",
            "name": "00262_alter_alias.sql"
        },
        {
            "query": "\nselect struct.key, struct.value from aliases_test array join struct as struct;",
            "name": "00262_alter_alias.sql"
        },
        {
            "query": "\nselect class.key, class.value from aliases_test array join struct as class;",
            "name": "00262_alter_alias.sql"
        },
        {
            "query": "\n\ndrop table aliases_test;",
            "name": "00262_alter_alias.sql"
        }
    ]
}