{
    "name": "01465_ttl_recompression.sql",
    "tests": [
        {
            "query": "-- Tags: no-parallel\n\nDROP TABLE IF EXISTS recompression_table;",
            "name": "01465_ttl_recompression.sql"
        },
        {
            "query": "\n\nCREATE TABLE recompression_table\n(\n    dt DateTime,\n    key UInt64,\n    value String\n\n) ENGINE MergeTree()\nORDER BY tuple()\nPARTITION BY key\nTTL dt + INTERVAL 1 MONTH RECOMPRESS CODEC(ZSTD(17)), dt + INTERVAL 1 YEAR RECOMPRESS CODEC(LZ4HC(10))\nSETTINGS min_rows_for_wide_part = 0, min_bytes_for_wide_part = 0;",
            "name": "01465_ttl_recompression.sql"
        },
        {
            "query": "\n\nSHOW CREATE TABLE recompression_table;",
            "name": "01465_ttl_recompression.sql"
        },
        {
            "query": "\n\nSYSTEM STOP TTL MERGES recompression_table;",
            "name": "01465_ttl_recompression.sql"
        },
        {
            "query": "\n\nINSERT INTO recompression_table SELECT now(), 1, toString(number) from numbers(1000);",
            "name": "01465_ttl_recompression.sql"
        },
        {
            "query": "\n\nINSERT INTO recompression_table SELECT now() - INTERVAL 2 MONTH, 2, toString(number) from numbers(1000, 1000);",
            "name": "01465_ttl_recompression.sql"
        },
        {
            "query": "\n\nINSERT INTO recompression_table SELECT now() - INTERVAL 2 YEAR, 3, toString(number) from numbers(2000, 1000);",
            "name": "01465_ttl_recompression.sql"
        },
        {
            "query": "\n\nSELECT COUNT() FROM recompression_table;",
            "name": "01465_ttl_recompression.sql"
        },
        {
            "query": "\n\nSELECT substring(name, 1, length(name) - 2), default_compression_codec FROM system.parts WHERE table = 'recompression_table' and active = 1 and database = currentDatabase() ORDER BY name;",
            "name": "01465_ttl_recompression.sql"
        },
        {
            "query": "\n\nOPTIMIZE TABLE recompression_table FINAL;",
            "name": "01465_ttl_recompression.sql"
        },
        {
            "query": "\n\n-- merge level and mutation in part name is not important\nSELECT substring(name, 1, length(name) - 2), default_compression_codec FROM system.parts WHERE table = 'recompression_table' and active = 1 and database = currentDatabase() ORDER BY name;",
            "name": "01465_ttl_recompression.sql"
        },
        {
            "query": "\n\nALTER TABLE recompression_table MODIFY TTL dt + INTERVAL 1 DAY RECOMPRESS CODEC(ZSTD(12)) SETTINGS mutations_sync = 2;",
            "name": "01465_ttl_recompression.sql"
        },
        {
            "query": "\n\nSHOW CREATE TABLE recompression_table;",
            "name": "01465_ttl_recompression.sql"
        },
        {
            "query": "\n\nSELECT substring(name, 1, length(name) - 4), default_compression_codec FROM system.parts WHERE table = 'recompression_table' and active = 1 and database = currentDatabase() ORDER BY name;",
            "name": "01465_ttl_recompression.sql"
        },
        {
            "query": "\n\nSYSTEM START TTL MERGES recompression_table;",
            "name": "01465_ttl_recompression.sql"
        },
        {
            "query": "\n-- Additional merge can happen here\nOPTIMIZE TABLE recompression_table FINAL;",
            "name": "01465_ttl_recompression.sql"
        },
        {
            "query": "\n\n-- merge level and mutation in part name is not important\nSELECT substring(name, 1, length(name) - 4), default_compression_codec FROM system.parts WHERE table = 'recompression_table' and active = 1 and database = currentDatabase() ORDER BY name;",
            "name": "01465_ttl_recompression.sql"
        },
        {
            "query": "\n\nSELECT substring(name, 1, length(name) - 4), recompression_ttl_info.expression FROM system.parts WHERE table = 'recompression_table' and active = 1 and database = currentDatabase() ORDER BY name;",
            "name": "01465_ttl_recompression.sql"
        },
        {
            "query": "\n\nDROP TABLE IF EXISTS recompression_table;",
            "name": "01465_ttl_recompression.sql"
        },
        {
            "query": "\n\nCREATE TABLE recompression_table_compact\n(\n  dt DateTime,\n  key UInt64,\n  value String\n\n) ENGINE MergeTree()\nORDER BY tuple()\nPARTITION BY key\nTTL dt + INTERVAL 1 MONTH RECOMPRESS CODEC(ZSTD(17)), dt + INTERVAL 1 YEAR RECOMPRESS CODEC(LZ4HC(10))\nSETTINGS min_rows_for_wide_part = 10000;",
            "name": "01465_ttl_recompression.sql"
        },
        {
            "query": "\n\nSYSTEM STOP TTL MERGES recompression_table_compact;",
            "name": "01465_ttl_recompression.sql"
        },
        {
            "query": "\n\nINSERT INTO recompression_table_compact SELECT now(), 1, toString(number) from numbers(1000);",
            "name": "01465_ttl_recompression.sql"
        },
        {
            "query": "\n\nINSERT INTO recompression_table_compact SELECT now() - INTERVAL 2 MONTH, 2, toString(number) from numbers(1000, 1000);",
            "name": "01465_ttl_recompression.sql"
        },
        {
            "query": "\n\nINSERT INTO recompression_table_compact SELECT now() - INTERVAL 2 YEAR, 3, toString(number) from numbers(2000, 1000);",
            "name": "01465_ttl_recompression.sql"
        },
        {
            "query": "\n\nSELECT substring(name, 1, length(name) - 2), default_compression_codec FROM system.parts WHERE table = 'recompression_table_compact' and active = 1 and database = currentDatabase() ORDER BY name;",
            "name": "01465_ttl_recompression.sql"
        },
        {
            "query": "\n\nALTER TABLE recompression_table_compact MODIFY TTL dt + INTERVAL 1 MONTH RECOMPRESS CODEC(ZSTD(12)) SETTINGS mutations_sync = 2;",
            "name": "01465_ttl_recompression.sql"
        },
        {
            "query": " -- mutation affect all columns, so codec changes\n\n-- merge level and mutation in part name is not important\nSELECT substring(name, 1, length(name) - 4), default_compression_codec FROM system.parts WHERE table = 'recompression_table_compact' and active = 1 and database = currentDatabase() ORDER BY name;",
            "name": "01465_ttl_recompression.sql"
        },
        {
            "query": "\n\nDROP TABLE recompression_table_compact;",
            "name": "01465_ttl_recompression.sql"
        }
    ]
}