{
    "name": "02662_first_last_value.sql",
    "tests": [
        {
            "query": "-- { echo }\n\n-- create table\ndrop table if exists test;",
            "name": "02662_first_last_value.sql"
        },
        {
            "query": "\ncreate table test(`a` Nullable(Int32), `b` Nullable(Int32)) ENGINE = Memory;",
            "name": "02662_first_last_value.sql"
        },
        {
            "query": "\ninsert into test (a,b) values (1,null), (2,3), (4, 5), (6,null);",
            "name": "02662_first_last_value.sql"
        },
        {
            "query": "\n\n-- first value\nselect first_value(b) from test;",
            "name": "02662_first_last_value.sql"
        },
        {
            "query": "\nselect first_value(b) ignore nulls from test;",
            "name": "02662_first_last_value.sql"
        },
        {
            "query": "\nselect first_value(b) respect nulls from test;",
            "name": "02662_first_last_value.sql"
        },
        {
            "query": "\n\n-- last value\nselect last_value(b) from test;",
            "name": "02662_first_last_value.sql"
        },
        {
            "query": "\nselect last_value(b) ignore nulls from test;",
            "name": "02662_first_last_value.sql"
        },
        {
            "query": "\nselect last_value(b) respect nulls from test;",
            "name": "02662_first_last_value.sql"
        },
        {
            "query": "\n\nSET allow_experimental_analyzer = 1;",
            "name": "02662_first_last_value.sql"
        },
        {
            "query": "\n\n-- first value\nselect first_value(b) from test;",
            "name": "02662_first_last_value.sql"
        },
        {
            "query": "\nselect first_value(b) ignore nulls from test;",
            "name": "02662_first_last_value.sql"
        },
        {
            "query": "\nselect first_value(b) respect nulls from test;",
            "name": "02662_first_last_value.sql"
        },
        {
            "query": "\n\n-- last value\nselect last_value(b) from test;",
            "name": "02662_first_last_value.sql"
        },
        {
            "query": "\nselect last_value(b) ignore nulls from test;",
            "name": "02662_first_last_value.sql"
        },
        {
            "query": "\nselect last_value(b) respect nulls from test;",
            "name": "02662_first_last_value.sql"
        }
    ]
}