{
    "name": "02402_external_disk_mertrics.sql",
    "tests": [
        {
            "query": "-- Tags: no-parallel, no-fasttest, long, no-random-settings\n\nSET max_bytes_before_external_sort = 33554432;",
            "name": "02402_external_disk_mertrics.sql"
        },
        {
            "query": "\nset max_block_size = 1048576;",
            "name": "02402_external_disk_mertrics.sql"
        },
        {
            "query": "\n\nSELECT number FROM (SELECT number FROM numbers(2097152)) ORDER BY number * 1234567890123456789 LIMIT 2097142, 10\nSETTINGS log_comment='02402_external_disk_mertrics/sort'\nFORMAT Null;",
            "name": "02402_external_disk_mertrics.sql"
        },
        {
            "query": "\n\nSET max_bytes_before_external_group_by = '100M';",
            "name": "02402_external_disk_mertrics.sql"
        },
        {
            "query": "\nSET max_memory_usage = '410M';",
            "name": "02402_external_disk_mertrics.sql"
        },
        {
            "query": "\nSET group_by_two_level_threshold = '100K';",
            "name": "02402_external_disk_mertrics.sql"
        },
        {
            "query": "\nSET group_by_two_level_threshold_bytes = '50M';",
            "name": "02402_external_disk_mertrics.sql"
        },
        {
            "query": "\n\nSELECT sum(k), sum(c) FROM (SELECT number AS k, count() AS c FROM (SELECT * FROM system.numbers LIMIT 2097152) GROUP BY k)\nSETTINGS log_comment='02402_external_disk_mertrics/aggregation'\nFORMAT Null;",
            "name": "02402_external_disk_mertrics.sql"
        },
        {
            "query": "\n\nSET join_algorithm = 'partial_merge';",
            "name": "02402_external_disk_mertrics.sql"
        },
        {
            "query": "\nSET default_max_bytes_in_join = 0;",
            "name": "02402_external_disk_mertrics.sql"
        },
        {
            "query": "\nSET max_bytes_in_join = 10000000;",
            "name": "02402_external_disk_mertrics.sql"
        },
        {
            "query": "\n\nSELECT n, j * 2097152 FROM\n(SELECT number * 200000 as n FROM numbers(5)) nums\nANY LEFT JOIN ( SELECT number * 2 AS n, number AS j FROM numbers(1000000) ) js2\nUSING n\nORDER BY n\nSETTINGS log_comment='02402_external_disk_mertrics/join'\nFORMAT Null;",
            "name": "02402_external_disk_mertrics.sql"
        },
        {
            "query": "\n\nSYSTEM FLUSH LOGS;",
            "name": "02402_external_disk_mertrics.sql"
        },
        {
            "query": "\n\nSELECT\n    if(\n        any(ProfileEvents['ExternalProcessingFilesTotal']) >= 1 AND\n        any(ProfileEvents['ExternalProcessingCompressedBytesTotal']) >= 100000 AND\n        any(ProfileEvents['ExternalProcessingUncompressedBytesTotal']) >= 100000 AND\n        any(ProfileEvents['ExternalSortWritePart']) >= 1 AND\n        any(ProfileEvents['ExternalSortMerge']) >= 1 AND\n        any(ProfileEvents['ExternalSortCompressedBytes']) >= 100000 AND\n        any(ProfileEvents['ExternalSortUncompressedBytes']) >= 100000 AND\n        count() == 1,\n        'ok',\n        'fail: ' || toString(count()) || ' ' || toString(any(ProfileEvents))\n    )\n    FROM system.query_log WHERE current_database = currentDatabase()\n        AND log_comment = '02402_external_disk_mertrics/sort'\n        AND query ILIKE 'SELECT%2097152%' AND type = 'QueryFinish';",
            "name": "02402_external_disk_mertrics.sql"
        },
        {
            "query": "\n\nSELECT\n    if(\n        any(ProfileEvents['ExternalProcessingFilesTotal']) >= 1 AND\n        any(ProfileEvents['ExternalProcessingCompressedBytesTotal']) >= 100000 AND\n        any(ProfileEvents['ExternalProcessingUncompressedBytesTotal']) >= 100000 AND\n        any(ProfileEvents['ExternalAggregationWritePart']) >= 1 AND\n        any(ProfileEvents['ExternalAggregationMerge']) >= 1 AND\n        any(ProfileEvents['ExternalAggregationCompressedBytes']) >= 100000 AND\n        any(ProfileEvents['ExternalAggregationUncompressedBytes']) >= 100000 AND\n        count() == 1,\n        'ok',\n        'fail: ' || toString(count()) || ' ' || toString(any(ProfileEvents))\n    )\n    FROM system.query_log WHERE current_database = currentDatabase()\n        AND log_comment = '02402_external_disk_mertrics/aggregation'\n        AND query ILIKE 'SELECT%2097152%' AND type = 'QueryFinish';",
            "name": "02402_external_disk_mertrics.sql"
        },
        {
            "query": "\n\nSELECT\n    if(\n        any(ProfileEvents['ExternalProcessingFilesTotal']) >= 1 AND\n        any(ProfileEvents['ExternalProcessingCompressedBytesTotal']) >= 100000 AND\n        any(ProfileEvents['ExternalProcessingUncompressedBytesTotal']) >= 100000 AND\n        any(ProfileEvents['ExternalJoinWritePart']) >= 1 AND\n        any(ProfileEvents['ExternalJoinMerge']) >= 0 AND\n        any(ProfileEvents['ExternalJoinCompressedBytes']) >= 100000 AND\n        any(ProfileEvents['ExternalJoinUncompressedBytes']) >= 100000 AND\n        count() == 1,\n        'ok',\n        'fail: ' || toString(count()) || ' ' || toString(any(ProfileEvents))\n    )\n    FROM system.query_log WHERE current_database = currentDatabase()\n        AND log_comment = '02402_external_disk_mertrics/join'\n        AND query ILIKE 'SELECT%2097152%' AND type = 'QueryFinish';",
            "name": "02402_external_disk_mertrics.sql"
        },
        {
            "query": "\n\n-- Do not check values because they can be not recorded, just existence\nSELECT\n    CurrentMetric_TemporaryFilesForAggregation,\n    CurrentMetric_TemporaryFilesForJoin,\n    CurrentMetric_TemporaryFilesForSort\nFROM system.metric_log\nORDER BY event_time DESC LIMIT 5\nFORMAT Null;",
            "name": "02402_external_disk_mertrics.sql"
        }
    ]
}