{
    "name": "00870_t64_codec.sql",
    "tests": [
        {
            "query": "DROP TABLE IF EXISTS t64;",
            "name": "00870_t64_codec.sql"
        },
        {
            "query": "\n\nCREATE TABLE t64\n(\n    u8 UInt8,\n    t_u8 UInt8 Codec(T64, ZSTD),\n    u16 UInt16,\n    t_u16 UInt16 Codec(T64, ZSTD),\n    u32 UInt32,\n    t_u32 UInt32 Codec(T64, ZSTD),\n    u64 UInt64,\n    t_u64 UInt64 Codec(T64, ZSTD)\n) ENGINE MergeTree() ORDER BY tuple();",
            "name": "00870_t64_codec.sql"
        },
        {
            "query": "\n\nINSERT INTO t64 SELECT number AS x, x, x, x, x, x, x, x FROM numbers(1);",
            "name": "00870_t64_codec.sql"
        },
        {
            "query": "\nINSERT INTO t64 SELECT number AS x, x, x, x, x, x, x, x FROM numbers(2);",
            "name": "00870_t64_codec.sql"
        },
        {
            "query": "\nINSERT INTO t64 SELECT 42 AS x, x, x, x, x, x, x, x FROM numbers(4);",
            "name": "00870_t64_codec.sql"
        },
        {
            "query": "\n\nSELECT * FROM t64 ORDER BY u64;",
            "name": "00870_t64_codec.sql"
        },
        {
            "query": "\n\nINSERT INTO t64 SELECT number AS x, x, x, x, x, x, x, x FROM numbers(intExp2(8));",
            "name": "00870_t64_codec.sql"
        },
        {
            "query": "\nINSERT INTO t64 SELECT number AS x, x, x, x, x, x, x, x FROM numbers(intExp2(9));",
            "name": "00870_t64_codec.sql"
        },
        {
            "query": "\nSELECT * FROM t64 WHERE u8 != t_u8;",
            "name": "00870_t64_codec.sql"
        },
        {
            "query": "\nSELECT * FROM t64 WHERE u16 != t_u16;",
            "name": "00870_t64_codec.sql"
        },
        {
            "query": "\nSELECT * FROM t64 WHERE u32 != t_u32;",
            "name": "00870_t64_codec.sql"
        },
        {
            "query": "\nSELECT * FROM t64 WHERE u64 != t_u64;",
            "name": "00870_t64_codec.sql"
        },
        {
            "query": "\n\nINSERT INTO t64 SELECT (intExp2(16) - 10 + number) AS x, x, x, x, x, x, x, x FROM numbers(10);",
            "name": "00870_t64_codec.sql"
        },
        {
            "query": "\nINSERT INTO t64 SELECT (intExp2(16) - 10 + number) AS x, x, x, x, x, x, x, x FROM numbers(11);",
            "name": "00870_t64_codec.sql"
        },
        {
            "query": "\nINSERT INTO t64 SELECT (intExp2(16) - 64 + number) AS x, x, x, x, x, x, x, x FROM numbers(64);",
            "name": "00870_t64_codec.sql"
        },
        {
            "query": "\nINSERT INTO t64 SELECT (intExp2(16) - 64 + number) AS x, x, x, x, x, x, x, x FROM numbers(65);",
            "name": "00870_t64_codec.sql"
        },
        {
            "query": "\nINSERT INTO t64 SELECT (intExp2(16) - 1 + number) AS x, x, x, x, x, x, x, x FROM numbers(65);",
            "name": "00870_t64_codec.sql"
        },
        {
            "query": "\nSELECT * FROM t64 WHERE u8 != t_u8;",
            "name": "00870_t64_codec.sql"
        },
        {
            "query": "\nSELECT * FROM t64 WHERE u16 != t_u16;",
            "name": "00870_t64_codec.sql"
        },
        {
            "query": "\nSELECT * FROM t64 WHERE u32 != t_u32;",
            "name": "00870_t64_codec.sql"
        },
        {
            "query": "\nSELECT * FROM t64 WHERE u64 != t_u64;",
            "name": "00870_t64_codec.sql"
        },
        {
            "query": "\n\nINSERT INTO t64 SELECT (intExp2(24) - 10 + number) AS x, x, x, x, x, x, x, x FROM numbers(10);",
            "name": "00870_t64_codec.sql"
        },
        {
            "query": "\nINSERT INTO t64 SELECT (intExp2(24) - 10 + number) AS x, x, x, x, x, x, x, x FROM numbers(11);",
            "name": "00870_t64_codec.sql"
        },
        {
            "query": "\nINSERT INTO t64 SELECT (intExp2(24) - 64 + number) AS x, x, x, x, x, x, x, x FROM numbers(128);",
            "name": "00870_t64_codec.sql"
        },
        {
            "query": "\nINSERT INTO t64 SELECT (intExp2(24) - 64 + number) AS x, x, x, x, x, x, x, x FROM numbers(129);",
            "name": "00870_t64_codec.sql"
        },
        {
            "query": "\nINSERT INTO t64 SELECT (intExp2(24) - 1 + number) AS x, x, x, x, x, x, x, x FROM numbers(129);",
            "name": "00870_t64_codec.sql"
        },
        {
            "query": "\nSELECT * FROM t64 WHERE u8 != t_u8;",
            "name": "00870_t64_codec.sql"
        },
        {
            "query": "\nSELECT * FROM t64 WHERE u16 != t_u16;",
            "name": "00870_t64_codec.sql"
        },
        {
            "query": "\nSELECT * FROM t64 WHERE u32 != t_u32;",
            "name": "00870_t64_codec.sql"
        },
        {
            "query": "\nSELECT * FROM t64 WHERE u64 != t_u64;",
            "name": "00870_t64_codec.sql"
        },
        {
            "query": "\n\nINSERT INTO t64 SELECT (intExp2(32) - 10 + number) AS x, x, x, x, x, x, x, x FROM numbers(10);",
            "name": "00870_t64_codec.sql"
        },
        {
            "query": "\nINSERT INTO t64 SELECT (intExp2(32) - 10 + number) AS x, x, x, x, x, x, x, x FROM numbers(20);",
            "name": "00870_t64_codec.sql"
        },
        {
            "query": "\nINSERT INTO t64 SELECT (intExp2(32) - 64 + number) AS x, x, x, x, x, x, x, x FROM numbers(256);",
            "name": "00870_t64_codec.sql"
        },
        {
            "query": "\nINSERT INTO t64 SELECT (intExp2(32) - 64 + number) AS x, x, x, x, x, x, x, x FROM numbers(257);",
            "name": "00870_t64_codec.sql"
        },
        {
            "query": "\nINSERT INTO t64 SELECT (intExp2(32) - 1 + number) AS x, x, x, x, x, x, x, x FROM numbers(257);",
            "name": "00870_t64_codec.sql"
        },
        {
            "query": "\nSELECT * FROM t64 WHERE u8 != t_u8;",
            "name": "00870_t64_codec.sql"
        },
        {
            "query": "\nSELECT * FROM t64 WHERE u16 != t_u16;",
            "name": "00870_t64_codec.sql"
        },
        {
            "query": "\nSELECT * FROM t64 WHERE u32 != t_u32;",
            "name": "00870_t64_codec.sql"
        },
        {
            "query": "\nSELECT * FROM t64 WHERE u64 != t_u64;",
            "name": "00870_t64_codec.sql"
        },
        {
            "query": "\n\nINSERT INTO t64 SELECT (intExp2(40) - 10 + number) AS x, x, x, x, x, x, x, x FROM numbers(10);",
            "name": "00870_t64_codec.sql"
        },
        {
            "query": "\nINSERT INTO t64 SELECT (intExp2(40) - 10 + number) AS x, x, x, x, x, x, x, x FROM numbers(20);",
            "name": "00870_t64_codec.sql"
        },
        {
            "query": "\nINSERT INTO t64 SELECT (intExp2(40) - 64 + number) AS x, x, x, x, x, x, x, x FROM numbers(512);",
            "name": "00870_t64_codec.sql"
        },
        {
            "query": "\nINSERT INTO t64 SELECT (intExp2(40) - 64 + number) AS x, x, x, x, x, x, x, x FROM numbers(513);",
            "name": "00870_t64_codec.sql"
        },
        {
            "query": "\nINSERT INTO t64 SELECT (intExp2(40) - 1 + number) AS x, x, x, x, x, x, x, x FROM numbers(513);",
            "name": "00870_t64_codec.sql"
        },
        {
            "query": "\nSELECT * FROM t64 WHERE u8 != t_u8;",
            "name": "00870_t64_codec.sql"
        },
        {
            "query": "\nSELECT * FROM t64 WHERE u16 != t_u16;",
            "name": "00870_t64_codec.sql"
        },
        {
            "query": "\nSELECT * FROM t64 WHERE u32 != t_u32;",
            "name": "00870_t64_codec.sql"
        },
        {
            "query": "\nSELECT * FROM t64 WHERE u64 != t_u64;",
            "name": "00870_t64_codec.sql"
        },
        {
            "query": "\n\nINSERT INTO t64 SELECT (intExp2(48) - 10 + number) AS x, x, x, x, x, x, x, x FROM numbers(10);",
            "name": "00870_t64_codec.sql"
        },
        {
            "query": "\nINSERT INTO t64 SELECT (intExp2(48) - 10 + number) AS x, x, x, x, x, x, x, x FROM numbers(20);",
            "name": "00870_t64_codec.sql"
        },
        {
            "query": "\nINSERT INTO t64 SELECT (intExp2(48) - 64 + number) AS x, x, x, x, x, x, x, x FROM numbers(1024);",
            "name": "00870_t64_codec.sql"
        },
        {
            "query": "\nINSERT INTO t64 SELECT (intExp2(48) - 64 + number) AS x, x, x, x, x, x, x, x FROM numbers(1025);",
            "name": "00870_t64_codec.sql"
        },
        {
            "query": "\nINSERT INTO t64 SELECT (intExp2(48) - 1 + number) AS x, x, x, x, x, x, x, x FROM numbers(1025);",
            "name": "00870_t64_codec.sql"
        },
        {
            "query": "\nSELECT * FROM t64 WHERE u8 != t_u8;",
            "name": "00870_t64_codec.sql"
        },
        {
            "query": "\nSELECT * FROM t64 WHERE u16 != t_u16;",
            "name": "00870_t64_codec.sql"
        },
        {
            "query": "\nSELECT * FROM t64 WHERE u32 != t_u32;",
            "name": "00870_t64_codec.sql"
        },
        {
            "query": "\nSELECT * FROM t64 WHERE u64 != t_u64;",
            "name": "00870_t64_codec.sql"
        },
        {
            "query": "\n\nINSERT INTO t64 SELECT (intExp2(56) - 10 + number) AS x, x, x, x, x, x, x, x FROM numbers(10);",
            "name": "00870_t64_codec.sql"
        },
        {
            "query": "\nINSERT INTO t64 SELECT (intExp2(56) - 10 + number) AS x, x, x, x, x, x, x, x FROM numbers(20);",
            "name": "00870_t64_codec.sql"
        },
        {
            "query": "\nINSERT INTO t64 SELECT (intExp2(56) - 64 + number) AS x, x, x, x, x, x, x, x FROM numbers(2048);",
            "name": "00870_t64_codec.sql"
        },
        {
            "query": "\nINSERT INTO t64 SELECT (intExp2(56) - 64 + number) AS x, x, x, x, x, x, x, x FROM numbers(2049);",
            "name": "00870_t64_codec.sql"
        },
        {
            "query": "\nINSERT INTO t64 SELECT (intExp2(56) - 1 + number) AS x, x, x, x, x, x, x, x FROM numbers(2049);",
            "name": "00870_t64_codec.sql"
        },
        {
            "query": "\nSELECT * FROM t64 WHERE u8 != t_u8;",
            "name": "00870_t64_codec.sql"
        },
        {
            "query": "\nSELECT * FROM t64 WHERE u16 != t_u16;",
            "name": "00870_t64_codec.sql"
        },
        {
            "query": "\nSELECT * FROM t64 WHERE u32 != t_u32;",
            "name": "00870_t64_codec.sql"
        },
        {
            "query": "\nSELECT * FROM t64 WHERE u64 != t_u64;",
            "name": "00870_t64_codec.sql"
        },
        {
            "query": "\n\nINSERT INTO t64 SELECT (intExp2(63) + number * intExp2(62)) AS x, x, x, x, x, x, x, x FROM numbers(10);",
            "name": "00870_t64_codec.sql"
        },
        {
            "query": "\nSELECT * FROM t64 WHERE u8 != t_u8;",
            "name": "00870_t64_codec.sql"
        },
        {
            "query": "\nSELECT * FROM t64 WHERE u16 != t_u16;",
            "name": "00870_t64_codec.sql"
        },
        {
            "query": "\nSELECT * FROM t64 WHERE u32 != t_u32;",
            "name": "00870_t64_codec.sql"
        },
        {
            "query": "\nSELECT * FROM t64 WHERE u64 != t_u64;",
            "name": "00870_t64_codec.sql"
        },
        {
            "query": "\n\nOPTIMIZE TABLE t64 FINAL;",
            "name": "00870_t64_codec.sql"
        },
        {
            "query": "\n\nSELECT * FROM t64 WHERE u8 != t_u8;",
            "name": "00870_t64_codec.sql"
        },
        {
            "query": "\nSELECT * FROM t64 WHERE u16 != t_u16;",
            "name": "00870_t64_codec.sql"
        },
        {
            "query": "\nSELECT * FROM t64 WHERE u32 != t_u32;",
            "name": "00870_t64_codec.sql"
        },
        {
            "query": "\nSELECT * FROM t64 WHERE u64 != t_u64;",
            "name": "00870_t64_codec.sql"
        },
        {
            "query": "\n\nDROP TABLE t64;",
            "name": "00870_t64_codec.sql"
        }
    ]
}