{
    "name": "01450_set_null_const.sql",
    "tests": [
        {
            "query": "DROP TABLE IF EXISTS test_mtree;",
            "name": "01450_set_null_const.sql"
        },
        {
            "query": "\n\nCREATE TABLE test_mtree (`x` String, INDEX idx x TYPE set(10) GRANULARITY 1) ENGINE = MergeTree ORDER BY tuple();",
            "name": "01450_set_null_const.sql"
        },
        {
            "query": "\nINSERT INTO test_mtree VALUES ('Hello, world');",
            "name": "01450_set_null_const.sql"
        },
        {
            "query": "\nSELECT count() FROM test_mtree WHERE x = NULL;",
            "name": "01450_set_null_const.sql"
        },
        {
            "query": "\n\nDROP TABLE test_mtree;",
            "name": "01450_set_null_const.sql"
        }
    ]
}