{
    "name": "00321_pk_set.sql",
    "tests": [
        {
            "query": "DROP TABLE IF EXISTS pk_set;",
            "name": "00321_pk_set.sql"
        },
        {
            "query": "\n\nset allow_deprecated_syntax_for_merge_tree=1;",
            "name": "00321_pk_set.sql"
        },
        {
            "query": "\nCREATE TABLE pk_set (d Date, n UInt64, host String, code UInt64) ENGINE = MergeTree(d, (n, host, code), 1);",
            "name": "00321_pk_set.sql"
        },
        {
            "query": "\nINSERT INTO pk_set (n, host, code) VALUES (1, 'market', 100), (11, 'news', 100);",
            "name": "00321_pk_set.sql"
        },
        {
            "query": "\n\nSELECT count() FROM pk_set WHERE host IN ('admin.market1', 'admin.market2') AND code = 100;",
            "name": "00321_pk_set.sql"
        },
        {
            "query": "\nSELECT count() FROM pk_set WHERE host IN ('admin.market1', 'admin.market2') AND code = 100 AND n = 11;",
            "name": "00321_pk_set.sql"
        },
        {
            "query": "\nSELECT count() FROM pk_set WHERE host IN ('admin.market1', 'admin.market2') AND code = 100 AND n >= 11;",
            "name": "00321_pk_set.sql"
        },
        {
            "query": "\nSELECT count() FROM pk_set WHERE host IN ('market', 'admin.market2', 'admin.market3', 'admin.market4', 'abc') AND code = 100 AND n = 11;",
            "name": "00321_pk_set.sql"
        },
        {
            "query": "\nSELECT count() FROM pk_set WHERE host IN ('market', 'admin.market2', 'admin.market3', 'admin.market4', 'abc') AND code = 100 AND n >= 11;",
            "name": "00321_pk_set.sql"
        },
        {
            "query": "\nSELECT count() FROM pk_set WHERE host IN ('admin.market2', 'admin.market3', 'admin.market4', 'abc') AND code = 100 AND n = 11;",
            "name": "00321_pk_set.sql"
        },
        {
            "query": "\nSELECT count() FROM pk_set WHERE host IN ('admin.market2', 'admin.market3', 'admin.market4', 'abc', 'news') AND code = 100 AND n = 11;",
            "name": "00321_pk_set.sql"
        },
        {
            "query": "\n\n-- that barely reproduces the problem\n-- better way:\n-- for i in {1..1000};",
            "name": "00321_pk_set.sql"
        },
        {
            "query": " do echo \"SELECT count() FROM pk_set WHERE host IN ('a'\"$(seq 1 $i | sed -r \"s/.+/,'\\\\0'/\")\") AND code = 100 AND n = 11;",
            "name": "00321_pk_set.sql"
        },
        {
            "query": "\";",
            "name": "00321_pk_set.sql"
        },
        {
            "query": " done > queries.tsv\n-- clickhouse-benchmark < queries.tsv\n\nDROP TABLE pk_set;",
            "name": "00321_pk_set.sql"
        }
    ]
}