{
    "name": "01521_max_length_alias.sql",
    "tests": [
        {
            "query": "DROP TABLE IF EXISTS max_length_alias_14053;",
            "name": "01521_max_length_alias.sql"
        },
        {
            "query": "\n\nCREATE TABLE max_length_alias_14053\n(`a` Date,`b` UInt16,`c.d` Array(Date),`dcount` UInt16 ALIAS length(c.d))\nENGINE = MergeTree PARTITION BY toMonday(a) ORDER BY (a, b)\nSETTINGS index_granularity = 8192;",
            "name": "01521_max_length_alias.sql"
        },
        {
            "query": "\n\nINSERT INTO max_length_alias_14053 VALUES ('2020-10-06',7367,['2020-10-06','2020-10-06','2020-10-06','2020-10-06','2020-10-06']),('2020-10-06',7367,['2020-10-06','2020-10-06','2020-10-06']),('2020-10-06',7367,['2020-10-06','2020-10-06']),('2020-10-07',7367,['2020-10-07','2020-10-07','2020-10-07','2020-10-07','2020-10-07']),('2020-10-08',7367,['2020-10-08','2020-10-08','2020-10-08','2020-10-08']),('2020-10-11',7367,['2020-10-11','2020-10-11','2020-10-11','2020-10-11','2020-10-11','2020-10-11','2020-10-11','2020-10-11']),('2020-10-11',7367,['2020-10-11']),('2020-08-26',7367,['2020-08-26','2020-08-26']),('2020-08-28',7367,['2020-08-28','2020-08-28','2020-08-28']),('2020-08-29',7367,['2020-08-29']),('2020-09-22',7367,['2020-09-22','2020-09-22','2020-09-22','2020-09-22','2020-09-22','2020-09-22','2020-09-22']);",
            "name": "01521_max_length_alias.sql"
        },
        {
            "query": "\n\nSELECT count(), min(length(c.d)) AS minExpr, min(dcount) AS minAlias,\n    max(length(c.d)) AS maxExpr, max(dcount) AS maxAlias, b\nFROM max_length_alias_14053 GROUP BY b;",
            "name": "01521_max_length_alias.sql"
        },
        {
            "query": "\n\nDROP TABLE max_length_alias_14053;",
            "name": "01521_max_length_alias.sql"
        }
    ]
}