{
    "name": "02310_generate_multi_columns_with_uuid.sql",
    "tests": [
        {
            "query": "SELECT generateUUIDv4(1) = generateUUIDv4(2);",
            "name": "02310_generate_multi_columns_with_uuid.sql"
        },
        {
            "query": "\n\nSELECT generateUUIDv4() = generateUUIDv4(1);",
            "name": "02310_generate_multi_columns_with_uuid.sql"
        },
        {
            "query": "\n\nSELECT generateUUIDv4(1) = generateUUIDv4(1);",
            "name": "02310_generate_multi_columns_with_uuid.sql"
        }
    ]
}