{
    "name": "02501_limits_on_result_for_view.sql",
    "tests": [
        {
            "query": "DROP TABLE IF EXISTS 02501_test;",
            "name": "02501_limits_on_result_for_view.sql"
        },
        {
            "query": "\nDROP TABLE IF EXISTS 02501_dist;",
            "name": "02501_limits_on_result_for_view.sql"
        },
        {
            "query": "\nDROP VIEW IF EXISTS 02501_view;",
            "name": "02501_limits_on_result_for_view.sql"
        },
        {
            "query": "\n\n\n-- create local table\nCREATE TABLE 02501_test(`a` UInt64) ENGINE = Memory;",
            "name": "02501_limits_on_result_for_view.sql"
        },
        {
            "query": "\n\n-- create dist table\nCREATE TABLE 02501_dist(`a` UInt64) ENGINE = Distributed(test_cluster_two_shards, currentDatabase(), 02501_test);",
            "name": "02501_limits_on_result_for_view.sql"
        },
        {
            "query": "\n\n-- create view\nCREATE VIEW 02501_view(`a` UInt64) AS SELECT a FROM 02501_dist;",
            "name": "02501_limits_on_result_for_view.sql"
        },
        {
            "query": "\n\n-- insert data\ninsert into 02501_test values(5),(6),(7),(8);",
            "name": "02501_limits_on_result_for_view.sql"
        },
        {
            "query": "\n\n-- test\nSELECT * from 02501_view settings max_result_rows = 1;",
            "name": "02501_limits_on_result_for_view.sql"
        },
        {
            "query": " -- { serverError 396 }\nSELECT sum(a) from 02501_view settings max_result_rows = 1;",
            "name": "02501_limits_on_result_for_view.sql"
        },
        {
            "query": "\n\n\nDROP TABLE IF EXISTS 02501_test;",
            "name": "02501_limits_on_result_for_view.sql"
        },
        {
            "query": "\nDROP TABLE IF EXISTS 02501_dist;",
            "name": "02501_limits_on_result_for_view.sql"
        },
        {
            "query": "\nDROP VIEW IF EXISTS 02501_view;",
            "name": "02501_limits_on_result_for_view.sql"
        }
    ]
}