{
    "name": "00752_low_cardinality_left_array_join.sql",
    "tests": [
        {
            "query": "set allow_suspicious_low_cardinality_types=1;",
            "name": "00752_low_cardinality_left_array_join.sql"
        },
        {
            "query": "\ndrop table if exists lc_left_aj;",
            "name": "00752_low_cardinality_left_array_join.sql"
        },
        {
            "query": "\nCREATE TABLE lc_left_aj\n(\n    str Array(LowCardinality(String)), \n    null_str Array(LowCardinality(Nullable(String))), \n    val Array(LowCardinality(Float64)), \n    null_val Array(LowCardinality(Nullable(Float64)))\n)\nENGINE = Memory;",
            "name": "00752_low_cardinality_left_array_join.sql"
        },
        {
            "query": "\n\ninsert into lc_left_aj values (['a', 'b'], ['c', Null], [1, 2.0], [3., Null]), ([], ['c', Null], [1, 2.0], [3., Null]), (['a', 'b'], [], [1, 2.0], [3., Null]), (['a', 'b'], ['c', Null], [], [3., Null]), (['a', 'b'], ['c', Null], [1, 2.0], []);",
            "name": "00752_low_cardinality_left_array_join.sql"
        },
        {
            "query": "\n\nselect *, arr from lc_left_aj left array join str as arr;",
            "name": "00752_low_cardinality_left_array_join.sql"
        },
        {
            "query": "\nselect '-';",
            "name": "00752_low_cardinality_left_array_join.sql"
        },
        {
            "query": "\nselect *, arr from lc_left_aj left array join null_str as arr;",
            "name": "00752_low_cardinality_left_array_join.sql"
        },
        {
            "query": "\nselect '-';",
            "name": "00752_low_cardinality_left_array_join.sql"
        },
        {
            "query": "\nselect *, arr from lc_left_aj left array join val as arr;",
            "name": "00752_low_cardinality_left_array_join.sql"
        },
        {
            "query": "\nselect '-';",
            "name": "00752_low_cardinality_left_array_join.sql"
        },
        {
            "query": "\nselect *, arr from lc_left_aj left array join null_val as arr;",
            "name": "00752_low_cardinality_left_array_join.sql"
        },
        {
            "query": "\ndrop table if exists lc_left_aj;",
            "name": "00752_low_cardinality_left_array_join.sql"
        }
    ]
}