{
    "name": "01711_decimal_multiplication.sql",
    "tests": [
        {
            "query": "SELECT materialize(toDecimal64(4,4)) - materialize(toDecimal32(2,2));",
            "name": "01711_decimal_multiplication.sql"
        },
        {
            "query": "\nSELECT toDecimal64(4,4) - materialize(toDecimal32(2,2));",
            "name": "01711_decimal_multiplication.sql"
        },
        {
            "query": "\nSELECT materialize(toDecimal64(4,4)) - toDecimal32(2,2);",
            "name": "01711_decimal_multiplication.sql"
        },
        {
            "query": "\nSELECT toDecimal64(4,4) - toDecimal32(2,2);",
            "name": "01711_decimal_multiplication.sql"
        }
    ]
}