{
    "name": "01073_attach_if_not_exists.sql",
    "tests": [
        {
            "query": "\nCREATE TABLE aine (a Int) ENGINE = Log;",
            "name": "01073_attach_if_not_exists.sql"
        },
        {
            "query": "\nATTACH TABLE aine;",
            "name": "01073_attach_if_not_exists.sql"
        },
        {
            "query": " -- { serverError 57 }\nATTACH TABLE IF NOT EXISTS aine;",
            "name": "01073_attach_if_not_exists.sql"
        },
        {
            "query": "\nDETACH TABLE aine;",
            "name": "01073_attach_if_not_exists.sql"
        },
        {
            "query": "\nATTACH TABLE IF NOT EXISTS aine;",
            "name": "01073_attach_if_not_exists.sql"
        },
        {
            "query": "\nEXISTS TABLE aine;",
            "name": "01073_attach_if_not_exists.sql"
        },
        {
            "query": "\nDROP TABLE aine;",
            "name": "01073_attach_if_not_exists.sql"
        }
    ]
}