{
    "name": "00729_prewhere_array_join.sql",
    "tests": [
        {
            "query": "SET send_logs_level = 'fatal';",
            "name": "00729_prewhere_array_join.sql"
        },
        {
            "query": "\n\ndrop table if exists t1_00729;",
            "name": "00729_prewhere_array_join.sql"
        },
        {
            "query": "\nset allow_deprecated_syntax_for_merge_tree=1;",
            "name": "00729_prewhere_array_join.sql"
        },
        {
            "query": "\ncreate table t1_00729 (id UInt64, val Array(String),nid UInt64, eDate Date)ENGINE = MergeTree(eDate, (id, eDate), 8192);",
            "name": "00729_prewhere_array_join.sql"
        },
        {
            "query": "\n\ninsert into t1_00729 (id,val,nid,eDate) values (1,['background','foreground','heading','image'],1,'2018-09-27');",
            "name": "00729_prewhere_array_join.sql"
        },
        {
            "query": "\ninsert into t1_00729 (id,val,nid,eDate) values (1,['background','foreground','heading','image'],1,'2018-09-27');",
            "name": "00729_prewhere_array_join.sql"
        },
        {
            "query": "\ninsert into t1_00729 (id,val,nid,eDate) values (2,['background','foreground','heading','image'],1,'2018-09-27');",
            "name": "00729_prewhere_array_join.sql"
        },
        {
            "query": "\ninsert into t1_00729 (id,val,nid,eDate) values (2,[],2,'2018-09-27');",
            "name": "00729_prewhere_array_join.sql"
        },
        {
            "query": "\ninsert into t1_00729 (id,val,nid,eDate) values (3,[],4,'2018-09-27');",
            "name": "00729_prewhere_array_join.sql"
        },
        {
            "query": "\ninsert into t1_00729 (id,val,nid,eDate) values (3,[],5,'2018-09-27');",
            "name": "00729_prewhere_array_join.sql"
        },
        {
            "query": "\ninsert into t1_00729 (id,val,nid,eDate) values (3,[],6,'2018-09-27');",
            "name": "00729_prewhere_array_join.sql"
        },
        {
            "query": "\ninsert into t1_00729 (id,val,nid,eDate) values (3,[],7,'2018-09-27');",
            "name": "00729_prewhere_array_join.sql"
        },
        {
            "query": "\ninsert into t1_00729 (id,val,nid,eDate) values (3,[],8,'2018-09-27');",
            "name": "00729_prewhere_array_join.sql"
        },
        {
            "query": "\n\nselect arrayJoin(val) as nameGroup6 from t1_00729 prewhere notEmpty(toString(nameGroup6)) group by nameGroup6 order by nameGroup6;",
            "name": "00729_prewhere_array_join.sql"
        },
        {
            "query": " -- { serverError 182 }\nselect arrayJoin(val) as nameGroup6, countDistinct(nid) as rowids from t1_00729 where notEmpty(toString(nameGroup6)) group by nameGroup6 order by nameGroup6;",
            "name": "00729_prewhere_array_join.sql"
        },
        {
            "query": "\nselect arrayJoin(val) as nameGroup6, countDistinct(nid) as rowids from t1_00729 prewhere notEmpty(toString(nameGroup6)) group by nameGroup6 order by nameGroup6;",
            "name": "00729_prewhere_array_join.sql"
        },
        {
            "query": " -- { serverError 182 }\n\ndrop table t1_00729;",
            "name": "00729_prewhere_array_join.sql"
        },
        {
            "query": "\ncreate table t1_00729 (id UInt64, val Array(String),nid UInt64, eDate Date) ENGINE = MergeTree(eDate, (id, eDate), 8192);",
            "name": "00729_prewhere_array_join.sql"
        },
        {
            "query": "\n\ninsert into t1_00729 (id,val,nid,eDate) values (1,['background','foreground','heading','image'],1,'2018-09-27');",
            "name": "00729_prewhere_array_join.sql"
        },
        {
            "query": "\ninsert into t1_00729 (id,val,nid,eDate) values (1,['background','foreground','heading','image'],1,'2018-09-27');",
            "name": "00729_prewhere_array_join.sql"
        },
        {
            "query": "\ninsert into t1_00729 (id,val,nid,eDate) values (2,['background','foreground','heading','image'],1,'2018-09-27');",
            "name": "00729_prewhere_array_join.sql"
        },
        {
            "query": "\ninsert into t1_00729 (id,val,nid,eDate) values (2,[],2,'2018-09-27');",
            "name": "00729_prewhere_array_join.sql"
        },
        {
            "query": "\n\nselect arrayJoin(val) as nameGroup6 from t1_00729 prewhere notEmpty(toString(nameGroup6)) group by nameGroup6 order by nameGroup6;",
            "name": "00729_prewhere_array_join.sql"
        },
        {
            "query": " -- { serverError 182 }\nselect arrayJoin(val) as nameGroup6, countDistinct(nid) as rowids from t1_00729 where notEmpty(toString(nameGroup6)) group by nameGroup6 order by nameGroup6;",
            "name": "00729_prewhere_array_join.sql"
        },
        {
            "query": "\nselect arrayJoin(val) as nameGroup6, countDistinct(nid) as rowids from t1_00729 prewhere notEmpty(toString(nameGroup6)) group by nameGroup6 order by nameGroup6;",
            "name": "00729_prewhere_array_join.sql"
        },
        {
            "query": " -- { serverError 182 }\n\ndrop table t1_00729;",
            "name": "00729_prewhere_array_join.sql"
        }
    ]
}