{
    "name": "01116_cross_count_asterisks.sql",
    "tests": [
        {
            "query": "SELECT count(*)\nFROM numbers(2) AS n1, numbers(3) AS n2, numbers(4) AS n3\nWHERE (n1.number = n2.number) AND (n2.number = n3.number);",
            "name": "01116_cross_count_asterisks.sql"
        },
        {
            "query": "\n\nSELECT count(*) c FROM (\n    SELECT count(*), count(*) as c\n    FROM numbers(2) AS n1, numbers(3) AS n2, numbers(4) AS n3\n    WHERE (n1.number = n2.number) AND (n2.number = n3.number)\n        AND (SELECT count(*) FROM numbers(1)) = 1\n)\nWHERE (SELECT count(*) FROM numbers(2)) = 2\nHAVING c IN(SELECT count(*) c FROM numbers(1));",
            "name": "01116_cross_count_asterisks.sql"
        }
    ]
}