{
    "name": "00757_enum_defaults.sql",
    "tests": [
        {
            "query": "DROP TABLE IF EXISTS auto_assign_enum;",
            "name": "00757_enum_defaults.sql"
        },
        {
            "query": "\nDROP TABLE IF EXISTS auto_assign_enum1;",
            "name": "00757_enum_defaults.sql"
        },
        {
            "query": "\nDROP TABLE IF EXISTS auto_assign_enum2;",
            "name": "00757_enum_defaults.sql"
        },
        {
            "query": "\nDROP TABLE IF EXISTS auto_assign_enum3;",
            "name": "00757_enum_defaults.sql"
        },
        {
            "query": "\n\nCREATE TABLE auto_assign_enum (x enum('a', 'b')) ENGINE=MergeTree() order by x;",
            "name": "00757_enum_defaults.sql"
        },
        {
            "query": "\nINSERT INTO auto_assign_enum VALUES('a'), ('b');",
            "name": "00757_enum_defaults.sql"
        },
        {
            "query": "\nselect * from auto_assign_enum;",
            "name": "00757_enum_defaults.sql"
        },
        {
            "query": "\nselect CAST(x, 'Int8') from auto_assign_enum;",
            "name": "00757_enum_defaults.sql"
        },
        {
            "query": "\nselect * from auto_assign_enum where x = 1;",
            "name": "00757_enum_defaults.sql"
        },
        {
            "query": "\n\nCREATE TABLE auto_assign_enum1 (x enum('a' = -1000, 'b')) ENGINE=MergeTree() order by x;",
            "name": "00757_enum_defaults.sql"
        },
        {
            "query": "\nINSERT INTO auto_assign_enum1 VALUES('a'), ('b');",
            "name": "00757_enum_defaults.sql"
        },
        {
            "query": "\nselect * from auto_assign_enum1;",
            "name": "00757_enum_defaults.sql"
        },
        {
            "query": "\nselect CAST(x, 'Int16') from auto_assign_enum1;",
            "name": "00757_enum_defaults.sql"
        },
        {
            "query": "\nselect * from auto_assign_enum1 where x = -999;",
            "name": "00757_enum_defaults.sql"
        },
        {
            "query": "\n\nCREATE TABLE auto_assign_enum2 (x enum('a' = -1000, 'b', 'c' = -99)) ENGINE=MergeTree() order by x;",
            "name": "00757_enum_defaults.sql"
        },
        {
            "query": " -- { serverError 223 }\n\nCREATE TABLE auto_assign_enum2 (x Enum8(\n                     '00' = -128 ,'01','02','03','04','05','06','07','08','09','0A','0B','0C','0D','0E','0F',\n                     '10','11','12','13','14','15','16','17','18','19','1A','1B','1C','1D','1E','1F',\n                     '20','21','22','23','24','25','26','27','28','29','2A','2B','2C','2D','2E','2F',\n                     '30','31','32','33','34','35','36','37','38','39','3A','3B','3C','3D','3E','3F',\n                     '40','41','42','43','44','45','46','47','48','49','4A','4B','4C','4D','4E','4F',\n                     '50','51','52','53','54','55','56','57','58','59','5A','5B','5C','5D','5E','5F',\n                     '60','61','62','63','64','65','66','67','68','69','6A','6B','6C','6D','6E','6F',\n                     '70','71','72','73','74','75','76','77','78','79','7A','7B','7C','7D','7E','7F'\n                     )) ENGINE=MergeTree() order by x;",
            "name": "00757_enum_defaults.sql"
        },
        {
            "query": "\n\nINSERT INTO auto_assign_enum2 VALUES('7F');",
            "name": "00757_enum_defaults.sql"
        },
        {
            "query": "\nselect CAST(x, 'Int8') from auto_assign_enum2;",
            "name": "00757_enum_defaults.sql"
        },
        {
            "query": "\n\nCREATE TABLE auto_assign_enum3 (x enum('a', 'b', NULL)) ENGINE=MergeTree() order by x;",
            "name": "00757_enum_defaults.sql"
        },
        {
            "query": " -- { serverError 223 }\n\nDROP TABLE auto_assign_enum;",
            "name": "00757_enum_defaults.sql"
        },
        {
            "query": "\nDROP TABLE auto_assign_enum1;",
            "name": "00757_enum_defaults.sql"
        },
        {
            "query": "\nDROP TABLE auto_assign_enum2;",
            "name": "00757_enum_defaults.sql"
        }
    ]
}