{
    "name": "02353_ascii.sql",
    "tests": [
        {
            "query": "SELECT ascii('234');",
            "name": "02353_ascii.sql"
        },
        {
            "query": "\nSELECT ascii('');",
            "name": "02353_ascii.sql"
        },
        {
            "query": "\nSELECT ascii(materialize('234'));",
            "name": "02353_ascii.sql"
        },
        {
            "query": "\nSELECT ascii(materialize(''));",
            "name": "02353_ascii.sql"
        },
        {
            "query": "\nSELECT ascii(toString(number) || 'abc') from numbers(10);",
            "name": "02353_ascii.sql"
        }
    ]
}