{
    "name": "02888_system_tables_with_inaccessible_table_function.sql",
    "tests": [
        {
            "query": "-- Tags: no-fasttest\n\nDROP DATABASE IF EXISTS {CLICKHOUSE_DATABASE:Identifier};",
            "name": "02888_system_tables_with_inaccessible_table_function.sql"
        },
        {
            "query": "\n\nCREATE DATABASE {CLICKHOUSE_DATABASE:Identifier};",
            "name": "02888_system_tables_with_inaccessible_table_function.sql"
        },
        {
            "query": "\n\n\nCREATE TABLE {CLICKHOUSE_DATABASE:Identifier}.tablefunc01 (x int) AS postgresql('127.121.0.1:5432', 'postgres_db', 'postgres_table', 'postgres_user', '124444');",
            "name": "02888_system_tables_with_inaccessible_table_function.sql"
        },
        {
            "query": "\nCREATE TABLE {CLICKHOUSE_DATABASE:Identifier}.tablefunc02 (x int) AS mysql('127.123.0.1:3306', 'mysql_db', 'mysql_table', 'mysql_user','123123');",
            "name": "02888_system_tables_with_inaccessible_table_function.sql"
        },
        {
            "query": "\nCREATE TABLE {CLICKHOUSE_DATABASE:Identifier}.tablefunc03 (a int) AS sqlite('db_path', 'table_name');",
            "name": "02888_system_tables_with_inaccessible_table_function.sql"
        },
        {
            "query": "\nCREATE TABLE {CLICKHOUSE_DATABASE:Identifier}.tablefunc04 (a int) AS  mongodb('127.0.0.1:27017','test', 'my_collection', 'test_user', 'password', 'a Int');",
            "name": "02888_system_tables_with_inaccessible_table_function.sql"
        },
        {
            "query": "\nCREATE TABLE {CLICKHOUSE_DATABASE:Identifier}.tablefunc05 (a int) AS redis('127.0.0.1:6379', 'key', 'key UInt32');",
            "name": "02888_system_tables_with_inaccessible_table_function.sql"
        },
        {
            "query": "\nCREATE TABLE {CLICKHOUSE_DATABASE:Identifier}.tablefunc06 (a int) AS s3('http://some_addr:9000/cloud-storage-01/data.tsv', 'M9O7o0SX5I4udXhWxI12', '9ijqzmVN83fzD9XDkEAAAAAAAA', 'TSV');",
            "name": "02888_system_tables_with_inaccessible_table_function.sql"
        },
        {
            "query": "\n\n\nCREATE TABLE {CLICKHOUSE_DATABASE:Identifier}.tablefunc01_without_schema AS postgresql('127.121.0.1:5432', 'postgres_db', 'postgres_table', 'postgres_user', '124444');",
            "name": "02888_system_tables_with_inaccessible_table_function.sql"
        },
        {
            "query": " -- { serverError 614 }\nCREATE TABLE {CLICKHOUSE_DATABASE:Identifier}.tablefunc02_without_schema AS mysql('127.123.0.1:3306', 'mysql_db', 'mysql_table', 'mysql_user','123123');",
            "name": "02888_system_tables_with_inaccessible_table_function.sql"
        },
        {
            "query": " -- {serverError 279 }\n\nSELECT name, engine, engine_full, create_table_query, data_paths, notEmpty([metadata_path]), notEmpty([uuid])\n    FROM system.tables\n    WHERE name like '%tablefunc%' and database=currentDatabase()\n    ORDER BY name;",
            "name": "02888_system_tables_with_inaccessible_table_function.sql"
        },
        {
            "query": "\n\nDETACH TABLE {CLICKHOUSE_DATABASE:Identifier}.tablefunc01;",
            "name": "02888_system_tables_with_inaccessible_table_function.sql"
        },
        {
            "query": " \nDETACH TABLE {CLICKHOUSE_DATABASE:Identifier}.tablefunc02;",
            "name": "02888_system_tables_with_inaccessible_table_function.sql"
        },
        {
            "query": "\nDETACH TABLE {CLICKHOUSE_DATABASE:Identifier}.tablefunc03;",
            "name": "02888_system_tables_with_inaccessible_table_function.sql"
        },
        {
            "query": "\nDETACH TABLE {CLICKHOUSE_DATABASE:Identifier}.tablefunc04;",
            "name": "02888_system_tables_with_inaccessible_table_function.sql"
        },
        {
            "query": "\nDETACH TABLE {CLICKHOUSE_DATABASE:Identifier}.tablefunc05;",
            "name": "02888_system_tables_with_inaccessible_table_function.sql"
        },
        {
            "query": "\nDETACH TABLE {CLICKHOUSE_DATABASE:Identifier}.tablefunc06;",
            "name": "02888_system_tables_with_inaccessible_table_function.sql"
        },
        {
            "query": "\n\nATTACH TABLE {CLICKHOUSE_DATABASE:Identifier}.tablefunc01;",
            "name": "02888_system_tables_with_inaccessible_table_function.sql"
        },
        {
            "query": "\nATTACH TABLE {CLICKHOUSE_DATABASE:Identifier}.tablefunc02;",
            "name": "02888_system_tables_with_inaccessible_table_function.sql"
        },
        {
            "query": "\nATTACH TABLE {CLICKHOUSE_DATABASE:Identifier}.tablefunc03;",
            "name": "02888_system_tables_with_inaccessible_table_function.sql"
        },
        {
            "query": "\nATTACH TABLE {CLICKHOUSE_DATABASE:Identifier}.tablefunc04;",
            "name": "02888_system_tables_with_inaccessible_table_function.sql"
        },
        {
            "query": "\nATTACH TABLE {CLICKHOUSE_DATABASE:Identifier}.tablefunc05;",
            "name": "02888_system_tables_with_inaccessible_table_function.sql"
        },
        {
            "query": "\nATTACH TABLE {CLICKHOUSE_DATABASE:Identifier}.tablefunc06;",
            "name": "02888_system_tables_with_inaccessible_table_function.sql"
        },
        {
            "query": "\n\nSELECT name, engine, engine_full, create_table_query, data_paths, notEmpty([metadata_path]), notEmpty([uuid])\n    FROM system.tables\n    WHERE name like '%tablefunc%' and database=currentDatabase()\n    ORDER BY name;",
            "name": "02888_system_tables_with_inaccessible_table_function.sql"
        },
        {
            "query": "\n\nDROP DATABASE IF EXISTS {CLICKHOUSE_DATABASE:Identifier};",
            "name": "02888_system_tables_with_inaccessible_table_function.sql"
        }
    ]
}