{
    "name": "01903_correct_block_size_prediction_with_default.sql",
    "tests": [
        {
            "query": "-- Tags: no-random-merge-tree-settings\n\nCREATE TABLE test_extract(str String,  arr Array(Array(String)) ALIAS extractAllGroupsHorizontal(str, '\\\\W(\\\\w+)=(\"[^\"]*?\"|[^\",}]*)')) ENGINE=MergeTree() PARTITION BY tuple() ORDER BY tuple();",
            "name": "01903_correct_block_size_prediction_with_default.sql"
        },
        {
            "query": "\n\nINSERT INTO test_extract (str) WITH range(8) as range_arr, arrayMap(x-> concat(toString(x),'Id'), range_arr) as key, arrayMap(x -> rand() % 8, range_arr) as val, arrayStringConcat(arrayMap((x,y) -> concat(x,'=',toString(y)), key, val),',') as str SELECT str FROM numbers(500000);",
            "name": "01903_correct_block_size_prediction_with_default.sql"
        },
        {
            "query": "\n\nALTER TABLE test_extract ADD COLUMN `15Id` Nullable(UInt16) DEFAULT toUInt16OrNull(arrayFirst((v, k) -> (k = '4Id'), arr[2], arr[1]));",
            "name": "01903_correct_block_size_prediction_with_default.sql"
        },
        {
            "query": "\n\nSELECT uniq(15Id) FROM test_extract SETTINGS max_threads=1, max_memory_usage=100000000;",
            "name": "01903_correct_block_size_prediction_with_default.sql"
        },
        {
            "query": "\n\nSELECT uniq(15Id) FROM test_extract PREWHERE 15Id < 4 SETTINGS max_threads=1, max_memory_usage=100000000;",
            "name": "01903_correct_block_size_prediction_with_default.sql"
        },
        {
            "query": "\n\nSELECT uniq(15Id) FROM test_extract WHERE 15Id < 4 SETTINGS max_threads=1, max_memory_usage=100000000;",
            "name": "01903_correct_block_size_prediction_with_default.sql"
        }
    ]
}