{
    "name": "02542_table_function_format.sql",
    "tests": [
        {
            "query": "desc format(JSONEachRow, \n$$\n{\"a\": \"Hello\", \"b\": 111}\n{\"a\": \"World\", \"b\": 123}\n{\"a\": \"Hello\", \"b\": 111}\n{\"a\": \"World\", \"b\": 123}\n$$);",
            "name": "02542_table_function_format.sql"
        },
        {
            "query": "\n\ndesc format(JSONEachRow, 'a String, b Int64',\n$$\n{\"a\": \"Hello\", \"b\": 111}\n{\"a\": \"World\", \"b\": 123}\n{\"a\": \"Hello\", \"b\": 111}\n{\"a\": \"World\", \"b\": 123}\n$$);",
            "name": "02542_table_function_format.sql"
        },
        {
            "query": "\n\nselect * from format(JSONEachRow, 'a String, b Int64',\n$$\n{\"a\": \"Hello\", \"b\": 111}\n{\"a\": \"World\", \"b\": 123}\n{\"a\": \"Hello\", \"b\": 111}\n{\"a\": \"World\", \"b\": 123}\n$$);",
            "name": "02542_table_function_format.sql"
        },
        {
            "query": "\n\ndesc format(CSV, '1,2,\"[1,2,3]\",\"[[\\'abc\\'], [], [\\'d\\', \\'e\\']]\"');",
            "name": "02542_table_function_format.sql"
        },
        {
            "query": "\ndesc format(CSV, 'a1 Int32, a2 UInt64, a3 Array(Int32), a4 Array(Array(String))', '1,2,\"[1,2,3]\",\"[[\\'abc\\'], [], [\\'d\\', \\'e\\']]\"');",
            "name": "02542_table_function_format.sql"
        },
        {
            "query": "\nselect * from format(CSV, '1,2,\"[1,2,3]\",\"[[\\'abc\\'], [], [\\'d\\', \\'e\\']]\"');",
            "name": "02542_table_function_format.sql"
        },
        {
            "query": "\nselect * from format(CSV, 'a1 Int32, a2 UInt64, a3 Array(Int32), a4 Array(Array(String))', '1,2,\"[1,2,3]\",\"[[\\'abc\\'], [], [\\'d\\', \\'e\\']]\"');",
            "name": "02542_table_function_format.sql"
        },
        {
            "query": "\n\ndrop table if exists test;",
            "name": "02542_table_function_format.sql"
        },
        {
            "query": "\n\ncreate table test as format(TSV, 'cust_id UInt128', '20210129005809043707\\n123456789\\n987654321');",
            "name": "02542_table_function_format.sql"
        },
        {
            "query": "\n\nselect * from test;",
            "name": "02542_table_function_format.sql"
        },
        {
            "query": "\ndesc table test;",
            "name": "02542_table_function_format.sql"
        },
        {
            "query": "\ndrop table test;",
            "name": "02542_table_function_format.sql"
        }
    ]
}