{
    "name": "01852_cast_operator_4.sql",
    "tests": [
        {
            "query": "SELECT [3,4,5][1]::Int32;",
            "name": "01852_cast_operator_4.sql"
        },
        {
            "query": "\nEXPLAIN SYNTAX SELECT [3,4,5][1]::Int32;",
            "name": "01852_cast_operator_4.sql"
        },
        {
            "query": "\n\nSELECT [3,4,5]::Array(Int64)[2]::Int8;",
            "name": "01852_cast_operator_4.sql"
        },
        {
            "query": "\nEXPLAIN SYNTAX SELECT [3,4,5]::Array(Int64)[2]::Int8;",
            "name": "01852_cast_operator_4.sql"
        },
        {
            "query": "\n\nSELECT [1,2,3]::Array(UInt64)[[number, number]::Array(UInt8)[number]::UInt64]::UInt8 from numbers(3);",
            "name": "01852_cast_operator_4.sql"
        },
        {
            "query": "\nEXPLAIN SYNTAX SELECT [1,2,3]::Array(UInt64)[[number, number]::Array(UInt8)[number]::UInt64]::UInt8 from numbers(3);",
            "name": "01852_cast_operator_4.sql"
        },
        {
            "query": "\n\nWITH [3,4,5] AS x SELECT x[1]::Int32;",
            "name": "01852_cast_operator_4.sql"
        },
        {
            "query": "\nEXPLAIN SYNTAX WITH [3,4,5] AS x SELECT x[1]::Int32;",
            "name": "01852_cast_operator_4.sql"
        },
        {
            "query": "\n\nSELECT tuple(3,4,5).1::Int32;",
            "name": "01852_cast_operator_4.sql"
        },
        {
            "query": "\nEXPLAIN SYNTAX SELECT tuple(3,4,5).1::Int32;",
            "name": "01852_cast_operator_4.sql"
        },
        {
            "query": "\n\nSELECT tuple(3,4,5)::Tuple(UInt64, UInt64, UInt64).2::Int32;",
            "name": "01852_cast_operator_4.sql"
        },
        {
            "query": "\nEXPLAIN SYNTAX SELECT tuple(3,4,5)::Tuple(UInt64, UInt64, UInt64).1::Int32;",
            "name": "01852_cast_operator_4.sql"
        },
        {
            "query": "\n\nWITH tuple(3,4,5) AS x SELECT x.1::Int32;",
            "name": "01852_cast_operator_4.sql"
        },
        {
            "query": "\nEXPLAIN SYNTAX WITH tuple(3,4,5) AS x SELECT x.1::Int32;",
            "name": "01852_cast_operator_4.sql"
        }
    ]
}