{
    "name": "02842_vertical_merge_after_add_drop_column.sql",
    "tests": [
        {
            "query": "-- In some versions vertical merges after DROP COLUMN was broken in some cases\n\ndrop table if exists data;",
            "name": "02842_vertical_merge_after_add_drop_column.sql"
        },
        {
            "query": "\n\ncreate table data (\n    key Int,\n    `legacy_features_Map.id` Array(UInt8),\n    `legacy_features_Map.count` Array(UInt32),\n) engine=MergeTree()\norder by key\nsettings\n    min_bytes_for_wide_part=0,\n    min_rows_for_wide_part=0,\n    vertical_merge_algorithm_min_rows_to_activate=0,\n    vertical_merge_algorithm_min_columns_to_activate=0;",
            "name": "02842_vertical_merge_after_add_drop_column.sql"
        },
        {
            "query": "\n\ninsert into data (key) values (1);",
            "name": "02842_vertical_merge_after_add_drop_column.sql"
        },
        {
            "query": "\ninsert into data (key) values (2);",
            "name": "02842_vertical_merge_after_add_drop_column.sql"
        },
        {
            "query": "\n\nalter table data add column `features_legacy_Map.id` Array(UInt8), add column `features_legacy_Map.count` Array(UInt32);",
            "name": "02842_vertical_merge_after_add_drop_column.sql"
        },
        {
            "query": "\n\nalter table data drop column legacy_features_Map settings mutations_sync=2;",
            "name": "02842_vertical_merge_after_add_drop_column.sql"
        },
        {
            "query": "\n\noptimize table data final;",
            "name": "02842_vertical_merge_after_add_drop_column.sql"
        },
        {
            "query": "\nDROP TABLE data;",
            "name": "02842_vertical_merge_after_add_drop_column.sql"
        }
    ]
}