{
    "name": "03043_group_array_result_is_expected.sql",
    "tests": [
        {
            "query": "-- https://github.com/ClickHouse/ClickHouse/issues/27115\nSET allow_experimental_analyzer=1;",
            "name": "03043_group_array_result_is_expected.sql"
        },
        {
            "query": "\ndrop table if exists fill_ex;",
            "name": "03043_group_array_result_is_expected.sql"
        },
        {
            "query": "\n\ncreate table fill_ex (\n  eventDate Date ,\n  storeId String\n)\nengine = ReplacingMergeTree()\npartition by toYYYYMM(eventDate)\norder by (storeId,eventDate);",
            "name": "03043_group_array_result_is_expected.sql"
        },
        {
            "query": "\n\ninsert into fill_ex (eventDate,storeId) values ('2021-07-16','s') ('2021-07-17','ee');",
            "name": "03043_group_array_result_is_expected.sql"
        },
        {
            "query": "\n\nselect\n  groupArray(key) as keys,\n  count() as c\nfrom\n  (\n  select\n    *,\n    eventDate as key\n  from\n    (\n    select\n      eventDate\n    from\n      (\n      select\n        eventDate\n      from\n        fill_ex final\n      where\n        eventDate >= toDate('2021-07-01')\n        and eventDate<toDate('2021-07-30')\n      order by\n        eventDate )\n    order by\n      eventDate with fill\n    from\n      toDate('2021-07-01') to toDate('2021-07-30') )\n  order by\n    eventDate );",
            "name": "03043_group_array_result_is_expected.sql"
        },
        {
            "query": "\n\ndrop table if exists fill_ex;",
            "name": "03043_group_array_result_is_expected.sql"
        }
    ]
}