{
    "name": "02478_projection_and_alter_low_cardinality.sql",
    "tests": [
        {
            "query": "DROP TABLE IF EXISTS testing;",
            "name": "02478_projection_and_alter_low_cardinality.sql"
        },
        {
            "query": "\n\nCREATE TABLE testing\n(\n    a String,\n    b String,\n    c String,\n    d String,\n    PROJECTION proj_1\n    (\n        SELECT b, c\n        ORDER BY d\n    )\n)\nENGINE = MergeTree()\nPRIMARY KEY (a)\nORDER BY (a, b)\nSETTINGS index_granularity = 8192, index_granularity_bytes = 0, min_bytes_for_wide_part = 0;",
            "name": "02478_projection_and_alter_low_cardinality.sql"
        },
        {
            "query": "\n\nINSERT INTO testing SELECT randomString(5), randomString(5), randomString(5), randomString(5) FROM numbers(10);",
            "name": "02478_projection_and_alter_low_cardinality.sql"
        },
        {
            "query": "\n\nOPTIMIZE TABLE testing FINAL;",
            "name": "02478_projection_and_alter_low_cardinality.sql"
        },
        {
            "query": "\n\nALTER TABLE testing MODIFY COLUMN c LowCardinality(String) SETTINGS mutations_sync=2;",
            "name": "02478_projection_and_alter_low_cardinality.sql"
        },
        {
            "query": "\n\nSELECT * FROM system.mutations WHERE database = currentDatabase() AND table = 'testing' AND not is_done;",
            "name": "02478_projection_and_alter_low_cardinality.sql"
        },
        {
            "query": "\n\nDROP TABLE testing;",
            "name": "02478_projection_and_alter_low_cardinality.sql"
        }
    ]
}