{
    "name": "02228_merge_tree_insert_memory_usage.sql",
    "tests": [
        {
            "query": "-- Tags: long, no-parallel\nSET insert_keeper_fault_injection_probability=0;",
            "name": "02228_merge_tree_insert_memory_usage.sql"
        },
        {
            "query": " -- to succeed this test can require too many retries due to 1024 partitions, so disable fault injections\n\n-- regression for MEMORY_LIMIT_EXCEEDED error because of deferred final part flush\n\ndrop table if exists data_02228;",
            "name": "02228_merge_tree_insert_memory_usage.sql"
        },
        {
            "query": "\ncreate table data_02228 (key1 UInt32, sign Int8, s UInt64) engine = CollapsingMergeTree(sign) order by (key1) partition by key1 % 1024;",
            "name": "02228_merge_tree_insert_memory_usage.sql"
        },
        {
            "query": "\ninsert into data_02228 select number, 1, number from numbers_mt(100e3) settings max_memory_usage='300Mi', max_partitions_per_insert_block=1024, max_insert_delayed_streams_for_parallel_write=0;",
            "name": "02228_merge_tree_insert_memory_usage.sql"
        },
        {
            "query": "\ninsert into data_02228 select number, 1, number from numbers_mt(100e3) settings max_memory_usage='300Mi', max_partitions_per_insert_block=1024, max_insert_delayed_streams_for_parallel_write=10000000;",
            "name": "02228_merge_tree_insert_memory_usage.sql"
        },
        {
            "query": " -- { serverError MEMORY_LIMIT_EXCEEDED }\ndrop table data_02228;",
            "name": "02228_merge_tree_insert_memory_usage.sql"
        },
        {
            "query": "\n\ndrop table if exists data_rep_02228 SYNC;",
            "name": "02228_merge_tree_insert_memory_usage.sql"
        },
        {
            "query": "\ncreate table data_rep_02228 (key1 UInt32, sign Int8, s UInt64) engine = ReplicatedCollapsingMergeTree('/clickhouse/{database}', 'r1', sign) order by (key1) partition by key1 % 1024;",
            "name": "02228_merge_tree_insert_memory_usage.sql"
        },
        {
            "query": "\ninsert into data_rep_02228 select number, 1, number from numbers_mt(100e3) settings max_memory_usage='300Mi', max_partitions_per_insert_block=1024, max_insert_delayed_streams_for_parallel_write=0;",
            "name": "02228_merge_tree_insert_memory_usage.sql"
        },
        {
            "query": "\ninsert into data_rep_02228 select number, 1, number from numbers_mt(100e3) settings max_memory_usage='300Mi', max_partitions_per_insert_block=1024, max_insert_delayed_streams_for_parallel_write=10000000;",
            "name": "02228_merge_tree_insert_memory_usage.sql"
        },
        {
            "query": " -- { serverError MEMORY_LIMIT_EXCEEDED }\ndrop table data_rep_02228 SYNC;",
            "name": "02228_merge_tree_insert_memory_usage.sql"
        }
    ]
}