{
    "name": "02354_read_in_order_prewhere.sql",
    "tests": [
        {
            "query": "drop table if exists order;",
            "name": "02354_read_in_order_prewhere.sql"
        },
        {
            "query": "\n\nCREATE TABLE order\n(\n    ID Int64,\n    Type Int64,\n    Num UInt64,\n    t DateTime\n)\nENGINE = MergeTree()\nPARTITION BY toYYYYMMDD(t)\nORDER BY (ID, Type, Num);",
            "name": "02354_read_in_order_prewhere.sql"
        },
        {
            "query": "\n\nsystem stop merges order;",
            "name": "02354_read_in_order_prewhere.sql"
        },
        {
            "query": "\n\ninsert into order select number%2000, 1, number, (1656700561 - intDiv(intHash32(number), 1000)) from numbers(100000);",
            "name": "02354_read_in_order_prewhere.sql"
        },
        {
            "query": "\ninsert into order select number%2000, 1, number, (1656700561 - intDiv(intHash32(number), 1000)) from numbers(100000);",
            "name": "02354_read_in_order_prewhere.sql"
        },
        {
            "query": "\ninsert into order select number%2000, 1, number, (1656700561 - intDiv(intHash32(number), 1000)) from numbers(100000);",
            "name": "02354_read_in_order_prewhere.sql"
        },
        {
            "query": "\n\nSELECT Num\nFROM order\nWHERE Type = 1 AND ID = 1\nORDER BY Num ASC limit 5;",
            "name": "02354_read_in_order_prewhere.sql"
        },
        {
            "query": "\n\nSELECT Num\nFROM order\nPREWHERE Type = 1\nWHERE ID = 1\nORDER BY Num ASC limit 5;",
            "name": "02354_read_in_order_prewhere.sql"
        }
    ]
}