{
    "name": "01506_buffer_table_alter_block_structure.sql",
    "tests": [
        {
            "query": "DROP TABLE IF EXISTS buf_dest;",
            "name": "01506_buffer_table_alter_block_structure.sql"
        },
        {
            "query": "\nDROP TABLE IF EXISTS buf;",
            "name": "01506_buffer_table_alter_block_structure.sql"
        },
        {
            "query": "\n\nCREATE TABLE buf_dest (timestamp DateTime)\nENGINE = MergeTree PARTITION BY toYYYYMMDD(timestamp)\nORDER BY (timestamp);",
            "name": "01506_buffer_table_alter_block_structure.sql"
        },
        {
            "query": "\n\nCREATE TABLE buf (timestamp DateTime) Engine = Buffer(currentDatabase(), buf_dest, 16, 3, 20, 2000000, 20000000, 100000000, 300000000);",
            "name": "01506_buffer_table_alter_block_structure.sql"
        },
        {
            "query": "\n\nINSERT INTO buf (timestamp) VALUES (toDateTime('2020-01-01 00:05:00'));",
            "name": "01506_buffer_table_alter_block_structure.sql"
        },
        {
            "query": "\n\nALTER TABLE buf_dest ADD COLUMN s String;",
            "name": "01506_buffer_table_alter_block_structure.sql"
        },
        {
            "query": "\nALTER TABLE buf ADD COLUMN s String;",
            "name": "01506_buffer_table_alter_block_structure.sql"
        },
        {
            "query": "\n\nSELECT * FROM buf;",
            "name": "01506_buffer_table_alter_block_structure.sql"
        },
        {
            "query": "\n\nINSERT INTO buf (timestamp, s) VALUES (toDateTime('2020-01-01 00:06:00'), 'hello');",
            "name": "01506_buffer_table_alter_block_structure.sql"
        },
        {
            "query": "\n\nSELECT * FROM buf ORDER BY timestamp;",
            "name": "01506_buffer_table_alter_block_structure.sql"
        },
        {
            "query": "\n\nDROP TABLE IF EXISTS buf;",
            "name": "01506_buffer_table_alter_block_structure.sql"
        },
        {
            "query": "\nDROP TABLE IF EXISTS buf_dest;",
            "name": "01506_buffer_table_alter_block_structure.sql"
        }
    ]
}