{
    "name": "00166_functions_of_aggregation_states.sql",
    "tests": [
        {
            "query": "-- Disable external aggregation because the state is reset for each new block of data in 'runningAccumulate' function.\nSET max_bytes_before_external_group_by = 0;",
            "name": "00166_functions_of_aggregation_states.sql"
        },
        {
            "query": "\nSET allow_deprecated_functions = 1;",
            "name": "00166_functions_of_aggregation_states.sql"
        },
        {
            "query": "\n\nSELECT k, finalizeAggregation(sum_state), runningAccumulate(sum_state) FROM (SELECT intDiv(number, 50000) AS k, sumState(number) AS sum_state FROM (SELECT number FROM system.numbers LIMIT 1000000) GROUP BY k ORDER BY k);",
            "name": "00166_functions_of_aggregation_states.sql"
        }
    ]
}