{
    "name": "00338_replicate_array_of_strings.sql",
    "tests": [
        {
            "query": "-- Tags: replica\n\nDROP TABLE IF EXISTS bad_arrays;",
            "name": "00338_replicate_array_of_strings.sql"
        },
        {
            "query": "\nCREATE TABLE bad_arrays (a Array(String), b Array(UInt8)) ENGINE = Memory;",
            "name": "00338_replicate_array_of_strings.sql"
        },
        {
            "query": "\n\nINSERT INTO bad_arrays VALUES ([''],[]),([''],[1]);",
            "name": "00338_replicate_array_of_strings.sql"
        },
        {
            "query": "\n\nSELECT a FROM bad_arrays ARRAY JOIN b;",
            "name": "00338_replicate_array_of_strings.sql"
        },
        {
            "query": "\n\nDROP TABLE bad_arrays;",
            "name": "00338_replicate_array_of_strings.sql"
        },
        {
            "query": "\n\n\nDROP TABLE IF EXISTS bad_arrays;",
            "name": "00338_replicate_array_of_strings.sql"
        },
        {
            "query": "\nCREATE TABLE bad_arrays (a Array(String), b Array(String)) ENGINE = Memory;",
            "name": "00338_replicate_array_of_strings.sql"
        },
        {
            "query": "\n\nINSERT INTO bad_arrays VALUES ([''],[]),([''],[]),([''],[]),([''],[]),([''],[]),([''],[]),([''],[]),([''],[]),([''],[]),(['abc'],['223750']),(['\u043d\u043e\u0443\u0442\u0431\u0443\u043a acer aspire e5-532-p3p2'],[]),([''],[]),([''],[]),([''],[]),([''],[]),(['\u043b\u0443\u0447\u0448\u0438\u0435 \u043c\u043e\u043d\u043e\u0431\u043b\u043e\u043a\u0438 2016'],[]),(['\u043b\u0443\u0447\u0448\u0438\u0435 \u043c\u043e\u043d\u043e\u0431\u043b\u043e\u043a\u0438 2016'],[]),([''],[]),([''],[]);",
            "name": "00338_replicate_array_of_strings.sql"
        },
        {
            "query": "\n\nSELECT a FROM bad_arrays ARRAY JOIN b;",
            "name": "00338_replicate_array_of_strings.sql"
        },
        {
            "query": "\n\nDROP TABLE bad_arrays;",
            "name": "00338_replicate_array_of_strings.sql"
        },
        {
            "query": "\n\n\nDROP TABLE IF EXISTS bad_arrays;",
            "name": "00338_replicate_array_of_strings.sql"
        },
        {
            "query": "\nCREATE TABLE bad_arrays (a Array(String), b Array(UInt8)) ENGINE = Memory;",
            "name": "00338_replicate_array_of_strings.sql"
        },
        {
            "query": "\n\nINSERT INTO bad_arrays VALUES (['abc','def'],[1,2,3]),([],[1,2]),(['a','b'],[]),(['Hello'],[1,2]),([],[]),(['x','y','z'],[4,5,6]);",
            "name": "00338_replicate_array_of_strings.sql"
        },
        {
            "query": "\n\nSELECT a, b FROM bad_arrays ARRAY JOIN b;",
            "name": "00338_replicate_array_of_strings.sql"
        },
        {
            "query": "\n\nDROP TABLE bad_arrays;",
            "name": "00338_replicate_array_of_strings.sql"
        }
    ]
}