{
    "name": "00346_if_tuple.sql",
    "tests": [
        {
            "query": "SELECT number % 3 = 2 ? (number, toString(number)) : (number * 10, concat('! ', toString(number))) FROM system.numbers LIMIT 10;",
            "name": "00346_if_tuple.sql"
        },
        {
            "query": "\n\nSELECT 0 ? (number, toString(number)) : (number * 10, concat('! ', toString(number))) FROM system.numbers LIMIT 10;",
            "name": "00346_if_tuple.sql"
        },
        {
            "query": "\nSELECT 1 ? (number, toString(number)) : (number * 10, concat('! ', toString(number))) FROM system.numbers LIMIT 10;",
            "name": "00346_if_tuple.sql"
        },
        {
            "query": "\n\nSELECT number % 3 = 2 ? (1, 'Hello') : (2, 'World') FROM system.numbers LIMIT 10;",
            "name": "00346_if_tuple.sql"
        },
        {
            "query": "\nSELECT number % 3 = 2 ? (number, 'Hello') : (0, 'World') FROM system.numbers LIMIT 10;",
            "name": "00346_if_tuple.sql"
        },
        {
            "query": "\nSELECT number % 3 = 2 ? (number, 'Hello') : (0, toString(exp2(number))) FROM system.numbers LIMIT 10;",
            "name": "00346_if_tuple.sql"
        }
    ]
}