{
    "name": "02676_trailing_commas.sql",
    "tests": [
        {
            "query": "SELECT 1,;",
            "name": "02676_trailing_commas.sql"
        },
        {
            "query": "\nSELECT 1, FROM numbers(1);",
            "name": "02676_trailing_commas.sql"
        },
        {
            "query": "\nWITH 1 as a SELECT a, FROM numbers(1);",
            "name": "02676_trailing_commas.sql"
        },
        {
            "query": "\nWITH 1 as from SELECT from, from + from, from in [0], FROM numbers(1);",
            "name": "02676_trailing_commas.sql"
        },
        {
            "query": "\nSELECT n, FROM (SELECT 1 AS n);",
            "name": "02676_trailing_commas.sql"
        },
        {
            "query": "\nSELECT (1, 'foo')::Tuple(a Int, b String,);",
            "name": "02676_trailing_commas.sql"
        },
        {
            "query": "\nSELECT (1, 'foo')::Tuple(a Int, b String,,);",
            "name": "02676_trailing_commas.sql"
        },
        {
            "query": " -- { clientError SYNTAX_ERROR }\nSELECT (1, 'foo')::Tuple(Int, String,);",
            "name": "02676_trailing_commas.sql"
        },
        {
            "query": "\nSELECT (1, (2,'foo'))::Tuple(Int, Tuple(Int, String,),);",
            "name": "02676_trailing_commas.sql"
        }
    ]
}