{
    "name": "02586_generate_random_structure.sql",
    "tests": [
        {
            "query": "select generateRandomStructure(5, 42);",
            "name": "02586_generate_random_structure.sql"
        },
        {
            "query": "\nselect toTypeName(generateRandomStructure(5, 42));",
            "name": "02586_generate_random_structure.sql"
        },
        {
            "query": "\nselect toColumnTypeName(generateRandomStructure(5, 42));",
            "name": "02586_generate_random_structure.sql"
        },
        {
            "query": "\nSELECT * FROM generateRandom(generateRandomStructure(5, 42), 42) LIMIT 1;",
            "name": "02586_generate_random_structure.sql"
        },
        {
            "query": "\n\nselect generateRandomStructure(5, 42, 42);",
            "name": "02586_generate_random_structure.sql"
        },
        {
            "query": " -- {serverError NUMBER_OF_ARGUMENTS_DOESNT_MATCH}\nselect generateRandomStructure('5');",
            "name": "02586_generate_random_structure.sql"
        },
        {
            "query": " -- {serverError ILLEGAL_TYPE_OF_ARGUMENT}\nselect generateRandomStructure(5, '42');",
            "name": "02586_generate_random_structure.sql"
        },
        {
            "query": " -- {serverError ILLEGAL_TYPE_OF_ARGUMENT}\nselect generateRandomStructure(materialize(5), 42);",
            "name": "02586_generate_random_structure.sql"
        },
        {
            "query": " -- {serverError ILLEGAL_COLUMN}\nselect generateRandomStructure(5, materialize(42));",
            "name": "02586_generate_random_structure.sql"
        },
        {
            "query": " -- {serverError ILLEGAL_COLUMN}\n\ndesc generateRandom(10000000);",
            "name": "02586_generate_random_structure.sql"
        },
        {
            "query": "\nselect * from generateRandom(10000000) limit 1;",
            "name": "02586_generate_random_structure.sql"
        },
        {
            "query": "\nselect * from generateRandom(10000000, 2) limit 1;",
            "name": "02586_generate_random_structure.sql"
        },
        {
            "query": "\nselect * from generateRandom(10000000, 2, 2) limit 1;",
            "name": "02586_generate_random_structure.sql"
        },
        {
            "query": "\nselect * from generateRandom(10000000, 2, 2, 2) limit 1;",
            "name": "02586_generate_random_structure.sql"
        },
        {
            "query": " -- {serverError NUMBER_OF_ARGUMENTS_DOESNT_MATCH}\n\nset allow_suspicious_low_cardinality_types=1;",
            "name": "02586_generate_random_structure.sql"
        },
        {
            "query": "\nselect generateRandomStructure(5, 4);",
            "name": "02586_generate_random_structure.sql"
        }
    ]
}