{
    "name": "01280_unicode_whitespaces_lexer.sql",
    "tests": [
        {
            "query": "SELECT\ufeff1;",
            "name": "01280_unicode_whitespaces_lexer.sql"
        },
        {
            "query": "\nSELECT\u00a02;",
            "name": "01280_unicode_whitespaces_lexer.sql"
        },
        {
            "query": "\n\u0085\u00a0\u2000\u200a\u2028SELECT\u2029\u202f\u205f1\u3000\u180e\u200b+\u200c\u200d2\u2060\ufeff;",
            "name": "01280_unicode_whitespaces_lexer.sql"
        }
    ]
}